,pct_above_50dma,pct_above_200dma,nh_nl
2015-01-02,,,
2015-01-05,,,
2015-01-06,,,
2015-01-07,,,
2015-01-08,,,
2015-01-09,,,
2015-01-12,,,
2015-01-13,,,
2015-01-14,,,
2015-01-15,,,
2015-01-16,,,
2015-01-20,,,
2015-01-21,,,
2015-01-22,,,
2015-01-23,,,
2015-01-26,,,
2015-01-27,,,
2015-01-28,,,
2015-01-29,,,
2015-01-30,,,
2015-02-02,59.42753258643586,,-1.431168533910343
2015-02-03,62.54480963802308,,6.362024095057706
2015-02-04,62.390823307969384,,5.977058269923452
2015-02-05,63.25648099590623,,8.141202489765575
2015-02-06,62.737076422499115,,6.842691056247796
2015-02-09,63.18672580161028,,7.966814504025699
2015-02-10,63.693509774708744,,9.233774436771869
2015-02-11,62.95357960085347,,7.383949002133683
2015-02-12,63.043270650882945,,7.608176627207364
2015-02-13,63.00128749973956,,7.503218749348894
2015-02-17,63.14939873179733,,7.873496829493343
2015-02-18,64.15790236038856,,10.394755900971386
2015-02-19,63.50492603669706,,8.762315091742634
2015-02-20,63.65546565849142,,9.138664146228548
2015-02-23,63.18382771358587,,7.959569283964685
2015-02-24,61.74375447832409,,4.359386195810222
2015-02-25,59.93993539642854,,-0.15016150892865898
2015-02-26,59.759752727022914,,-0.6006181824427248
2015-02-27,60.399425962154695,,0.9985649053867451
2015-03-02,59.826409257042094,,-0.4339768573947689
2015-03-03,60.589493314794964,,1.473733286987411
2015-03-04,58.009876870383735,,-4.975307824040653
2015-03-05,59.02696677269138,,-2.4325830682715432
2015-03-06,57.980192002027835,,-5.049519994930418
2015-03-09,57.897646310973755,,-5.255884222565621
2015-03-10,57.92007408640142,,-5.199814783996448
2015-03-11,59.212254743359594,,-1.9693631416010104
2015-03-12,59.86966199649303,,-0.3258450087674225
2015-03-13,59.13780317128386,,-2.1554920717903325
2015-03-16,59.354179506746256,,-1.6145512331343648
2015-03-17,58.672849636335954,,-3.317875909160106
2015-03-18,59.1782906939914,,-2.0542732650215
2015-03-19,58.573995526163884,,-3.5650111845902943
2015-03-20,59.1602373808449,,-2.099406547887761
2015-03-23,60.12350486224966,,0.30876215562414266
2015-03-24,60.39133544160555,,0.978338604013862
2015-03-25,60.62649050924399,,1.566226273109983
2015-03-26,61.71488620907816,,4.287215522695398
2015-03-27,61.90545843348264,,4.7636460837066075
2015-03-30,62.31524009619708,,5.7881002404926996
2015-03-31,62.93619713668338,56.84531134951593,7.340492841708457
2015-04-01,63.53180712037053,57.549136399677465,8.829517800926334
2015-04-02,63.57781885466402,58.126514080533326,8.944547136660042
2015-04-06,64.37201386364742,58.50348771535669,10.93003465911857
2015-04-07,64.6309778071782,58.28656043799763,11.577444517945512
2015-04-08,64.18008818338187,58.30106926632856,10.450220458454673
2015-04-09,63.028317916533126,58.717970281593544,7.570794791332824
2015-04-10,61.88489542116565,57.950296163836796,4.712238552914139
2015-04-13,62.02441597725418,57.631209597661446,5.061039943135448
2015-04-14,62.19393014231386,57.848402602207365,5.4848253557846505
2015-04-15,63.173178093618475,58.12459378140084,7.932945234046196
2015-04-16,61.64447937432204,58.116132248151715,4.111198435805097
2015-04-17,62.256112519836684,57.70887138044257,5.6402812995917095
2015-04-20,61.3605597278433,57.611337303534356,3.401399319608256
2015-04-21,60.81231104616366,57.57959070050978,2.0307776154091517
2015-04-22,60.3527808413228,56.55716330950928,0.8819521033069933
2015-04-23,60.081465663919374,55.40494552270509,0.20366415979844454
2015-04-24,58.76285163202398,55.144939308772464,-3.0928709199400384
2015-04-27,57.42453224601873,54.82279170373256,-6.438669384953188
2015-04-28,57.441182821267525,54.73008351155796,-6.3970429468311885
2015-04-29,56.683405998100724,55.11509658303088,-8.29148500474819
2015-04-30,57.34053241336298,54.28406953704846,-6.6486689665925525
2015-05-01,56.75027380209609,54.57829043521512,-8.12431549475978
2015-05-04,56.614869841894624,54.328299786738484,-8.46282539526344
2015-05-05,56.70329880686319,54.49183959360003,-8.241752982842021
2015-05-06,57.00027918946574,54.41444939138177,-7.499302026335641
2015-05-07,56.549844208651336,54.228236649754606,-8.625389478371659
2015-05-08,57.30274462088629,54.40303798295266,-6.7431384477842915
2015-05-11,57.791677456110726,54.339462934908305,-5.520806359723185
2015-05-12,57.511994470337,54.4043466724834,-6.220013824157489
2015-05-13,56.756417384045434,54.110645573137916,-8.108956539886414
2015-05-14,56.53178599640437,53.34004580556926,-8.670535008989066
2015-05-15,56.87372468353219,53.55585291220619,-7.81568829116952
2015-05-18,57.63661431667767,53.844684264397515,-5.908464208305819
2015-05-19,56.91468876586171,53.652209588920066,-7.713278085345721
2015-05-20,57.78981639567363,54.08135270415324,-5.525459010815914
2015-05-21,57.43474747112968,53.83643137735778,-6.413131322175802
2015-05-22,59.120463153943604,54.74491141610003,-2.1988421151409865
2015-05-26,59.35339185043617,54.17013551827749,-1.6165203739095801
2015-05-27,58.98260906234007,54.20304905807708,-2.543477344149836
2015-05-28,58.71430930862193,53.94429246399638,-3.2142267284451798
2015-05-29,57.78579227676252,54.1437194536342,-5.535519308093706
2015-06-01,57.85959112201543,53.84813522403268,-5.351022194961419
2015-06-02,58.03378169237047,54.36187288069578,-4.915545769073826
2015-06-03,58.02529454611544,54.57187825002747,-4.936763634711405
2015-06-04,57.53339041420141,54.17207786636678,-6.166523964496462
2015-06-05,58.822232994282366,53.984746046391095,-2.9444175142940843
2015-06-08,59.07670508313724,53.908462169941224,-2.3082372921569005
2015-06-09,58.58054698944612,53.9913476825002,-3.5486325263847096
2015-06-10,58.306704545721104,53.750178463619434,-4.233238635697245
2015-06-11,57.92715795236968,53.64470028250471,-5.182105119075797
2015-06-12,59.388953966029845,53.4711053542652,-1.5276150849253822
2015-06-15,58.80080268887204,53.697292766301814,-2.9979932778199103
2015-06-16,58.48530651733305,53.42391851194445,-3.786733706667378
2015-06-17,59.50400921290483,53.26723105062262,-1.2399769677379213
2015-06-18,58.689992062555554,53.02295589893608,-3.2750198436111155
2015-06-19,58.61054196220835,52.58428891007592,-3.4736450944791164
2015-06-22,58.674202006804414,52.854527383017555,-3.314494982988969
2015-06-23,58.3869432582467,51.988754587414235,-4.032641854383234
2015-06-24,58.746004448545,51.99218474682455,-3.1349888786375013
2015-06-25,58.66747579078825,51.30696719331752,-3.331310523029374
2015-06-26,59.07666703280662,51.39308083601571,-2.3083324179834497
2015-06-29,59.03505121340168,51.04704159730065,-2.4123719664957965
2015-06-30,58.75738314923437,50.89952933940506,-3.1065421269140803
2015-07-01,58.39210404210452,50.723810432401656,-4.019739894738694
2015-07-02,58.82899059163481,50.87319168967722,-2.927523520912967
2015-07-06,57.540080114129154,50.59419646283365,-6.149799714677107
2015-07-07,58.41075856556416,51.75674641264844,-3.973103586089599
2015-07-08,58.20562042679049,51.626200161988194,-4.485948933023787
2015-07-09,58.68794929062212,51.58178829860686,-3.2801267734446915
2015-07-10,58.45404155920199,50.7343174670096,-3.86489610199503
2015-07-13,57.509266904235844,50.91292052643524,-6.226832739410382
2015-07-14,57.11498004829666,50.5187562876004,-7.212549879258345
2015-07-15,55.93753177249358,50.067311037155925,-10.156170568766054
2015-07-16,54.93081790458135,49.62417424707131,-12.672955238546614
2015-07-17,53.1349364299209,48.55142181249234,-17.16265892519775
2015-07-20,52.33393445161355,47.789847850867545,-19.16516387096612
2015-07-21,52.090859399544996,48.707492435513814,-19.772851501137502
2015-07-22,53.45832121900188,49.5238601420272,-16.354196952495293
2015-07-23,53.97957956795287,49.84095083544754,-15.051051080117839
2015-07-24,54.04123830778288,49.666403709244086,-14.896904230542795
2015-07-27,53.43787488731796,48.973021131938694,-16.405312781705096
2015-07-28,53.76142751614815,49.19349079971911,-15.596431209629614
2015-07-29,54.187378262240394,49.394494903479114,-14.531554344399012
2015-07-30,54.97543457695308,49.65354612212156,-12.561413557617307
2015-07-31,55.41051419732427,49.888606506381166,-11.473714506689326
2015-08-03,55.87279440998637,50.17488095005044,-10.318013975034068
2015-08-04,55.42900896135915,50.59300686832822,-11.42747759660212
2015-08-05,55.897616363183104,50.451904376790566,-10.255959092042243
2015-08-06,56.252672611170055,50.80061479844451,-9.368318472074865
2015-08-07,57.00574642486019,50.8887414384561,-7.485633937849512
2015-08-10,57.9882857128799,51.81618253889764,-5.029285717800258
2015-08-11,58.83223066567002,51.73035061347756,-2.9194233358249555
2015-08-12,60.29706135194792,51.70697040859199,0.7426533798697843
2015-08-13,60.88272121465014,52.069729144998114,2.206803036625349
2015-08-14,63.39105961264883,51.98084783896196,8.47764903162207
2015-08-17,64.19844002212653,51.921735904983564,10.496100055316315
2015-08-18,64.4229937000849,51.94527787189813,11.057484250212246
2015-08-19,63.691342681607246,52.17998502788149,9.228356704018115
2015-08-20,63.39323926804855,52.547592350192026,8.483098170121384
2015-08-21,64.87290856438554,53.44555659293901,12.18227141096384
2015-08-24,65.88753432337157,53.94204345983425,14.71883580842892
2015-08-25,64.6750954685626,53.3766293618698,11.687738671406489
2015-08-26,61.88931494493172,51.76180930035493,4.723287362329298
2015-08-27,62.17265651381808,52.2027982082422,5.431641284545208
2015-08-28,62.38374750413941,52.87652454661335,5.959368760348527
2015-08-31,62.892197457417645,52.6768805131852,7.230493643544111
2015-09-01,63.120067024604545,53.08130399119599,7.800167561511362
2015-09-02,61.84054259148283,52.45945877156403,4.601356478707075
2015-09-03,62.662705336793536,53.48876355488908,6.65676334198384
2015-09-04,62.556057671820696,53.749049672047114,6.390144179551749
2015-09-08,61.99516443017451,53.426780206322945,4.98791107543628
2015-09-09,61.95814050294851,53.683734509948906,4.895351257371283
2015-09-10,60.998027487666505,53.262625706125895,2.4950687191662713
2015-09-11,60.86642647380613,52.912304077591486,2.166066184515314
2015-09-14,60.52293476680782,53.11632089358887,1.3073369170195637
2015-09-15,60.49191441582135,53.08716356739094,1.229786039553371
2015-09-16,60.78417093153335,53.25222690395357,1.9604273288333918
2015-09-17,60.86474720090371,53.71734349761165,2.1618680022592596
2015-09-18,60.29105024467766,53.506780311040345,0.7276256116941493
2015-09-21,58.75294791953553,53.49882196292608,-3.117630201161181
2015-09-22,57.01047135211418,52.65316085298122,-7.473821619714549
2015-09-23,57.07247250220421,52.15503571072986,-7.318818744489475
2015-09-24,59.16315184925182,52.012909901384525,-2.0921203768704544
2015-09-25,59.151597063901335,52.67406457698521,-2.1210073402466723
2015-09-28,57.22401891994035,51.879017320809055,-6.939952700149132
2015-09-29,57.010549991651374,52.34697071180015,-7.473625020871566
2015-09-30,57.51550052394209,52.52384720169102,-6.211248690144777
2015-10-01,56.80049079511832,51.586260101528175,-7.998773012204197
2015-10-02,56.05753013404201,51.84931193611634,-9.856174664894969
2015-10-05,57.15025652499429,52.9351156811489,-7.124358687514265
2015-10-06,57.30425728720253,53.29865771129897,-6.739356781993666
2015-10-07,57.864006412114165,54.15279431065926,-5.339983969714579
2015-10-08,59.77065657437629,55.66608976702093,-0.5733585640592676
2015-10-09,59.709887909476706,55.91229851344726,-0.7252802263082447
2015-10-12,58.920175904602516,56.76751594377039,-2.6995602384937145
2015-10-13,58.41387400773516,56.931732763903845,-3.9653149806621046
2015-10-14,58.31753872108271,57.19464731680324,-4.206153197293228
2015-10-15,57.243236282173086,56.10990700207508,-6.891909294567289
2015-10-16,56.501377955460924,55.09743127462697,-8.746555111347698
2015-10-19,56.10863554877205,54.80260879783073,-9.72841112806988
2015-10-20,58.0172358741453,55.53568258121961,-4.956910314636742
2015-10-21,58.3792324976672,55.05352620613452,-4.051918755831996
2015-10-22,57.8705211237298,54.32090829496517,-5.3236971906754915
2015-10-23,54.745588128392114,52.52993661569908,-13.136029679019723
2015-10-26,55.31303108422043,51.818152638904195,-11.717422289448942
2015-10-27,54.05802738034264,51.21307837651341,-14.854931549143412
2015-10-28,53.175157430774604,51.11302000078067,-17.062106423063494
2015-10-29,54.785992540374366,50.89388118895927,-13.035018649064089
2015-10-30,55.63737271581112,51.46600510615141,-10.906568210472201
2015-11-02,55.07704135482173,51.73061494290754,-12.307396612945665
2015-11-03,54.36450448698821,51.03783736424625,-14.088738782529475
2015-11-04,53.41420025294913,50.76811946946986,-16.464499367627173
2015-11-05,52.061083539687075,50.508719021817676,-19.84729115078232
2015-11-06,51.90994693319357,50.29624349321322,-20.225132667016087
2015-11-09,52.78852834071331,50.15018296763905,-18.02867914821671
2015-11-10,53.906165923184524,50.51668957945819,-15.234585192038686
2015-11-11,52.59766527135249,49.82047577130217,-18.50583682161877
2015-11-12,52.99877136608408,49.45875969032371,-17.503071584789808
2015-11-13,54.41530680273167,49.531255074433325,-13.961732993170827
2015-11-16,55.317311264247316,48.90689909806343,-11.706721839381707
2015-11-17,53.6755214269668,47.997769420639806,-15.811196432582996
2015-11-18,54.34199999791648,48.66858434044361,-14.145000005208797
2015-11-19,54.8464328613452,49.951700921699405,-12.883917846637004
2015-11-20,57.56946519636638,49.69675629728624,-6.076337009084054
2015-11-23,58.518219178815954,49.447076356257206,-3.7044520529601055
2015-11-24,60.470220913598496,49.73297450661294,1.1755522839962396
2015-11-25,60.60970018302928,49.58038986095637,1.5242504575732063
2015-11-27,60.32770270333637,49.9681456488996,0.819256758340936
2015-11-30,59.75840261726865,49.68830908560357,-0.6039934568283778
2015-12-01,59.148784623778674,49.642263374472925,-2.128038440553315
2015-12-02,58.45365110347694,48.87028323176693,-3.865872241307633
2015-12-03,58.494367222291324,48.650274451104124,-3.764081944271691
2015-12-04,57.27760042722329,48.23090910951925,-6.805998931941781
2015-12-07,56.992312570281136,47.92561446409047,-7.51921857429716
2015-12-08,56.963061377455475,47.97127250587122,-7.592346556361318
2015-12-09,56.89276722153992,48.31027623466417,-7.768081946150196
2015-12-10,57.24625388118602,47.6593262092018,-6.884365297034956
2015-12-11,57.71307724302814,47.536781431483746,-5.717306892429663
2015-12-14,56.09981075850968,46.97089542801179,-9.750473103725788
2015-12-15,55.92492566608417,47.177070787029045,-10.187685834789573
2015-12-16,56.40573887282837,47.627631466690616,-8.985652817929068
2015-12-17,55.73270742441071,47.8464204221103,-10.66823143897322
2015-12-18,56.80447177920462,48.50426597583452,-7.9888205519884625
2015-12-21,56.69234455287863,48.18913083169935,-8.269138617803428
2015-12-22,56.997021114408355,49.30738452681433,-7.507447213979113
2015-12-23,58.151914119120896,50.43655640869749,-4.620214702197756
2015-12-24,57.781365698656145,49.743969414448785,-5.546585753359645
2015-12-28,57.393716127231976,50.33437833492436,-6.515709681920057
2015-12-29,56.38338051682895,49.88962271585335,-9.041548707927616
2015-12-30,56.09588985774704,48.99277959934226,-9.760275355632398
2015-12-31,58.23812908697298,49.443505330787985,-4.404677282567548
2016-01-04,59.50329864898948,49.65417024711267,-1.2417533775263
2016-01-05,61.20504016999767,49.103625553903555,3.012600424994183
2016-01-06,59.67779743871246,47.90611132552761,-0.8055064032188586
2016-01-07,60.35286524715899,48.8438840549792,0.8821631178974609
2016-01-08,59.52490312272695,48.98877871288899,-1.1877421931826282
2016-01-11,58.312536476719,47.65627878816501,-4.218658808202491
2016-01-12,57.024449700270885,47.40320132602599,-7.438875749322782
2016-01-13,58.38537702012267,48.12063403172715,-4.036557449693334
2016-01-14,57.32939306303044,47.9234303773338,-6.6765173424239155
2016-01-15,58.39669036530654,47.858943420399456,-4.008274086733654
2016-01-18,,,
2016-01-19,56.321672607841926,47.55634146033178,-9.19581848039519
2016-01-20,57.34647901687201,49.79144992931467,-6.633802457819971
2016-01-21,57.98038741577572,50.95583726609296,-5.049031460560682
2016-01-22,55.73051198526552,51.47825289387693,-10.673720036836198
2016-01-25,54.22000075041686,50.394364274430316,-14.449998123957863
2016-01-26,57.00790194575863,51.71515367393468,-7.480245135603414
2016-01-27,58.38112343966454,51.5879356810278,-4.047191400838646
2016-01-28,56.99941374734586,50.18000369585904,-7.50146563163534
2016-01-29,57.55901494018771,51.4235956383874,-6.102462649530738
2016-02-01,56.376951280291934,51.496628891913204,-9.057621799270166
2016-02-02,55.01332456244849,50.94173896893231,-12.466688593878782
2016-02-03,58.7784223501043,52.163198106081225,-3.0539441247392496
2016-02-04,59.89025698852294,53.25265104290986,-0.27435752869264807
2016-02-05,61.24417023594043,53.534000050724984,3.1104255898510846
2016-02-08,59.82278841517132,52.12197395385974,-0.44302896207171205
2016-02-09,59.90980813096968,51.66595622082338,-0.22547967257580126
2016-02-10,60.552985999571746,51.903946778677465,1.3824649989293558
2016-02-11,61.163655046104935,51.51602257146796,2.909137615262347
2016-02-12,60.628923856686384,52.14850646241302,1.572309641715952
2016-02-16,,52.894047091124555,
2016-02-17,64.44246094149365,53.45123443632777,11.106152353734133
2016-02-18,64.36332358866318,53.974564056661826,10.908308971657954
2016-02-19,61.90586239710626,53.046608989981266,4.764655992765654
2016-02-22,63.43855274539422,53.30517835725149,8.596381863485547
2016-02-23,65.34996137854948,53.298021829496925,13.37490344637371
2016-02-24,64.01151939596068,53.98542724054046,10.02879848990168
2016-02-25,62.295098608716195,53.152677344707776,5.737746521790488
2016-02-26,65.75135560306394,54.23568027427873,14.378389007659864
2016-02-29,64.3131891839403,55.04742601004798,10.782972959850756
2016-03-01,64.18105375733751,55.014242127515054,10.452634393343763
2016-03-02,66.40033140970316,56.589327253708696,16.000828524257884
2016-03-03,67.00693200913571,58.39819382248924,17.517330022839282
2016-03-04,66.08071613956662,58.95464749097696,15.201790348916555
2016-03-07,66.85319570174663,59.77121407136533,17.13298925436657
2016-03-08,67.73649164402785,58.64782092628746,19.341229110069634
2016-03-09,69.14464576469287,58.75593877821673,22.861614411732177
2016-03-10,68.81871790939171,59.832121165458226,22.046794773479263
2016-03-11,70.38409613007065,60.51878284595231,25.96024032517663
2016-03-14,69.87776947333705,60.54796165546667,24.694423683342627
2016-03-15,66.9702848726366,59.93346663082173,17.4257121815915
2016-03-16,67.61675244442345,60.2211291058627,19.041881111058643
2016-03-17,67.97531351705328,61.05605256455455,19.938283792633182
2016-03-18,69.3232283202326,60.748112367840285,23.308070800581504
2016-03-21,67.62378634489443,59.21225763778493,19.05946586223606
2016-03-22,67.22645144952105,59.19371305633626,18.066128623802634
2016-03-23,65.1886234832507,58.869294950510415,12.971558708126718
2016-03-24,65.28710614531738,58.72678428675777,13.217765363293443
2016-03-28,63.97587440097382,59.19400819049937,9.939686002434556
2016-03-29,64.2554837312066,58.825627870401746,10.638709328016471
2016-03-30,63.87659667026101,57.751107615443395,9.69149167565253
2016-03-31,63.76274444283071,58.193223099691444,9.40686110707678
2016-04-01,60.52330116751209,58.934248412263756,1.3082529187802283
2016-04-04,58.47978008181606,57.76649892460773,-3.800549795459851
2016-04-05,56.37620602769053,57.76333577548099,-9.059484930773687
2016-04-06,58.45847992051593,58.74075858982431,-3.8538001987101778
2016-04-07,58.092993724307135,59.438892667202374,-4.767515689232171
2016-04-08,58.511451992759106,59.912766577052196,-3.7213700181022435
2016-04-11,57.940004967863814,60.911461599244326,-5.149987580340465
2016-04-12,58.5942323768291,60.674673196015945,-3.514419057927265
2016-04-13,61.22382173876865,,3.0595543469216224
2016-04-14,58.92625140508304,61.89841194811297,-2.684371487292392
2016-04-15,58.10830818733321,61.546986750254334,-4.72922953166699
2016-04-18,57.89280078618554,60.69182789781447,-5.267998034536148
2016-04-19,58.84599066397279,61.21360159421464,-2.885023340068016
2016-04-20,59.30347453148389,62.47154541688167,-1.7413136712902677
2016-04-21,60.220199794007755,60.92341978255839,0.5504994850193956
2016-04-22,63.019905401094114,61.681199445585484,7.549763502735285
2016-04-25,61.67111616121183,62.185243745344735,4.177790403029569
2016-04-26,63.509471981192206,62.624758157451225,8.773679952980507
2016-04-27,65.81793919813202,63.77118558796592,14.544847995330068
2016-04-28,63.69662353178697,63.75899092694221,9.241558829467422
2016-04-29,64.55285975195005,62.61129646566627,11.38214937987514
2016-05-02,65.04806412560725,61.026695514510074,12.620160314018136
2016-05-03,64.5155831791047,59.8241588591586,11.288957947761746
2016-05-04,64.29486381026551,61.57888547028562,10.737159525663786
2016-05-05,64.49788147207144,62.3580116201527,11.244703680178603
2016-05-06,63.62064660626906,61.86503226849683,9.051616515672656
2016-05-09,62.65430893100307,61.862383771840065,6.635772327507672
2016-05-10,62.001531645272706,61.55064851101511,5.003829113181757
2016-05-11,60.722550747618826,60.59551468236336,1.806376869047055
2016-05-12,61.3331430548261,59.923399667089654,3.3328576370652563
2016-05-13,60.62021403414087,59.17218314846768,1.5505350853521893
2016-05-16,60.69859185852188,59.92376442907905,1.7464796463046994
2016-05-17,61.2143589673518,59.801072487519875,3.0358974183795073
2016-05-18,59.757697224018486,58.91943235055808,-0.6057569399537943
2016-05-19,60.51184477468675,58.70653077270605,1.2796119367168846
2016-05-20,58.45805755519588,59.23300581025238,-3.8548561120103075
2016-05-23,59.75524174899037,58.384610717778514,-0.6118956275240617
2016-05-24,57.52256789071745,58.29783483363788,-6.193580273206378
2016-05-25,56.17998693009886,58.648616062240094,-9.55003267475285
2016-05-26,56.8839753792945,57.69983572106813,-7.790061551763761
2016-05-27,57.74492216057187,56.748992467087874,-5.637694598570331
2016-05-31,59.45888006857455,56.851745214944025,-1.3527998285636222
2016-06-01,60.513057242532696,55.85314310461071,1.282643106331749
2016-06-02,61.37955327573547,57.57861521004177,3.4488831893386696
2016-06-03,61.21644925902595,57.37105918278474,3.0411231475648837
2016-06-06,62.09230378671235,57.638756648073226,5.2307594667808655
2016-06-07,63.43211291393839,57.51108702891856,8.580282284845975
2016-06-08,63.301240646511246,57.434268309079556,8.253101616278125
2016-06-09,63.09308074624086,58.160457330387835,7.732701865602154
2016-06-10,61.73894441913865,56.24742021970326,4.34736104784661
2016-06-13,61.616032384592444,55.210295467670875,4.040080961481118
2016-06-14,61.001543625235435,54.74107495028686,2.503859063088587
2016-06-15,60.60254686647312,55.41217417190548,1.5063671661827982
2016-06-16,60.95037006017513,55.006083848523964,2.37592515043783
2016-06-17,62.930050262818455,57.292338115157996,7.325125657046128
2016-06-20,63.219334432242604,57.93591096076573,8.04833608060651
2016-06-21,62.035945616427256,57.1678348382253,5.089864041068148
2016-06-22,62.33230733107064,57.092813658262806,5.830768327676594
2016-06-23,62.541039658042706,57.809839587905316,6.352599145106774
2016-06-24,60.68214866039425,55.771807296308545,1.7053716509856098
2016-06-27,57.077559956747315,54.58317121378318,-7.306100108131708
2016-06-28,56.77087247541807,55.77166189680411,-8.07281881145483
2016-06-29,57.5924098269191,56.62283750365078,-6.018975432702245
2016-06-30,57.82605273678211,57.17772630859203,-5.434868158044726
2016-07-01,58.41329988558121,57.57411727840018,-3.9667502860469828
2016-07-05,55.79452588485449,55.91634483186726,-10.513685287863783
2016-07-06,54.968270945553535,55.62538622234853,-12.579322636116164
2016-07-07,55.338754500991605,55.372537082606314,-11.653113747520983
2016-07-08,57.310006123787794,55.69095453092427,-6.724984690530511
2016-07-11,59.02287650983559,56.3082755988918,-2.4428087254110276
2016-07-12,61.32961295672871,57.23487923436433,3.324032391821774
2016-07-13,61.611292626523394,57.07502054458997,4.028231566308493
2016-07-14,60.45924663154153,56.425043659855405,1.1481165788538306
2016-07-15,61.49890711071849,56.3806561638085,3.747267776796237
2016-07-18,58.96409800901611,56.50051187448036,-2.589754977459724
2016-07-19,57.58772122797463,54.526663839417715,-6.030696930063417
2016-07-20,58.77464951913737,55.34944239618595,-3.063376202156576
2016-07-21,58.54641788384,53.99214227724995,-3.633955290400004
2016-07-22,58.687330257919115,53.367729153109615,-3.281674355202213
2016-07-25,61.13130178131824,54.17825824446485,2.8282544532955978
2016-07-26,65.79513890226329,55.34957778438077,14.487847255658215
2016-07-27,63.4879729479873,54.80578477758658,8.719932369968264
2016-07-28,62.93701310849741,55.6409117216008,7.342532771243526
2016-07-29,61.91917296091919,55.695896163251774,4.7979324022979775
2016-08-01,60.35839252924505,54.98936266383176,0.8959813231126379
2016-08-02,60.78641556233272,54.15440599168887,1.9660389058318017
2016-08-03,61.88227131056165,55.14484442133067,4.705678276404113
2016-08-04,61.49834815989749,55.0591469188031,3.7458703997437226
2016-08-05,60.03823826719875,55.26285047590196,0.0955956679968839
2016-08-08,60.405892411232415,55.72764635278527,1.0147310280810284
2016-08-09,57.739107964826744,55.420903264113036,-5.652230087933141
2016-08-10,57.86169562989491,55.2903607288487,-5.3457609252627325
2016-08-11,59.50648630131638,55.35478794735139,-1.2337842467090576
2016-08-12,59.17731122640014,56.0156905510818,-2.056721933999639
2016-08-15,60.27785249908465,56.35357695144028,0.6946312477116301
2016-08-16,60.71585808972223,55.94056782331992,1.7896452243055805
2016-08-17,59.941874080708224,55.46632216485199,-0.1453147982294345
2016-08-18,61.1595953852992,56.27022996470455,2.8989884632479868
2016-08-19,61.1360636301947,56.47472485233613,2.8401590754867367
2016-08-22,60.50020550779992,56.448659623031425,1.2505137694998059
2016-08-23,59.862522164491274,56.682442737169275,-0.3436945887718146
2016-08-24,60.79782717569188,55.64310934228695,1.9945679392296967
2016-08-25,60.72098243995589,55.7710312273439,1.8024560998897154
2016-08-26,60.498933609217374,55.14587378499403,1.2473340230434449
2016-08-29,61.92690633408725,55.432033226623,4.817265835218132
2016-08-30,63.508428548317966,55.03190033929301,8.771071370794914
2016-08-31,61.722431485372326,54.08477017025105,4.306078713430805
2016-09-01,61.79321324940567,54.12412364973033,4.4830331235141685
2016-09-02,61.94297226980655,54.54879846306135,4.857430674516383
2016-09-06,60.871721740998325,55.18640756084226,2.1793043524958033
2016-09-07,62.91354370651318,56.22994456483394,7.283859266282944
2016-09-08,63.23002637066452,56.68129739504952,8.075065926661296
2016-09-09,60.85135001549759,55.510276373727805,2.128375038743968
2016-09-12,60.79320490433324,55.917297026421124,1.9830122608330836
2016-09-13,59.05938879120937,53.93900249758039,-2.351528021976579
2016-09-14,58.837319683937565,53.21345338398343,-2.9067007901560915
2016-09-15,59.31409702506926,53.77062451990201,-1.7147574373268526
2016-09-16,57.8735712454653,53.48559740806511,-5.3160718863367595
2016-09-19,57.99692819456269,53.6359355926181,-5.007679513593266
2016-09-20,57.462177702075394,54.42796220938001,-6.34455574481152
2016-09-21,57.42387194706361,56.901948084390256,-6.440320132340971
2016-09-22,58.766942377080056,56.904041535962854,-3.082644057299855
2016-09-23,58.72508751788982,56.48543810632978,-3.1872812052754496
2016-09-26,59.376730251307464,56.120911943408295,-1.5581743717313357
2016-09-27,58.41942523836846,55.435883460922824,-3.951436904078842
2016-09-28,59.17860272327146,57.169694339631825,-2.053493191821354
2016-09-29,60.12029180307236,57.33386642837635,0.3007295076808969
2016-09-30,60.49447186198934,57.37301730035527,1.2361796549733572
2016-10-03,59.578128635669394,55.97339698533144,-1.054678410826515
2016-10-04,59.70661673774881,55.61511107985523,-0.7334581556279751
2016-10-05,59.130587146945444,54.85336752079695,-2.17353213263638
2016-10-06,58.79358151893274,54.91549747790837,-3.0160462026681545
2016-10-07,59.25631163353516,54.7577713901496,-1.8592209161620854
2016-10-10,59.05286246697824,54.38863804493106,-2.367843832554395
2016-10-11,59.1144057442976,54.032789025930626,-2.213985639256011
2016-10-12,59.561868827031574,54.44591094463997,-1.095327932421064
2016-10-13,59.39725207733652,54.15902741215618,-1.506869806658706
2016-10-14,59.10159602441486,53.8317397035125,-2.246009938962845
2016-10-17,58.27079371505807,53.37616823814568,-4.323015712354827
2016-10-18,59.5056962590827,53.41714238313622,-1.235759352293253
2016-10-19,59.479992255556795,52.981748973461286,-1.300019361108018
2016-10-20,58.84597384468705,54.005966715084874,-2.8850653882823707
2016-10-21,58.231725709424246,53.54872287671279,-4.420685726439388
2016-10-24,57.63215737506563,53.44236527069249,-5.919606562335922
2016-10-25,57.3780455721188,53.5715892756237,-6.554886069703003
2016-10-26,57.18360848405436,54.90285413642935,-7.040978789864094
2016-10-27,55.64255729094686,53.41607438733349,-10.893606772632847
2016-10-28,56.50862123425847,54.236584870434456,-8.728446914353816
2016-10-31,57.834044289940316,54.590544054863194,-5.414889275149215
2016-11-01,57.856685269893084,54.019555562315084,-5.358286825267289
2016-11-02,56.80363904299809,54.265720855811196,-7.990902392504773
2016-11-03,57.42300848930907,54.63993761330997,-6.442478776727323
2016-11-04,58.70108177159569,54.25426006478191,-3.2472955710107776
2016-11-07,58.821187824014125,54.166147618247955,-2.947030439964693
2016-11-08,59.45927610792693,53.52351188144694,-1.3518097301826737
2016-11-09,59.9274141965385,53.955104051941625,-0.1814645086537503
2016-11-10,62.01494688133623,55.45052709306936,5.037367203340581
2016-11-11,63.44778330796869,55.25105956552285,8.61945826992172
2016-11-14,66.4859861493705,56.68874313769113,16.21496537342626
2016-11-15,66.05413666248991,56.862063727661955,15.135341656224766
2016-11-16,64.15504691913054,55.64383340789459,10.387617297826335
2016-11-17,64.25693100068551,56.15502400409262,10.642327501713789
2016-11-18,64.6462217645911,55.98336758930834,11.615554411477769
2016-11-21,65.22333978615892,56.37306632030898,13.058349465397301
2016-11-22,66.62170012123858,56.47508325575429,16.55425030309643
2016-11-23,66.77624421304897,56.92669404566242,16.940610532622415
2016-11-25,68.03755508526214,57.32120412618042,20.093887713155347
2016-11-28,66.05397586377023,56.87958103843755,15.134939659425584
2016-11-29,64.9195430320502,56.438875701939516,12.2988575801255
2016-11-30,66.38543994588643,57.444650380462875,15.963599864716072
2016-12-01,67.12108476497058,56.86875014422539,17.80271191242644
2016-12-02,66.46560180224193,56.643084194808964,16.164004505604844
2016-12-05,66.56008133190902,57.80401884724773,16.400203329772545
2016-12-06,67.52230148746608,58.34950964149022,18.80575371866522
2016-12-07,68.30606004261645,59.28209137402274,20.76515010654112
2016-12-08,68.4860211488591,59.97784404796114,21.215052872147755
2016-12-09,65.22367030425369,59.15702218976999,13.0591757606342
2016-12-12,62.65070536167373,58.25573984756705,6.626763404184333
2016-12-13,58.642229173003,57.09682415717521,-3.3944270674924892
2016-12-14,57.95728310917631,57.17579991840117,-5.106792227059231
2016-12-15,58.71830179136465,56.46019317174995,-3.204245521588378
2016-12-16,58.32197586696281,55.87477114796736,-4.195060332592981
2016-12-19,58.09290321889903,55.585429889211454,-4.7677419527524245
2016-12-20,57.74120842879084,55.34364696655476,-5.6469789280229055
2016-12-21,57.512297660138444,55.902520853400254,-6.219255849653882
2016-12-22,55.856574169750175,54.83011956670897,-10.358564575624563
2016-12-23,56.13695438895107,54.809258310479066,-9.65761402762233
2016-12-27,57.2747572095662,54.85463329335325,-6.813106976084504
2016-12-28,56.972600086115925,54.79931857366044,-7.568499784710192
2016-12-29,56.15281990042237,55.20016164158698,-9.617950248944073
2016-12-30,56.20522278134165,55.02271806798715,-9.48694304664588
2017-01-03,56.434220858284014,55.15430197541566,-8.914447854289964
2017-01-04,57.34523076205947,56.593946744255895,-6.63692309485131
2017-01-05,55.815192958239415,56.29398753008558,-10.462017604401463
2017-01-06,55.00169073164395,56.66181568466833,-12.495773170890123
2017-01-09,53.50588419690471,56.113256295605325,-16.235289507738226
2017-01-10,55.125055773037694,56.43840385861416,-12.187360567405769
2017-01-11,56.652018011749654,56.7013243852097,-8.36995497062587
2017-01-12,57.99471115726228,56.92206985150223,-5.013222106844295
2017-01-13,58.76123429499093,56.705880983423334,-3.0969142625226764
2017-01-17,59.35435395279075,56.38110777950057,-1.6141151180231184
2017-01-18,59.98091782512439,56.58865277152576,-0.04770543718901621
2017-01-19,59.73780987074918,56.53312622441082,-0.6554753231270416
2017-01-20,59.99145864906631,56.829030063146334,-0.021353377334221157
2017-01-23,59.64682566878231,57.335017318310264,-0.8829358280442179
2017-01-24,61.951984662874736,57.82944775006616,4.879961657186849
2017-01-25,61.2773868735696,58.36709750851505,3.1934671839239925
2017-01-26,60.28399932773846,57.23363757869238,0.7099983193461501
2017-01-27,60.50121180750313,56.47402851357553,1.253029518757831
2017-01-30,60.50222587547388,56.86386294824386,1.2555646886847072
2017-01-31,60.85989646145626,57.57853259476987,2.1497411536406386
2017-02-01,59.57967633546985,56.51179695714793,-1.0508091613253834
2017-02-02,58.67750903430306,56.579071545059875,-3.3062274142423576
2017-02-03,59.452375431049724,56.691693708929684,-1.3690614223756947
2017-02-06,59.42598248654861,56.640840497188876,-1.4350437836284646
2017-02-07,59.862850846592586,56.072717156584744,-0.3428728835185302
2017-02-08,59.830850415729614,55.07237074605065,-0.4228739606759735
2017-02-09,60.0160704231388,54.56036162928813,0.04017605784700784
2017-02-10,60.30422171981384,53.09088515266234,0.7605542995345882
2017-02-13,60.00788431541654,52.95791455171285,0.019710788541349444
2017-02-14,59.11037575628785,53.24336389886445,-2.224060609280376
2017-02-15,58.66890950577538,53.11095655470966,-3.3277262355615456
2017-02-16,58.516015960559365,52.72251402207032,-3.7099600986015835
2017-02-17,58.64204847186038,52.73903808707357,-3.3948788203490565
2017-02-21,59.21371803798582,52.73788616000275,-1.965704905035448
2017-02-22,57.22410442380451,51.89236990418975,-6.9397389404887155
2017-02-23,56.68897776359757,51.320304729256534,-8.27755559100607
2017-02-24,57.927797401355306,52.18579745145719,-5.180506496611725
2017-02-27,58.804056366729355,52.67602445446407,-2.989859083176616
2017-02-28,57.60522053475076,51.42218182227571,-5.986948663123104
2017-03-01,56.27102384227535,50.84713849858769,-9.322440394311627
2017-03-02,57.33504778922764,50.86201494153517,-6.662380526930911
2017-03-03,56.44884554389206,50.32224646919662,-8.877886140269853
2017-03-06,55.849567534286976,49.482443642943416,-10.376081164282569
2017-03-07,55.61237602371322,48.81766658889775,-10.969059940716953
2017-03-08,55.850884661642866,48.30662998286076,-10.372788345892836
2017-03-09,54.67206369671963,48.56074402507319,-13.319840758200918
2017-03-10,54.75540743142674,49.66690588611847,-13.111481421433147
2017-03-13,54.689322010354445,50.630834096500436,-13.276694974113878
2017-03-14,54.72463090485333,50.94372425271277,-13.18842273786669
2017-03-15,56.13903294570405,51.63750238769316,-9.652417635739873
2017-03-16,56.15175775958562,51.75914841160698,-9.620605601035948
2017-03-17,57.38528906697734,52.28218475406716,-6.5367773325566425
2017-03-20,56.524172964362045,51.980989414001705,-8.689567589094892
2017-03-21,55.98996886625799,51.7891393673717,-10.025077834355024
2017-03-22,56.36687463188905,52.21063995117562,-9.082813420277391
2017-03-23,57.933118721448054,52.437170350659954,-5.167203196379866
2017-03-24,57.636819396880135,52.41107385997316,-5.907951507799658
2017-03-27,57.04543612645917,52.72146774426618,-7.386409683852069
2017-03-28,58.40164360215105,52.82103604033456,-3.9958909946223864
2017-03-29,60.06932278995411,53.24483008710577,0.1733069748852678
2017-03-30,59.67336318659803,52.870877995278434,-0.8165920335049259
2017-03-31,60.636963010357846,52.35457273715991,1.5924075258946235
2017-04-03,60.34476109353898,52.280213678218644,0.8619027338474528
2017-04-04,60.20783113821095,52.031194620922626,0.5195778455273636
2017-04-05,60.47300552587508,52.6144354803391,1.1825138146877023
2017-04-06,62.342157631754475,53.009468986275074,5.855394079386178
2017-04-07,62.208137300596746,53.094087529994844,5.520343251491866
2017-04-10,62.308328328245054,53.293073955418606,5.770820820612643
2017-04-11,63.282664426324104,53.73240396831889,8.20666106581025
2017-04-12,61.65524216483979,53.05850936126467,4.138105412099469
2017-04-13,61.58710455556941,52.75004885743257,3.9677613889235186
2017-04-17,60.732799472142176,52.89769621273952,1.83199868035544
2017-04-18,61.4812124328925,52.90086121515298,3.703031082231245
2017-04-19,62.46362369921202,53.528563071133526,6.159059248030063
2017-04-20,62.72285233843385,52.6847430745934,6.807130846084641
2017-04-21,62.11091814069011,52.951145533119174,5.277295351725275
2017-04-24,61.35636061359507,53.07388840600855,3.390901533987689
2017-04-25,61.43381874179846,53.298311838069274,3.5845468544961623
2017-04-26,61.38435634596652,53.366876919601495,3.4608908649162995
2017-04-27,59.87665634953156,52.635928381861106,-0.3083591261711094
2017-04-28,59.351485764879044,52.729324757132495,-1.6212855878023902
2017-05-01,57.50902826273404,51.62960316788787,-6.227429343164892
2017-05-02,58.59532914010774,51.74966084391001,-3.511677149730663
2017-05-03,58.552831683867566,51.49118096300346,-3.617920790331075
2017-05-04,58.35251046777324,51.67915959888945,-4.118723830566884
2017-05-05,58.399692977688645,52.121742099079526,-4.000767555778384
2017-05-08,57.50118047003258,51.53432687464355,-6.247048824918555
2017-05-09,56.92149293536576,51.19489941046974,-7.6962676615855985
2017-05-10,57.119502359378544,51.93635390112184,-7.20124410155365
2017-05-11,57.001200923350964,51.74759689989556,-7.496997691622598
2017-05-12,56.08054434828062,51.14152715197734,-9.798639129298458
2017-05-15,56.560135727995714,51.68103694610527,-8.599660680010723
2017-05-16,55.843209126045096,51.16036573332867,-10.391977184887269
2017-05-17,55.918851594386865,51.4773599542581,-10.202871014032834
2017-05-18,55.17564811098174,51.407450559132855,-12.060879722545659
2017-05-19,55.80088279629657,52.39604020670974,-10.497793009258572
2017-05-22,56.29213724056358,52.05419443426737,-9.26965689859105
2017-05-23,55.72653163865934,51.382222514451634,-10.68367090335165
2017-05-24,55.33404486006258,51.94817117801335,-11.664887849843542
2017-05-25,55.54529682875241,52.1824102795204,-11.136757928118968
2017-05-26,56.53548421350617,52.230815134545814,-8.661289466234567
2017-05-30,57.319127943625446,52.17100316262308,-6.702180140936376
2017-05-31,57.60924008222682,52.846538648034134,-5.976899794432944
2017-06-01,59.33092035180175,53.80806597076388,-1.6726991204956132
2017-06-02,58.68155490293886,53.44312523160825,-3.296112742652846
2017-06-05,57.0740980753952,53.625762714778155,-7.314754811512003
2017-06-06,57.60214031150882,53.31218060677987,-5.994649221227943
2017-06-07,57.14966748809539,52.72958624801114,-7.125831279761519
2017-06-08,56.45308404932198,53.017659408724946,-8.86728987669505
2017-06-09,59.0922206003539,53.58708227340373,-2.2694484991152564
2017-06-12,60.817137853564454,54.04027430779152,2.042844633911134
2017-06-13,61.19313493491653,54.04479673560231,2.982837337291322
2017-06-14,61.48512626155188,54.240102509255266,3.7128156538797086
2017-06-15,60.44934944311015,54.25302711259728,1.1233736077753687
2017-06-16,61.17435162984103,54.396091201182394,2.9358790746025765
2017-06-19,59.71747188211326,53.50537714176368,-0.7063202947168445
2017-06-20,59.12338877345417,52.97780910445108,-2.1915280663645786
2017-06-21,58.89565699290341,52.530356928649915,-2.7608575177414663
2017-06-22,59.26416142253163,52.48280049436258,-1.8395964436709322
2017-06-23,59.98964286162124,52.13318011960991,-0.02589284594689545
2017-06-26,60.895055237962424,52.98653205121507,2.2376380949060692
2017-06-27,61.8490309315264,52.91878250311469,4.622577328815991
2017-06-28,60.89741652901534,53.1886780989756,2.243541322538345
2017-06-29,60.636538604768866,54.0745921787047,1.5913465119221648
2017-06-30,61.918905166049086,54.34012408151668,4.797262915122724
2017-07-03,63.49752026199192,54.33971453341366,8.743800654979816
2017-07-05,62.2800917065136,53.35660326704076,5.700229266283996
2017-07-06,61.88832399707826,52.47095998587365,4.72080999269564
2017-07-07,61.75559837530032,52.07851825254309,4.388995938250817
2017-07-10,59.593954290774576,52.311337593519475,-1.0151142730635554
2017-07-11,58.94766208599175,52.4034501439013,-2.630844785020625
2017-07-12,58.137274475092575,52.43174685257838,-4.656813812268568
2017-07-13,59.01227594163649,52.707383255867164,-2.4693101459087874
2017-07-14,58.991589188841985,52.10273312082048,-2.5210270278950286
2017-07-17,59.50535673700709,52.40357743695601,-1.2366081574822774
2017-07-18,59.26678392497408,51.7476963277575,-1.833040187564805
2017-07-19,60.51692026000261,52.459161338561714,1.292300650006517
2017-07-20,61.152858291589794,52.357112330720994,2.8821457289744945
2017-07-21,61.28337596545087,52.420538707200514,3.2084399136271813
2017-07-24,60.651905109318385,52.612302089716685,1.6297627732959619
2017-07-25,60.347452718895624,53.605000743002044,0.8686317972390611
2017-07-26,58.96976600800933,53.82981671269655,-2.575584979976675
2017-07-27,59.37434878310074,53.67374112222945,-1.5641280422481474
2017-07-28,58.65270265700965,54.13700629279031,-3.368243357475875
2017-07-31,58.20272531782068,54.246369311825646,-4.493186705448293
2017-08-01,56.74439253186953,53.303739486488425,-8.13901867032618
2017-08-02,56.80035207062385,52.91872944602616,-7.99911982344037
2017-08-03,57.290296686616614,52.70090021333144,-6.774258283458456
2017-08-04,57.18617580355264,52.120000918832346,-7.034560491118391
2017-08-07,57.21183334116476,52.44255076080698,-6.970416647088085
2017-08-08,57.26579341680277,53.14379125132613,-6.835516457993074
2017-08-09,56.96368302043767,52.68353820150768,-7.590792448905814
2017-08-10,56.399904350457,53.05574723971463,-9.0002391238575
2017-08-11,56.00809113905511,52.158429724559284,-9.979772152362232
2017-08-14,55.305833319859666,52.48508115956577,-11.735416700350832
2017-08-15,55.68433196322199,51.67503694063572,-10.78917009194502
2017-08-16,55.331405192551834,51.859245456991395,-11.671487018620418
2017-08-17,55.818052365388965,52.414319267512674,-10.454869086527596
2017-08-18,55.09474194866354,52.27077054019758,-12.263145128341147
2017-08-21,55.327983727715846,52.47626356858313,-11.68004068071038
2017-08-22,54.36196322493649,52.242327770493596,-14.095091937658788
2017-08-23,55.436066229902615,52.65050802069008,-11.40983442524346
2017-08-24,55.895672588995005,52.602037559406654,-10.260818527512484
2017-08-25,56.38403748152129,52.29848706279833,-9.039906296196776
2017-08-28,55.83996325185411,52.46987277369989,-10.400091870364726
2017-08-29,55.4621277460884,52.295720422419066,-11.344680634779003
2017-08-30,56.9301351274384,52.499710898275495,-7.674662181404002
2017-08-31,57.01407476000665,52.616331488844295,-7.4648130999833695
2017-09-01,58.19997663737041,53.20888662897586,-4.50005840657397
2017-09-05,58.6539551585154,52.170820285390306,-3.3651121037114873
2017-09-06,58.70292108126972,51.834890718245546,-3.2426972968256917
2017-09-07,59.117845265575696,51.402322140373556,-2.205386836060752
2017-09-08,60.0114896455881,52.14526760293084,0.028724113970257648
2017-09-11,60.27985900408494,52.05381976372143,0.6996475102123423
2017-09-12,60.69360311567177,52.18850665383491,1.7340077891794259
2017-09-13,61.22725958335978,52.60676237966614,3.0681489583994637
2017-09-14,60.97831306215834,53.00652277315308,2.445782655395856
2017-09-15,60.93202335143392,53.67737186671418,2.3300583785847984
2017-09-18,61.007907823804466,53.350700967043785,2.5197695595111647
2017-09-19,60.01952397959046,52.494751215846605,0.048809948976158424
2017-09-20,60.936612518744795,52.26795721815628,2.3415312968619872
2017-09-21,60.89486207380736,52.06247524180328,2.2371551845183912
2017-09-22,61.2498013989604,52.81967730515242,3.12450349740101
2017-09-25,62.083618221281554,53.19171712381394,5.209045553203895
2017-09-26,62.804001953823665,53.01484537052887,7.010004884559162
2017-09-27,63.70504932689934,52.42291091811672,9.262623317248364
2017-09-28,63.46279626207675,53.22736071643631,8.656990655191876
2017-09-29,63.606303463809994,53.674833932743006,9.015758659524975
2017-10-02,62.51720073858728,53.679412678668584,6.293001846468194
2017-10-03,62.18785895591766,53.7752928679734,5.469647389794163
2017-10-04,62.49248239135112,54.02812410659062,6.231205978377785
2017-10-05,61.82385103368823,53.683899583690945,4.559627584220571
2017-10-06,60.63470661317622,53.15018922229362,1.5867665329405423
2017-10-09,60.11846984834438,52.75157926264701,0.29617462086095614
2017-10-10,59.84077063830985,52.396039444011116,-0.3980734042253742
2017-10-11,59.445947715967705,52.71787146263944,-1.3851307100807286
2017-10-12,60.08072707983455,52.73642493608636,0.20181769958638185
2017-10-13,59.95264548872491,52.9333518271504,-0.11838627818772096
2017-10-16,59.75876062312046,52.40713013493071,-0.6030984421988572
2017-10-17,60.386486404891606,52.33079408652209,0.9662160122290153
2017-10-18,59.792758228589484,51.92535937579041,-0.5181044285262892
2017-10-19,59.953542854967736,52.671680158073144,-0.11614286258065931
2017-10-20,59.80590514636258,53.08746655853942,-0.4852371340935413
2017-10-23,58.725507009019786,53.237043386546006,-3.1862324774505346
2017-10-24,58.21349769166896,53.021554788783405,-4.4662557708275985
2017-10-25,57.47211196586498,52.87674079972336,-6.3197200853375435
2017-10-26,57.966346155021796,53.956774469903884,-5.084134612445501
2017-10-27,55.370433396902186,52.473139129912454,-11.573916507744531
2017-10-30,54.94190282480939,52.274266879937365,-12.64524293797653
2017-10-31,55.25020646759587,52.546718442420875,-11.874483831010307
2017-11-01,54.498515007942885,52.29344127595476,-13.753712480142788
2017-11-02,55.041062915829635,52.479445157548135,-12.397342710425917
2017-11-03,54.66459524839719,52.06386887430834,-13.338511879007031
2017-11-06,56.427811143256605,53.014165548674534,-8.930472141858491
2017-11-07,56.147319188173874,52.92267035486992,-9.631702029565314
2017-11-08,56.50375692729662,53.230871830677216,-8.740607681758439
2017-11-09,56.16709714081213,53.26011552299796,-9.582257147969674
2017-11-10,56.607063701981666,53.4275744229669,-8.482340745045835
2017-11-13,57.25765172636538,53.761537683365034,-6.855870684086551
2017-11-14,58.29901870462594,54.18957583318468,-4.25245323843515
2017-11-15,58.175199780326984,54.312975055367595,-4.562000549182543
2017-11-16,57.830802625464976,54.17156455728673,-5.422993436337564
2017-11-17,59.08221214716946,55.08430709207252,-2.294469632076357
2017-11-20,58.814677632051314,54.75924122361789,-2.963305919871706
2017-11-21,57.972352893495,54.35764675380509,-5.06911776626251
2017-11-22,58.859027591398174,55.00592689215012,-2.8524310215045645
2017-11-24,57.87468290399137,54.54920005560008,-5.313292740021569
2017-11-27,60.29742663951842,54.5197703406121,0.7435665987960416
2017-11-28,61.30573508785279,54.20288111651875,3.264337719631971
2017-11-29,63.29099747634949,55.42611947232418,8.227493690873722
2017-11-30,63.292573762321105,55.14014980440136,8.231434405802762
2017-12-01,63.56546208595843,55.23726156700804,8.913655214896066
2017-12-04,65.66625002757739,55.556485995804714,14.165625068943477
2017-12-05,63.48932898994319,55.00275928500842,8.723322474857964
2017-12-06,63.02613129919527,54.36588435040308,7.565328247988168
2017-12-07,63.76413924122474,54.80038595056841,9.41034810306185
2017-12-08,63.68181969985368,54.9339538537193,9.204549249634209
2017-12-11,62.45563581926369,54.371643062282736,6.139089548159227
2017-12-12,61.53843644605098,54.09064619539237,3.846091115127459
2017-12-13,60.49886389555142,54.488177534296476,1.2471597388785671
2017-12-14,59.88603283806685,53.65969686239561,-0.28491790483287094
2017-12-15,60.08381935660226,53.66747033736236,0.20954839150566507
2017-12-18,58.700247861362286,53.49526373897587,-3.249380346594277
2017-12-19,58.95795900690531,52.81769912061036,-2.6051024827367097
2017-12-20,60.3423518242525,52.83375106144936,0.8558795606312675
2017-12-21,60.121542760189364,52.78673770383508,0.3038569004734093
2017-12-22,61.34294483701769,53.23803275030884,3.357362092544225
2017-12-26,62.51106988741769,53.8426688481295,6.277674718544235
2017-12-27,61.75889069660195,53.73340292553564,4.397226741504889
2017-12-28,59.82270614121869,53.95343443682433,-0.4432346469532833
2017-12-29,60.11609196487497,53.66327586692863,0.2902299121874119
2018-01-02,60.18966051024334,54.21956348757937,0.4741512756083477
2018-01-03,58.38614683289153,54.15023928826818,-4.034632917771175
2018-01-04,59.18776867666166,54.421236864714565,-2.030578308345854
2018-01-05,59.2349739914927,53.988071411695266,-1.9125650212682421
2018-01-08,59.27388540917232,54.69278383095553,-1.815286477069189
2018-01-09,58.266392385748034,53.80052299086114,-4.33401903562991
2018-01-10,58.523434591993286,53.48052589223638,-3.691413520016784
2018-01-11,60.096656817981696,54.30119012792245,0.2416420449542489
2018-01-12,60.37402072696349,54.480409941299165,0.9350518174087163
2018-01-16,59.823631467509166,53.67889913675631,-0.4409213312270843
2018-01-17,59.118217901507236,53.1481146601906,-2.204455246231918
2018-01-18,58.19838553177935,52.496126393955436,-4.504036170551617
2018-01-19,58.81507167581076,52.87336576158636,-2.962320810473096
2018-01-22,58.16401965567798,52.80295771233921,-4.589950860805048
2018-01-23,58.43547600775153,53.38730520523691,-3.9113099806211693
2018-01-24,58.27872827765827,53.432886220555375,-4.303179305854332
2018-01-25,56.82658826253609,54.759159896555424,-7.933529343659762
2018-01-26,56.12613860283625,54.47923159762123,-9.684653492909368
2018-01-29,55.74846928094098,54.26727168878435,-10.62882679764754
2018-01-30,55.53415632674569,54.316069104823264,-11.164609183135777
2018-01-31,55.15819230332006,54.29345690667476,-12.104519241699862
2018-02-01,55.14691206374519,54.454724036592495,-12.13271984063702
2018-02-02,55.96052367296819,54.127232721880645,-10.098690817579525
2018-02-05,58.673546863254245,55.57586596765519,-3.316132841864383
2018-02-06,55.749332969498454,54.217695726693414,-10.626667576253856
2018-02-07,57.545614138471805,54.66625806185724,-6.1359646538204915
2018-02-08,59.09001301591083,55.036132455392526,-2.274967460222932
2018-02-09,57.680373626952964,54.566471545288884,-5.799065932617586
2018-02-12,56.79379689142018,53.537592265693384,-8.015507771449549
2018-02-13,58.10430499645686,53.63462205265591,-4.739237508857852
2018-02-14,59.22637193805475,54.01860505839837,-1.9340701548631323
2018-02-15,58.72273282665249,52.27319052600982,-3.193167933368768
2018-02-16,57.993791768660145,52.36316452457824,-5.0155205783496415
2018-02-20,58.355950440573366,53.041809999554914,-4.110123898566576
2018-02-21,57.700840258179824,52.66605029881508,-5.747899354550445
2018-02-22,57.04185744562515,52.91287014205108,-7.395356385937135
2018-02-23,57.27716523095773,52.87471622575108,-6.807086922605676
2018-02-26,56.559107249163525,51.528401439121666,-8.602231877091192
2018-02-27,56.57781728689723,50.11796976870345,-8.55545678275693
2018-02-28,56.59685410632171,50.17676525182075,-8.507864734195735
2018-03-01,58.411547494382035,51.10974247656783,-3.9711312640449137
2018-03-02,59.48493006237258,50.65366968218852,-1.2876748440685537
2018-03-05,59.173605499921,51.462566836035485,-2.0659862501974935
2018-03-06,57.95340604214942,52.42196991629314,-5.116484894626461
2018-03-07,60.101180729537106,51.95678647026267,0.25295182384277304
2018-03-08,58.44301618155069,51.42620015657804,-3.8924595461232725
2018-03-09,56.755727625678745,51.49491480745578,-8.110680935803138
2018-03-12,57.22040277718054,51.88270249868971,-6.948993057048658
2018-03-13,59.03433459168443,52.62874927062165,-2.4141635207889367
2018-03-14,58.714428504801745,52.90616099956736,-3.2139287379956416
2018-03-15,57.445674626068126,52.376581339977946,-6.38581343482969
2018-03-16,59.58176708395388,52.819907193103624,-1.04558229011531
2018-03-19,60.43652882871585,53.27991202099117,1.0913220717896355
2018-03-20,60.2310618082781,52.97285757203535,0.5776545206952477
2018-03-21,61.53626500049295,53.5417308910392,3.8406625012323836
2018-03-22,63.01790274823448,53.94750555418099,7.5447568705862
2018-03-23,64.22115526285137,53.927822485104365,10.552888157128404
2018-03-26,64.15392773131148,52.99805068703423,10.384819328278727
2018-03-27,66.4745517680307,54.19599452871566,16.186379420076726
2018-03-28,67.49396884724946,54.69766312314545,18.734922118123663
2018-03-29,65.89546034615536,54.61871101525701,14.738650865388392
2018-04-02,65.16981849721469,54.83663099122991,12.924546243036739
2018-04-03,64.65595787526408,54.838682167175,11.63989468816018
2018-04-04,64.2845369931233,55.551387193013234,10.71134248280825
2018-04-05,63.903877484955665,54.82050485055815,9.759693712389161
2018-04-06,64.94237560350585,55.55694582860477,12.355939008764638
2018-04-09,64.51892319622091,55.20324742845001,11.297307990552286
2018-04-10,63.89344809718972,54.22554159984414,9.733620242974306
2018-04-11,63.69405012679476,54.68216603909516,9.235125316986892
2018-04-12,62.644473066063924,54.65519221345256,6.611182665159809
2018-04-13,63.601719561177404,55.155490603586216,9.00429890294352
2018-04-16,62.95022052856248,55.77722533071256,7.375551321406215
2018-04-17,60.99749560077882,54.63856684265254,2.4937390019470485
2018-04-18,62.01439909339651,55.37083816489086,5.035997733491282
2018-04-19,60.54570591301078,54.85808002361737,1.364264782526936
2018-04-20,59.976468744761874,55.00869266852066,-0.05882813809532372
2018-04-23,59.632925857596845,55.688227476501716,-0.9176853560078913
2018-04-24,62.915654043648885,57.24868307491421,7.289135109122213
2018-04-25,60.95080682991,57.471816875533385,2.377017074775001
2018-04-26,59.28580662921309,57.0660510319952,-1.7854834269672715
2018-04-27,60.00344983016474,57.67942685500244,0.008624575411841917
2018-04-30,59.55795919400181,57.62557130816465,-1.1051020149954738
2018-05-01,59.32136071821374,56.959265023703026,-1.6965982044656602
2018-05-02,58.29546562811986,55.313777302214376,-4.2613359297003495
2018-05-03,58.42540826980657,56.50980266320311,-3.9364793254835773
2018-05-04,57.25203598265089,55.37191537305847,-6.869910043372784
2018-05-07,57.730733263342,54.35106822785724,-5.673166841644983
2018-05-08,58.104477180689464,54.49132649868238,-4.738807048276339
2018-05-09,56.79801437174804,54.68481988507696,-8.004964070629894
2018-05-10,57.93694654606489,54.55024005499366,-5.157633634837788
2018-05-11,56.78650115217611,53.626666066049054,-8.033747119559731
2018-05-14,56.198565317191374,54.18964661453288,-9.503586707021562
2018-05-15,57.949897297482465,54.61103437078053,-5.125256756293828
2018-05-16,57.71145466107609,54.965765896413394,-5.721363347309771
2018-05-17,59.13165156407246,55.75699631842413,-2.1708710898188377
2018-05-18,58.7250133851084,56.06853965466641,-3.187466537229011
2018-05-21,57.74148203971684,55.9812187882669,-5.646294900707893
2018-05-22,55.76382994902879,56.74281232835655,-10.590425127428027
2018-05-23,55.2778940094837,56.644251698306235,-11.805264976290752
2018-05-24,56.97245076400609,57.30476993584694,-7.568873089984773
2018-05-25,56.37168483297693,56.38571101923335,-9.070787917557666
2018-05-29,57.31179988087702,56.25133109955,-6.7205002978074635
2018-05-30,57.83459382420281,56.114077884514344,-5.413515439492977
2018-05-31,57.35980775296809,54.940402360049994,-6.600480617579785
2018-06-01,57.28620345242436,54.740264322483696,-6.784491368939105
2018-06-04,57.47033830986602,54.76070821950228,-6.324154225334944
2018-06-05,58.58507482875978,55.50076726806431,-3.5373129281005555
2018-06-06,58.56151486841278,55.3336695210589,-3.5962128289680484
2018-06-07,59.41420866815234,54.92251569754123,-1.4644783296191566
2018-06-08,60.36573860534182,55.58377383891101,0.9143465133545359
2018-06-11,61.506843728744926,56.167176628351584,3.7671093218623053
2018-06-12,62.176397432686095,55.807725998920986,5.440993581715237
2018-06-13,60.70024942661853,54.77542389693067,1.7506235665463166
2018-06-14,60.203028784308756,54.94825776929494,0.5075719607718909
2018-06-15,59.872858278552854,54.718208767693014,-0.3178543036178594
2018-06-18,59.78763043634507,54.056173091041025,-0.5309239091373374
2018-06-19,60.11011882580432,53.42867317797568,0.2752970645107933
2018-06-20,60.96391282015054,54.755788894950896,2.409782050376341
2018-06-21,61.51133494815517,53.571574756486804,3.7783373703879075
2018-06-22,61.08691877695417,53.33776817008763,2.7172969423854276
2018-06-25,62.07926246590251,54.02220191100311,5.1981561647562735
2018-06-26,61.215459243879465,53.79917898779752,3.0386481096986717
2018-06-27,60.988874464946576,53.83842556509059,2.472186162366441
2018-06-28,61.4446869154864,53.18472484557988,3.61171728871601
2018-06-29,62.10597999842763,53.62859538702775,5.264949996069079
2018-07-02,61.62051895785842,52.71185060813461,4.051297394646047
2018-07-03,62.392940521978474,54.184239757092946,5.982351304946176
2018-07-05,62.422165718985255,54.421766843823725,6.055414297463146
2018-07-06,61.844219322575036,53.7773059327201,4.61054830643759
2018-07-09,60.59305847662925,54.307086230077495,1.4826461915731226
2018-07-10,59.878435996543224,53.850123515365176,-0.30391000864193884
2018-07-11,59.02877455399679,53.366906023147536,-2.428063615008025
2018-07-12,58.37069687818798,53.13922972707922,-4.0732578045300505
2018-07-13,58.40854638110428,52.70635647112591,-3.9786340472393045
2018-07-16,57.064526714999076,52.54788507955033,-7.338683212502306
2018-07-17,56.629949701642474,51.97237243978953,-8.425125745893824
2018-07-18,56.79454877426576,51.66421833162508,-8.013628064335588
2018-07-19,57.782980485801296,51.57419264592156,-5.542548785496759
2018-07-20,56.75265908228789,50.968910841335955,-8.118352294280262
2018-07-23,55.73873980992494,51.131652543568,-10.653150475187667
2018-07-24,52.50673865956327,49.355123355589065,-18.733153351091826
2018-07-25,53.113003945993846,49.78599507437451,-17.21749013501539
2018-07-26,55.67772133853731,51.56787964454452,-10.805696653656716
2018-07-27,56.69269286404227,52.18600969120252,-8.268267839894317
2018-07-30,56.93243839471819,52.696940439090795,-7.668904013204525
2018-07-31,58.6797302238704,53.60210855664391,-3.300674440324003
2018-08-01,55.555155849398155,52.821208040941016,-11.112110376504614
2018-08-02,55.266445727761486,52.64367375539467,-11.833885680596289
2018-08-03,55.905588857408965,53.21778898162239,-10.236027856477591
2018-08-06,55.92904024941542,53.04913500794146,-10.177399376461448
2018-08-07,55.80731477748836,53.236013283343574,-10.481713056279096
2018-08-08,55.47762073504109,52.914964014878336,-11.305948162397272
2018-08-09,56.932369658235196,52.504756577711646,-7.669075854412011
2018-08-10,56.85087809568063,52.17036415061253,-7.872804760798435
2018-08-13,57.115330276493324,51.2973301099679,-7.21167430876668
2018-08-14,58.274549430953506,51.693352695049356,-4.313626422616235
2018-08-15,58.519738493991404,52.14686353868448,-3.700653765021489
2018-08-16,57.03739440869836,52.36766618913544,-7.406513978254092
2018-08-17,58.59204559054362,53.03120237625503,-3.51988602364095
2018-08-20,60.3254333192789,53.21057549071646,0.8135832981972513
2018-08-21,62.61144226348166,53.20180755373611,6.528605658704167
2018-08-22,61.856219557416416,52.58583714523877,4.640548893541041
2018-08-23,59.05395704442239,52.32361031350422,-2.365107388944021
2018-08-24,58.439367675177266,52.85757260266672,-3.9015808120568263
2018-08-27,57.17151242952342,52.625433763999844,-7.071218926191447
2018-08-28,56.60960164200492,53.06375152740698,-8.475995894987708
2018-08-29,57.945038463149146,52.42326392478489,-5.137403842127131
2018-08-30,57.567022209983676,52.0257520387496,-6.082444475040805
2018-08-31,57.395945369311754,51.96353001248994,-6.510136576720615
2018-09-04,58.223198129036234,51.72171045428609,-4.442004677409406
2018-09-05,60.00792211219416,52.3092885409674,0.019805280485396537
2018-09-06,61.01801042394474,52.20089557272048,2.5450260598618435
2018-09-07,60.277781436178515,52.24380631055967,0.6944535904462867
2018-09-10,61.097291782624325,52.72267209193799,2.743229456560803
2018-09-11,60.645675354356534,51.77333836732568,1.6141883858913353
2018-09-12,60.439552541732624,52.09562839752303,1.09888135433156
2018-09-13,59.43223154900727,51.72813452781905,-1.4194211274818347
2018-09-14,59.93872520075398,51.73519463569202,-0.15318699811506242
2018-09-17,60.00593857560709,52.10125285843093,0.014846439017723867
2018-09-18,58.67075847321907,51.71534712152246,-3.323103816952333
2018-09-19,57.98453650107599,50.6741507437972,-5.038658747310021
2018-09-20,57.897720198352985,50.53849529912908,-5.255699504117528
2018-09-21,58.96511978870501,51.07539036330048,-2.5872005282374655
2018-09-24,57.720475360779076,50.55819222500866,-5.6988115980523
2018-09-25,57.90996191025827,50.04143638308898,-5.225095224354326
2018-09-26,57.39696781900151,50.4550453213811,-6.50758045249622
2018-09-27,56.906204391675075,49.04958107663968,-7.734489020812307
2018-09-28,58.44019914799538,49.58143268811314,-3.899502130011556
2018-10-01,56.92594530200203,48.94088030077565,-7.685136744994936
2018-10-02,56.28646270351262,49.06931632788981,-9.283843241218449
2018-10-03,54.8557439427332,49.202948497167505,-12.860640143167013
2018-10-04,54.75321097076619,49.552156398373825,-13.116972573084528
2018-10-05,55.6659303657899,50.56512669645361,-10.835174085525257
2018-10-08,55.35728425972931,50.82545675148973,-11.606789350676717
2018-10-09,55.06281195026487,50.529284059479686,-12.342970124337826
2018-10-10,55.68282574934002,51.50558170956977,-10.792935626649957
2018-10-11,56.30820892956895,51.42572683850159,-9.229477676077625
2018-10-12,53.8435024932125,49.29163139405372,-15.391243766968765
2018-10-15,55.13531379749818,51.093955145289925,-12.161715506254556
2018-10-16,54.7466265574997,51.096834095546,-13.133433606250744
2018-10-17,54.47121165867194,51.90373532969076,-13.821970853320153
2018-10-18,55.837333769267374,52.24011249009084,-10.406665576831564
2018-10-19,54.26158372521631,50.1946821575737,-14.346040686959217
2018-10-22,54.8910744299996,49.44296582003328,-12.772313925001
2018-10-23,55.07610560880808,48.895451806711016,-12.309735977979797
2018-10-24,56.94326228078714,49.385954556647995,-7.641844298032163
2018-10-25,56.12748348093092,49.40269572234369,-9.6812912976727
2018-10-26,56.34060635899768,50.246097622272174,-9.148484102505794
2018-10-29,60.09902510577593,51.524704724330995,0.24756276443982372
2018-10-30,62.217031661119236,52.94553052011828,5.542579152798099
2018-10-31,60.45162587844292,52.06836917598651,1.1290646961072959
2018-11-01,61.638827326492276,53.362072001574866,4.09706831623069
2018-11-02,62.30615002603951,53.889655401419105,5.765375065098777
2018-11-05,62.59860860102368,54.38583309118825,6.496521502559194
2018-11-06,64.16953272547582,54.89077087416242,10.423831813689555
2018-11-07,60.52975602055252,52.90140530170904,1.3243900513812967
2018-11-08,60.997774317789805,52.95802679764292,2.4944357944745033
2018-11-09,63.43499757316552,53.22798836210963,8.587493932913803
2018-11-12,62.72557829822118,53.64603169575813,6.813945745552941
2018-11-13,64.02636436074184,53.37195162919412,10.065910901854602
2018-11-14,65.11980663240044,53.44200391135873,12.799516581001091
2018-11-15,63.67029699338977,53.35621493546237,9.175742483474414
2018-11-16,64.88381628088143,53.776780410887994,12.209540702203592
2018-11-19,67.35609242161618,54.91338571136623,18.390231054040473
2018-11-20,68.29131126630199,55.7239082201782,20.728278165754954
2018-11-21,67.85417962984675,56.31472510019592,19.635449074616893
2018-11-23,71.34004721074824,57.6294002436032,28.350118026870597
2018-11-26,69.44771024437232,57.57490563382429,23.6192756109308
2018-11-27,65.8494594826044,56.76884497021529,14.623648706511005
2018-11-28,62.158022195862316,55.39546825688569,5.395055489655798
2018-11-29,63.80325490239066,54.41258945543138,9.508137255976656
2018-11-30,61.43583987230009,53.620845884142156,3.589599680750233
2018-12-03,60.04083247794302,53.742322355974125,0.10208119485755063
2018-12-04,60.23617681716006,53.85042714991359,0.5904420429001522
2018-12-06,59.39746328089214,54.11223588317174,-1.5063417977696503
2018-12-07,62.40738950029353,54.11964047437235,6.018473750733833
2018-12-10,60.48560804186239,53.611937864435085,1.2140201046559884
2018-12-11,59.72655401252419,53.09630112122982,-0.6836149686895165
2018-12-12,58.34412119325724,52.613036288250655,-4.1396970168569025
2018-12-13,56.01636940602387,51.71826678025441,-9.959076484940322
2018-12-14,57.543992976717895,53.16699444248857,-6.140017558205257
2018-12-17,57.49123409446834,53.10249810055735,-6.271914763829156
2018-12-18,57.147902678450215,52.643645207900335,-7.130243303874462
2018-12-19,55.29831207036761,53.391384541817665,-11.75421982408098
2018-12-20,55.12143837683671,53.966853646558185,-12.196404057908229
2018-12-21,55.1112465653531,54.86922990261315,-12.221883586617244
2018-12-24,53.85747731664562,55.68889620524587,-15.356306708385947
2018-12-26,52.89303715872319,54.05850864634174,-17.767407103192024
2018-12-27,54.53080462352168,55.249614974546006,-13.672988441195798
2018-12-28,55.88916007610146,55.14443072017139,-10.277099809746337
2018-12-31,55.91686695488675,55.08285307006006,-10.207832612783129
2019-01-02,56.52774036113199,54.73846820061188,-8.680649097170035
2019-01-03,58.80904346423445,55.718295497790514,-2.977391339413882
2019-01-04,57.73150262537285,55.3448355697403,-5.671243436567885
2019-01-07,59.34653704531735,56.81339707591827,-1.6336573867066218
2019-01-08,59.27272432360867,56.37982005246656,-1.8181891909783143
2019-01-09,61.73116139796701,57.013862658667044,4.327903494917518
2019-01-10,63.137212030282654,58.95074570453724,7.843030075706636
2019-01-11,63.27098508378114,57.711285417337784,8.177462709452854
2019-01-14,65.32159833204746,58.32766767677223,13.303995830118653
2019-01-15,62.05109338401375,57.93559709437302,5.127733460034367
2019-01-16,62.90438965570159,57.531979784219374,7.260974139253973
2019-01-17,63.721061977984434,58.585334109330375,9.302654944961075
2019-01-18,64.7817540077891,59.61274469267142,11.954385019472769
2019-01-22,64.62529831210779,59.984510570004815,11.56324578026946
2019-01-23,62.33042115880133,58.26035747202447,5.826052897003331
2019-01-24,63.74107640338019,60.50715114962102,9.352691008450487
2019-01-25,66.65126247767284,60.53767478496469,16.628156194182118
2019-01-28,67.61823760984326,59.952650763141556,19.04559402460815
2019-01-29,69.37288560794994,59.59475696432404,23.43221401987483
2019-01-30,67.56764888456817,59.52682387921888,18.919122211420447
2019-01-31,66.89431738394673,58.00632466092687,17.235793459866812
2019-02-01,65.83702967694207,57.9187493750798,14.592574192355157
2019-02-04,65.30939850660852,57.03046547178065,13.2734962665213
2019-02-05,64.13746964305153,56.793420523872044,10.34367410762882
2019-02-06,63.75562578788981,58.40443507653565,9.38906446972454
2019-02-07,63.74174389656652,58.738356949793406,9.354359741416296
2019-02-08,62.98268411480507,58.66602737138866,7.456710287012669
2019-02-11,63.73794771841504,58.34654970468568,9.344869296037617
2019-02-12,63.2584000287259,57.846148077435274,8.146000071814763
2019-02-13,65.24585423583837,58.014294618700234,13.114635589595913
2019-02-14,65.169152953789,58.46964863404609,12.922882384472478
2019-02-15,64.58887755856114,58.400609179773085,11.47219389640286
2019-02-19,63.87200746536287,57.43506170238983,9.680018663407175
2019-02-20,64.43233349660899,57.574516698585164,11.080833741522467
2019-02-21,65.49933356969943,56.79809673087972,13.748333924248568
2019-02-22,63.483103727163424,55.62674803826096,8.70775931790857
2019-02-25,62.147231374942216,55.98142169467991,5.368078437355539
2019-02-26,59.88410032736894,56.20524124011212,-0.2897491815776476
2019-02-27,58.95140570058318,57.564739652134776,-2.6214857485420406
2019-02-28,60.78480373187455,57.624222104372635,1.962009329686376
2019-03-01,61.83917844190855,58.26053018757611,4.597946104771378
2019-03-04,60.57677650908623,58.25759052100022,1.4419412727155745
2019-03-05,60.51497665559657,57.20602694554195,1.2874416389914156
2019-03-06,59.561313657136274,56.896717240755855,-1.0967158571593139
2019-03-07,59.63017525018376,56.65556458732946,-0.924561874540597
2019-03-08,58.237435789912375,57.313967354024726,-4.406410525219062
2019-03-11,57.36641716205994,57.16828714647649,-6.583957094850157
2019-03-12,56.298450862384264,57.04550497329253,-9.253872844039336
2019-03-13,56.24844624814366,57.99432310281611,-9.378884379640851
2019-03-14,55.47976258206159,56.70052857906339,-11.300593544846027
2019-03-15,55.01827073606446,56.89270529599367,-12.454323159838854
2019-03-18,55.32411846457913,57.23694187172347,-11.689703838552168
2019-03-19,54.505709833655956,56.928910807178994,-13.7357254158601
2019-03-20,52.32215758752007,55.78512507415257,-19.194606031199825
2019-03-21,53.03373387483105,55.47413102260124,-17.41566531292238
2019-03-22,52.884262423256956,55.007453755633215,-17.789343941857606
2019-03-25,53.75485697143744,56.53195515132726,-15.612857571406401
2019-03-26,54.88886512514503,56.43322514817395,-12.77783718713743
2019-03-27,55.37790721496155,57.23857652671505,-11.555231962596114
2019-03-28,56.310160716727864,57.875172591548846,-9.224598208180335
2019-03-29,55.98822096475579,57.9159415132799,-10.029447588110528
2019-04-01,56.78305819488524,56.97101952629697,-8.042354512786897
2019-04-02,56.96856358082289,56.72223870156968,-7.578591047942784
2019-04-03,58.51461836241553,56.371966013952395,-3.713454093961177
2019-04-04,58.531363893228495,56.18829631102513,-3.6715902669287592
2019-04-05,59.6380361188431,55.9993450541092,-0.9049097028922537
2019-04-08,60.204965764092435,55.33412374907399,0.5124144102310879
2019-04-09,59.30124311319872,54.56440502661215,-1.746892217003193
2019-04-10,60.14275447066581,54.76178355259931,0.35688617666451705
2019-04-11,61.099896446250526,56.1050401549364,2.749741115626314
2019-04-12,62.12415728495703,56.40491005803584,5.310393212392572
2019-04-15,60.83659364349353,55.43478305431333,2.091484108733832
2019-04-16,61.51475006835913,54.89558609351734,3.7868751708978188
2019-04-17,61.74995383455627,54.00299818430646,4.374884586390682
2019-04-18,61.28181630560506,54.82131339913163,3.2045407640126644
2019-04-22,60.4406531637092,52.96374193464013,1.1016329092730093
2019-04-23,60.13037051220692,52.49849243585301,0.325926280517308
2019-04-24,60.5441741552759,52.06969470431003,1.3604353881897513
2019-04-25,57.67118260553356,50.0284729462483,-5.822043486166106
2019-04-26,57.50403731556902,51.63120911856542,-6.239906711077436
2019-04-29,56.97683690260224,51.7514688081672,-7.5579077434944075
2019-04-30,57.7549901323612,51.95314388907147,-5.612524669097008
2019-05-01,57.22426436641625,51.70086965986832,-6.939339083959384
2019-05-02,57.656203696925026,52.34064329454192,-5.8594907576874355
2019-05-03,57.07452532937886,52.03178644597668,-7.313686676552855
2019-05-06,56.183536933900406,51.30053690238479,-9.541157665248988
2019-05-07,56.474607529030095,51.29128589620061,-8.813481177424753
2019-05-08,57.474460636696804,50.6927267863713,-6.313848408257994
2019-05-09,57.602592280083876,51.25880722121774,-5.993519299790306
2019-05-10,56.709218549207066,50.81543083636181,-8.226953626982336
2019-05-13,56.29645697187925,50.899458028821904,-9.25885757030187
2019-05-14,57.467570186890164,51.02679468486202,-6.331074532774594
2019-05-15,56.514575089163124,50.34317879167797,-8.71356227709219
2019-05-16,56.89819605055794,49.36434133761023,-7.754509873605153
2019-05-17,56.681472456864896,49.38877760385194,-8.29631885783777
2019-05-20,58.15006218737423,49.686278953208245,-4.62484453156442
2019-05-21,58.732636936953796,50.39700594098757,-3.168407657615502
2019-05-22,57.17284833711224,50.39453882551718,-7.067879157219403
2019-05-23,59.13935105678995,50.143905460009776,-2.1516223580251292
2019-05-24,58.410511742306724,50.17013949033825,-3.9737206442331807
2019-05-28,58.42139757829407,49.65276242659614,-3.946506054264831
2019-05-29,57.24777826164242,49.900836737439064,-6.880554345893963
2019-05-30,57.81482016453742,50.03768352854213,-5.462949588656452
2019-05-31,57.75827759606371,51.22450896425083,-5.604306009840743
2019-06-03,61.39698000831005,53.123938547423876,3.4924500207751397
2019-06-04,61.91932044648438,53.57769642137273,4.798301116210935
2019-06-05,61.371966593730974,53.77396152664954,3.4299164843274443
2019-06-06,60.85320509078271,53.516532894575256,2.1330127269567623
2019-06-07,58.736688707252405,52.805189613020424,-3.158278231868983
2019-06-10,58.41962583769344,52.64273989527524,-3.9509354057664092
2019-06-11,58.011493021707174,52.76274333060769,-4.971267445732064
2019-06-12,57.89963725068178,52.6296481461093,-5.250906873295547
2019-06-13,59.660894694478806,53.54918927387432,-0.8477632638029808
2019-06-14,59.99409955031404,54.142937214138826,-0.014751124214895661
2019-06-17,59.27127067708699,53.267284365431436,-1.821823307282533
2019-06-18,58.893717241351766,53.42893621544529,-2.76570689662059
2019-06-19,58.75682865398954,53.51434875712691,-3.107928365026158
2019-06-20,59.23327151308894,53.09426955026748,-1.9168212172776533
2019-06-21,59.012040375094436,52.39715628556067,-2.469899062263914
2019-06-24,57.96095535962009,51.19137384914411,-5.097611600949792
2019-06-25,60.11354591915867,52.20150527440896,0.2838647978966602
2019-06-26,59.88585810969069,51.815934369937985,-0.28535472577329024
2019-06-27,61.451140378084226,52.804653851662145,3.6278509452105645
2019-06-28,62.20965807784195,53.50751013312361,5.524145194604868
2019-07-01,58.12426028930212,52.870477568553156,-4.689349276744692
2019-07-02,56.37614493592665,51.548776941882956,-9.059637660183363
2019-07-03,57.114146071711495,51.85265738248399,-7.214634820721266
2019-07-05,57.65855101830261,52.494156553209415,-5.853622454243479
2019-07-08,59.052725142962395,52.13014321715948,-2.3681871425940137
2019-07-09,58.990236895565964,51.340216818090205,-2.52440776108509
2019-07-10,57.84842478681135,50.12831514643443,-5.378938032971625
2019-07-11,57.50719260103624,50.57280398129172,-6.232018497409397
2019-07-12,57.73198818321816,51.207550767174766,-5.670029541954613
2019-07-15,57.920720450419154,51.76826002128158,-5.19819887395212
2019-07-16,59.19909867780334,51.978736944282986,-2.0022533054916414
2019-07-17,58.8450850822455,52.439063488973375,-2.8872872943862538
2019-07-18,58.37486919206704,52.4240359504325,-4.062827019832405
2019-07-19,59.22084880299518,52.27461105106743,-1.9478779925120593
2019-07-22,58.69495089903659,53.03405776493997,-3.262622752408517
2019-07-23,60.51984494639559,53.05919342881921,1.299612365988967
2019-07-24,59.79804675261281,53.95830128059182,-0.5048831184679692
2019-07-25,59.406473215421975,52.840716837421674,-1.4838169614450614
2019-07-26,57.64595625932184,53.06772240745695,-5.8851093516953945
2019-07-29,55.626979399838596,52.23938587683783,-10.932551500403509
2019-07-30,57.724897447335394,53.27646696649158,-5.687756381661524
2019-07-31,59.61092346061204,53.68167212174708,-0.9726913484698896
2019-08-01,57.51990583090504,52.50348005479431,-6.200235422737399
2019-08-02,57.38225166264125,52.436741084995525,-6.544370843396874
2019-08-05,58.07898856485888,52.4262476298833,-4.802528587852795
2019-08-06,57.57929338179285,51.88049774146015,-6.051766545517867
2019-08-07,59.336634677555494,52.008810481751134,-1.6584133061112727
2019-08-08,58.84838920942482,51.42593421024375,-2.8790269764379373
2019-08-09,56.978917620699164,51.49587468914108,-7.552705948252081
2019-08-12,57.19302716768179,51.95156889619396,-7.017432080795527
2019-08-13,55.68952523601779,51.361138471123034,-10.77618690995552
2019-08-14,55.842199311298515,51.00479163282987,-10.394501721753713
2019-08-15,54.832662565365354,50.00399979153076,-12.918343586586612
2019-08-16,54.86785722414219,50.839553787404576,-12.830356939644517
2019-08-19,55.52530059008993,50.78820653566505,-11.186748524775192
2019-08-20,54.76907994771477,50.791957481799855,-13.077300130713066
2019-08-21,53.997705814763364,51.19410539771097,-15.005735463091586
2019-08-22,55.042539359925684,51.46488034416061,-12.393651600185795
2019-08-23,55.14789780068171,51.40469397536996,-12.130255498295718
2019-08-26,54.68737247850933,50.330566530729264,-13.281568803726662
2019-08-27,52.69438299617043,47.89364111772099,-18.26404250957392
2019-08-28,52.92082501141054,48.11398533105438,-17.697937471473637
2019-08-29,54.82660947394477,48.467327059116194,-12.933476315138082
2019-08-30,55.34505902827135,49.03669913991666,-11.637352429321624
2019-09-03,54.74506177745714,49.94934168882318,-13.13734555635715
2019-09-04,56.07818712764256,50.42962655770986,-9.80453218089361
2019-09-05,56.482999459439924,51.06021632488831,-8.792501351400194
2019-09-06,57.750551671195396,51.3336030046763,-5.62362082201151
2019-09-09,60.689948954333275,52.1305568240528,1.7248723858331871
2019-09-10,62.883222014928144,53.73527852134039,7.20805503732036
2019-09-11,64.13017582448809,54.35921394448973,10.325439561220229
2019-09-12,63.671904312068364,53.95158388326558,9.17976078017091
2019-09-13,64.96221501545504,53.816710620691524,12.405537538637601
2019-09-16,65.93280015917034,54.96498433255041,14.83200039792587
2019-09-17,65.18939037876666,54.59340443675693,12.973475946916668
2019-09-18,64.6715500461974,54.93661082446331,11.678875115493481
2019-09-19,63.5903910353599,53.33344504696767,8.975977588399742
2019-09-20,63.297281139376636,53.567470250163794,8.2432028484416
2019-09-23,64.40415787998828,53.217211865281286,11.010394699970671
2019-09-24,65.20916489074041,52.1601364849613,13.022912226851036
2019-09-25,65.79660028937195,52.574497785827326,14.491500723429862
2019-09-26,65.01813924723163,53.41448008855113,12.545348118079058
2019-09-27,65.48836193558024,53.601488037164,13.72090483895061
2019-09-30,65.19552243377923,53.6620180750555,12.988806084448079
2019-10-01,63.60304349335401,52.74245000302822,9.00760873338502
2019-10-02,62.896800848358,52.832659121908996,7.242002120894986
2019-10-03,61.82074196366075,53.517004294754955,4.551854909151887
2019-10-04,60.2072479450872,53.00681640456473,0.5181198627179917
2019-10-07,57.807397559493566,52.177412399421065,-5.481506101266076
2019-10-08,55.16869252814253,52.01502019709143,-12.078268679643678
2019-10-09,54.71153223942035,51.55606122369156,-13.221169401449128
2019-10-10,55.9123633737589,52.12103427459731,-10.219091565602746
2019-10-11,56.855861351331775,52.86796971465669,-7.860346621670566
2019-10-14,54.89545837146576,52.256718582674786,-12.761354071335607
2019-10-15,55.2813803416082,52.45642052263309,-11.796549145979496
2019-10-16,55.92532187131524,52.06948815818428,-10.186695321711902
2019-10-17,57.32621342322445,51.79807264769038,-6.684466441938874
2019-10-18,58.4945999272274,52.99997309717456,-3.7635001819315006
2019-10-21,58.28627445785854,53.61690912221432,-4.284313855353661
2019-10-22,59.73540099123341,54.72679167821257,-0.6614975219164654
2019-10-23,59.81075692411983,53.872896794114425,-0.47310768970043604
2019-10-24,59.46916155108823,53.326355092503086,-1.3270961222794364
2019-10-25,58.551306799261916,54.246506844361946,-3.6217330018452065
2019-10-28,57.50802322285148,53.74071965230882,-6.229941942871298
2019-10-29,59.82720028641858,53.83044074723865,-0.4319992839535436
2019-10-30,59.13896231557469,53.80488505430382,-2.1525942110632856
2019-10-31,58.49141858801049,52.99100554504081,-3.7714535299737673
2019-11-01,60.656431454427334,54.1310701642373,1.6410786360683272
2019-11-04,61.781130362965925,55.16749188913129,4.4528259074148036
2019-11-05,62.95467620784731,55.598199549895654,7.386690519618266
2019-11-06,62.68544470500922,55.915252556552396,6.713611762523053
2019-11-07,61.93980523396968,55.92771957705134,4.849513084924206
2019-11-08,60.590840213340904,56.48283732359905,1.4771005333522602
2019-11-11,60.73308216934489,55.92938083453509,1.8327054233622242
2019-11-12,60.65347775796294,55.66481291592502,1.633694394907348
2019-11-13,60.262404415451996,55.50753063281383,0.65601103863
2019-11-14,60.232697698680795,55.70363848529526,0.5817442467019873
2019-11-15,59.00154112610488,55.4853569069661,-2.4961471847377847
2019-11-18,57.88558782584707,55.33939337679245,-5.286030435382338
2019-11-19,56.34614812414384,55.77633303419,-9.134629689640406
2019-11-20,56.32499898597384,56.17382585664755,-9.187502535065395
2019-11-21,56.61323265713477,55.65996042419242,-8.466918357163067
2019-11-22,57.0710713504225,55.663392811604105,-7.3223216239437505
2019-11-25,58.57319657231627,55.771778944705204,-3.567008569209329
2019-11-26,57.28765801019765,55.433184904154224,-6.780854974505868
2019-11-27,58.38478501290826,55.253823269942224,-4.03803746772935
2019-11-29,59.1515214608286,54.66010473805964,-2.121196347928511
2019-12-02,57.97831731841238,54.27373118431484,-5.054206703969055
2019-12-03,56.7194408426745,52.68853762933196,-8.201397893313755
2019-12-04,56.717474977587294,51.763030890575166,-8.206312556031769
2019-12-05,57.19525424725064,51.60951716952667,-7.0118643818734006
2019-12-06,57.67820878731186,52.201960281443725,-5.80447803172035
2019-12-09,57.75394363557268,52.006477624850035,-5.615140911068295
2019-12-10,58.083131505747104,51.07706908690735,-4.792171235632248
2019-12-11,58.742267727909635,51.67638964646962,-3.144330680225904
2019-12-12,59.9079215291526,52.55865810515354,-0.23019617711850238
2019-12-13,58.23720088692571,52.37832579815919,-4.406997782685718
2019-12-16,57.97678680862765,52.180831972917346,-5.058032978430882
2019-12-17,58.748386814788034,51.83828620479248,-3.1290329630299096
2019-12-18,59.518725228022745,52.25462692383235,-1.2031869299431452
2019-12-19,59.28164469327805,52.14129743923311,-1.7958882668048792
2019-12-20,59.751000190323545,52.400203046394125,-0.6224995241911335
2019-12-23,59.05407606817427,51.685868233229215,-2.3648098295643294
2019-12-24,58.816289320912354,51.823730293012495,-2.9592766977191154
2019-12-26,58.0053200250139,51.95983221519654,-4.986699937465255
2019-12-27,57.63918974107839,51.98813022375082,-5.902025647304021
2019-12-30,58.70290080577173,52.72292114163497,-3.242747985570671
2019-12-31,59.18080422636781,53.63439879608437,-2.047989434080466
2020-01-02,57.17232144586965,52.29311744652027,-7.069196385325882
2020-01-03,57.488439437116355,53.21159650060679,-6.278901407209103
2020-01-06,56.532979057148616,52.74752830824728,-8.66755235712846
2020-01-07,57.25613230809373,53.040990191755654,-6.859669229765664
2020-01-08,56.29185762484784,51.655436888367745,-9.270355937880392
2020-01-09,55.40407783525629,51.39401268369188,-11.489805411859288
2020-01-10,55.28388021911458,51.67794970163162,-11.79029945221355
2020-01-13,54.28041225573911,51.53015198381828,-14.298969360652226
2020-01-14,57.00898925949759,52.18081961841496,-7.477526851256022
2020-01-15,56.943099962011644,51.21845744568907,-7.642250094970882
2020-01-16,57.35129309984893,51.25883064519866,-6.621767250377664
2020-01-17,56.32706987497981,50.14641825256517,-9.182325312550477
2020-01-21,55.739442648166715,49.62463205438231,-10.651393379583208
2020-01-22,54.90107703446995,49.57108594369656,-12.747307413825126
2020-01-23,55.72118333641648,49.93414530137872,-10.697041658958796
2020-01-24,54.91730302413415,50.21508043883239,-12.70674243966463
2020-01-27,55.998677195308304,49.59508209430608,-10.003307011729245
2020-01-28,55.990742707414036,50.040004513240596,-10.023143231464914
2020-01-29,54.27267013387475,50.100328428538795,-14.318324665313131
2020-01-30,53.336913385465216,49.092143058551095,-16.657716536336963
2020-01-31,55.167722954520606,48.222617337416345,-12.080692613698485
2020-02-03,54.131103718105805,47.776461623581824,-14.672240704735495
2020-02-04,54.90981298370076,47.96366148286314,-12.725467540748102
2020-02-05,55.31851475957449,48.95492699465529,-11.703713101063773
2020-02-06,54.82911416027311,48.10777450024709,-12.927214599317228
2020-02-07,54.602368005130046,47.624492944117975,-13.494079987174889
2020-02-10,53.47581772010698,47.258743180071704,-16.31045569973255
2020-02-11,55.40342931253032,48.537405581971484,-11.491426718674202
2020-02-12,54.191146382706535,48.44960121812939,-14.52213404323366
2020-02-13,54.53004003717717,48.45915456812314,-13.674899907057059
2020-02-14,53.578419877587926,48.59304385928712,-16.053950306030185
2020-02-18,53.855732238407754,48.60605628049359,-15.36066940398062
2020-02-19,54.2348419863837,48.33451942391782,-14.412895034040751
2020-02-20,56.31296512203229,49.385926319440784,-9.217587194919275
2020-02-21,56.371847950458765,49.50282784160412,-9.070380123853084
2020-02-24,58.10081084027358,49.92445350687314,-4.747972899316055
2020-02-25,56.91386306130578,49.36495059042662,-7.715342346735543
2020-02-26,55.038645168466516,47.981848294856476,-12.403387078833706
2020-02-27,57.275622534763514,48.948426410992795,-6.810943663091207
2020-02-28,55.14384968965226,47.35367830349608,-12.14037577586935
2020-03-02,53.91528547546355,46.50343259974608,-15.211786311341125
2020-03-03,55.69756870470925,47.15231660417974,-10.756078238226884
2020-03-04,54.921019535227735,46.57251597748267,-12.697451161930662
2020-03-05,52.69301231525318,45.89676787373266,-18.26746921186706
2020-03-06,52.53139070573955,44.91574274217925,-18.671523235651133
2020-03-09,49.96236569672269,42.67503256562908,-25.094085758193273
2020-03-10,49.82023046866971,41.83809503723641,-25.449423828325713
2020-03-11,46.05595162029789,40.10178169909701,-34.86012094925528
2020-03-12,43.64395202335082,39.52848433502088,-40.89011994162295
2020-03-13,42.08357232189427,38.73660619202757,-44.79106919526432
2020-03-16,37.90883622971876,35.8622849959679,-55.2279094257031
2020-03-17,39.03356052648398,36.11525204509748,-52.41609868379005
2020-03-18,33.7002656666462,32.74443995400287,-65.74933583338449
2020-03-19,32.46138574133818,32.70254665850076,-68.84653564665454
2020-03-20,29.88422410468886,31.630284443313652,-75.28943973827784
2020-03-23,25.012873721657357,29.164812253475844,-87.4678156958566
2020-03-24,31.68003692641891,33.20190909323543,-70.79990768395272
2020-03-25,37.604047397402454,35.739151792314,-55.989881506493866
2020-03-26,36.04257254320728,35.08358767910184,-59.89356864198181
2020-03-27,38.48414264971084,34.788164108928214,-53.789643375722896
2020-03-30,38.062490400702835,34.883564989112585,-54.843773998242916
2020-03-31,35.232102163349346,33.5936238341495,-61.91974459162664
2020-04-01,34.4895243853152,33.1433862779251,-63.776189036712005
2020-04-02,32.81211987042502,31.073878782286545,-67.96970032393746
2020-04-03,33.67370892216329,31.222678297250372,-65.81572769459176
2020-04-06,40.178986736602155,33.523321125275736,-49.55253315849462
2020-04-07,44.1633370143672,35.17511584635287,-39.591657464082
2020-04-08,49.18572693068896,37.063919406463924,-27.035682673277606
2020-04-09,54.496348097262214,38.04417053004639,-13.759129756844457
2020-04-13,51.076045869746245,35.28184073067456,-22.309885325634383
2020-04-14,54.80713827275329,34.38412346241718,-12.982154318116779
2020-04-15,49.37656300403947,32.06211444885585,-26.558592489901333
2020-04-16,53.519048589883845,31.46662342427573,-16.202378525290385
2020-04-17,57.27295028285696,34.070184303514694,-6.817624292857594
2020-04-20,58.368814596005905,33.146587968949405,-4.0779635099852385
2020-04-21,62.963592754002775,33.73208497822361,7.408981885006938
2020-04-22,55.755095004968815,33.06154013733318,-10.612262487577961
2020-04-23,52.223772194891616,33.54418234695933,-19.440569512770956
2020-04-24,52.673506535382714,34.150372354027574,-18.316233661543222
2020-04-27,58.22116653106501,37.64155397694383,-4.447083672337482
2020-04-28,68.04870263180729,42.37690353060009,20.121756579518202
2020-04-29,72.97739907004826,44.52435959620322,32.44349767512067
2020-04-30,67.9525791619436,40.6783239890281,19.881447904859016
2020-05-01,66.8250901255138,37.65423367930091,17.062725313784497
2020-05-04,66.71005745720032,38.03002536699461,16.77514364300081
2020-05-05,61.61494085069567,37.58446359738765,4.037352126739169
2020-05-06,55.766079451040696,36.51487101171639,-10.584801372398257
2020-05-07,55.09661864313546,36.88385094681682,-12.25845339216136
2020-05-08,56.2436326848274,39.25759191759238,-9.390918287931482
2020-05-11,56.439937532621215,36.3966220305125,-8.900156168446971
2020-05-12,55.08364419844932,35.261393515898526,-12.29088950387669
2020-05-13,54.853443880483646,32.6373060647617,-12.866390298790886
2020-05-14,58.14206129738441,33.71110988285978,-4.644846756538978
2020-05-15,53.09427692562071,32.209772045388036,-17.26430768594822
2020-05-18,63.5344031351289,37.269263519625845,8.836007837822235
2020-05-19,61.60986280343565,35.74823955509291,4.0246570085891165
2020-05-20,63.44809472691905,36.816024613587686,8.620236817297622
2020-05-21,64.05742502579605,38.76187356140138,10.143562564490116
2020-05-22,63.47944020110056,37.72876238759488,8.698600502751397
2020-05-26,65.74467814690864,43.882808162416026,14.36169536727161
2020-05-27,62.24566058945559,47.39686270131619,5.614151473638973
2020-05-28,55.66626353276915,44.50540989356656,-10.834341168077133
2020-05-29,59.9578347946914,43.68416090292494,-0.10541301327149366
2020-06-01,67.03716233530143,46.15254438521217,17.59290583825357
2020-06-02,69.62379494930268,48.177095101466676,24.059487373256694
2020-06-03,77.12178590028887,53.78310155665978,42.80446475072219
2020-06-04,83.59478601736305,56.573634667806914,58.986965043407615
2020-06-05,85.76559956915929,60.73538347073666,64.41399892289823
2020-06-08,86.22846221852875,65.26020386729249,65.57115554632188
2020-06-09,83.80152875716286,61.66176006948721,59.50382189290715
2020-06-10,78.31421067132277,59.880552774720215,45.78552667830693
2020-06-11,78.14884848287299,56.1288901977653,45.37212120718248
2020-06-12,79.99164144216934,62.04224289058614,49.97910360542335
2020-06-15,81.8590502087328,62.343451704212356,54.647625521832
2020-06-16,72.81038409014607,64.22479964631896,32.02596022536519
2020-06-17,71.3647834258087,65.05027883715276,28.411958564521722
2020-06-18,70.43064924646009,60.98469660807693,26.076623116150223
2020-06-19,67.50117191601278,57.270170518858585,18.752929790031956
2020-06-22,65.78957254254915,56.13886539207625,14.473931356372871
2020-06-23,56.53708132950092,55.277041636031925,-8.657296676247705
2020-06-24,49.67887054023773,54.8447692597921,-25.80282364940567
2020-06-25,52.71261844473049,55.662979283247324,-18.21845388817378
2020-06-26,56.445810246655796,57.67819097882827,-8.885474383360513
2020-06-29,55.45948116610097,60.801930789177845,-11.35129708474758
2020-06-30,54.0352095228008,61.427828160134155,-14.911976192998
2020-07-01,45.53132776105974,57.2855886669641,-36.17168059735065
2020-07-02,42.75788588471911,55.653259361351466,-43.10528528820223
2020-07-06,36.92714330361734,52.68022273963522,-57.68214174095665
2020-07-07,30.416821746529436,49.37427116526283,-73.95794563367642
2020-07-08,35.332812868052336,51.329534575050744,-61.66796782986916
2020-07-09,38.757033741421665,49.51888724624219,-53.10741564644583
2020-07-10,45.96548081145223,53.92890856869918,-35.08629797136942
2020-07-13,44.46497281670338,56.12822182253597,-38.83756795824156
2020-07-14,45.05008768376769,54.425787919863666,-37.374780790580765
2020-07-15,49.773578695548515,58.6317456155498,-25.566053261128708
2020-07-16,53.287927173282846,58.80614269819063,-16.780182066792882
2020-07-17,53.90537685139266,59.788250759798714,-15.236557871518341
2020-07-20,50.509151601203186,56.16736222367442,-23.727120996992035
2020-07-21,55.64788185168012,58.04116139563371,-10.880295370799708
2020-07-22,57.91421189584999,55.084124472217454,-5.214470260375026
2020-07-23,65.18071575980974,53.088725156103614,12.95178939952435
2020-07-24,65.02076234204951,50.833576338181146,12.55190585512378
2020-07-27,62.294955975392995,54.17396508337192,5.737389938482496
2020-07-28,60.338454011448164,56.72328843751546,0.8461350286204095
2020-07-29,61.67437777125477,58.25286756719867,4.185944428136912
2020-07-30,63.28873916835182,58.33703160627613,8.221847920879544
2020-07-31,59.74252663317835,58.17169006734724,-0.6436834170541195
2020-08-03,59.71274102470824,55.57400154135673,-0.7181474382293995
2020-08-04,62.44339540896172,53.19783417583358,6.1084885224043095
2020-08-05,65.08100895101293,56.69869872629636,12.702522377532333
2020-08-06,66.2579648032555,56.43472008352236,15.644912008138778
2020-08-07,67.41326709772218,61.84704410414444,18.533167744305466
2020-08-10,68.83268491763135,62.87133580345578,22.081712294078404
2020-08-11,70.45850364905796,65.44371971471398,26.1462591226449
2020-08-12,61.63755889396224,57.43953024974664,4.093897234905608
2020-08-13,59.65974478314741,57.57372293369434,-0.8506380421314796
2020-08-14,60.598519928315255,57.98866814227045,1.4962998207881384
2020-08-17,64.88069324409554,56.6791164793466,12.201733110238866
2020-08-18,58.55879561581329,54.95519096785762,-3.6030109604667793
2020-08-19,57.755956648642965,50.16020918965448,-5.610108378392598
2020-08-20,50.62878217642658,45.92390813468817,-23.428044558933546
2020-08-21,48.86928923754995,46.61051095890593,-27.82677690612512
2020-08-24,52.53998114043811,49.5526379167538,-18.650047148904726
2020-08-25,51.073766268619934,46.85107301256267,-22.315584328450157
2020-08-26,44.964104334612415,43.00683587057037,-37.58973916346897
2020-08-27,47.781005597867704,40.517041286700426,-30.547486005330747
2020-08-28,51.726641634045826,39.12492122325679,-20.683395914885438
2020-08-31,51.61874583152625,35.47770022029074,-20.953135421184378
2020-09-01,49.52827552429006,31.826884887400965,-26.179311189274856
2020-09-02,50.07277804360072,36.666957243052,-24.818054890998198
2020-09-03,57.619119202525575,43.9955908409149,-5.952201993686068
2020-09-04,56.22342365598011,48.37939836519962,-9.44144086004972
2020-09-08,55.91706358251351,48.08974745980158,-10.207341043716234
2020-09-09,49.92847402853528,45.73069464416033,-25.178814928661808
2020-09-10,54.25571488833331,46.09308123158863,-14.360712779166729
2020-09-11,57.33953147088785,48.96236327418106,-6.651171322780369
2020-09-14,57.367950776770144,49.936845759467616,-6.5801230580746495
2020-09-15,56.84142063701935,50.09548686382343,-7.896448407451628
2020-09-16,64.278331719952,54.02430827897065,10.69582929988
2020-09-17,66.00235550102911,56.01214260316812,15.005888752572805
2020-09-18,68.93954345224782,57.83206364959243,22.348858630619528
2020-09-21,65.29764343939875,54.35325763059288,13.244108598496895
2020-09-22,60.614989245433776,52.12444898335062,1.537473113584431
2020-09-23,62.71962687138281,51.29115881824973,6.799067178457019
2020-09-24,67.03067516352336,50.85641271817973,17.576687908808395
2020-09-25,64.93404188783728,52.36995568047557,12.335104719593204
2020-09-28,65.26945407432864,52.89477240952784,13.173635185821597
2020-09-29,66.15351002618523,53.34859624803152,15.383775065463068
2020-09-30,66.85463511129853,54.139790815023076,17.136587778246337
2020-10-01,64.39889283363257,54.60743586295997,10.997232084081432
2020-10-02,65.2865267219456,60.735694085885534,13.216316804864015
2020-10-05,62.83632015817447,59.01769358654619,7.090800395436192
2020-10-06,61.74877580160224,59.017960950779724,4.371939504005606
2020-10-07,65.31596300283024,58.4007819890996,13.289907507075593
2020-10-08,66.4445511563357,56.40485282767611,16.11137789083927
2020-10-09,61.54595160277617,54.08493891558248,3.864879006940436
2020-10-12,57.085569834211505,51.914342092075216,-7.286075414471238
2020-10-13,57.24730809090509,54.32455995631439,-6.881729772737266
2020-10-14,54.450757479177526,53.27082751372262,-13.873106302056183
2020-10-15,54.96544305115657,54.1520009856536,-12.586392372108568
2020-10-16,55.07312211707348,51.5249427530998,-12.317194707316293
2020-10-19,61.53752876982427,52.208785744015586,3.8438219245606753
2020-10-20,64.31409368448712,53.36477846392185,10.785234211217798
2020-10-21,63.00817783719136,52.93359253446767,7.520444592978404
2020-10-22,66.3439855354484,53.714581118354346,15.859963838620983
2020-10-23,68.01345960373698,55.26801300564166,20.033649009342458
2020-10-26,64.94939900362539,56.12374194676668,12.37349750906347
2020-10-27,62.50919008185599,55.08607951174072,6.272975204639986
2020-10-28,65.03297248678187,55.742914878748614,12.582431216954681
2020-10-29,66.1481186456409,55.26497968450412,15.370296614102275
2020-10-30,63.42617500386373,58.95310816119232,8.565437509659324
2020-11-02,67.94354251964621,59.348314483117235,19.858856299115544
2020-11-03,67.5908013301187,58.24634765204912,18.977003325296728
2020-11-04,58.680207432785096,51.12932958850653,-3.2994814180372645
2020-11-05,56.32688165242045,53.08063675086844,-9.18279586894888
2020-11-06,57.71910736993101,52.87545120049978,-5.702231575172467
2020-11-09,73.0214994537674,59.57141435709318,32.55374863441851
2020-11-10,77.40603254602924,62.03763386145961,43.515081365073094
2020-11-11,72.0947936964245,61.70269122282746,30.23698424106125
2020-11-12,67.26393321272596,60.107741802776175,18.159833031814898
2020-11-13,70.67383690208308,64.17533154727052,26.684592255207697
2020-11-16,73.29911622797243,67.73911440041276,33.2477905699311
2020-11-17,73.95452670201918,66.91401961091427,34.88631675504794
2020-11-18,74.64479690034378,67.8771934822467,36.61199225085943
2020-11-19,72.01252232539112,71.18981030139332,30.031305813477793
2020-11-20,71.72118942058403,70.71864661020311,29.302973551460056
2020-11-23,77.38628974523672,72.57334267813421,43.465724363091816
2020-11-24,83.35948812052288,75.35558367705609,58.398720301307215
2020-11-25,79.30741137330214,74.9120170839771,48.268528433255355
2020-11-27,77.9615577141039,73.15801214031926,44.90389428525976
2020-11-30,72.33299216711839,68.35062853179613,30.83248041779596
2020-12-01,67.1801883222772,66.38180735273741,17.95047080569301
2020-12-02,66.203101920224,64.82576006045427,15.507754800559992
2020-12-03,77.39790335470417,68.46848965131852,43.494758386760424
2020-12-04,80.51905300197899,69.60652438266087,51.29763250494746
2020-12-07,80.92844328861396,67.59110795507084,52.32110822153491
2020-12-08,68.62255175338973,66.781607537097,21.556379383474322
2020-12-09,68.15315717419631,69.36434383471018,20.38289293549078
2020-12-10,72.43672735957952,66.8829889346615,31.09181839894881
2020-12-11,72.829168300666,64.39730508591646,32.07292075166501
2020-12-14,68.41180931856726,63.84086726946842,21.029523296418162
2020-12-15,66.2658666773121,68.36677686080229,15.66466669328026
2020-12-16,63.54395909554688,68.82892116816059,8.859897738867195
2020-12-17,63.51019153343852,68.39323840720341,8.775478833596306
2020-12-18,63.836178010223,69.10067392142949,9.590445025557504
2020-12-21,61.58700065963284,68.52231048306324,3.967501649082106
2020-12-22,57.24037066357334,67.27225554891936,-6.899073341066653
2020-12-23,56.98174108251325,69.25040697685304,-7.545647293716873
2020-12-24,58.547122495938844,69.40071822326993,-3.632193760152891
2020-12-28,57.63898652607974,68.67549977490107,-5.902533684800648
2020-12-29,58.93095817947759,64.22085154692203,-2.6726045513060237
2020-12-30,61.87193230707949,65.75606079788544,4.679830767698734
2020-12-31,62.10766046736053,65.05786401862724,5.26915116840132
2021-01-04,59.41876531704512,64.63512035607023,-1.4530867073871967
2021-01-05,57.12867019469109,63.541630965316905,-7.178324513272272
2021-01-06,65.38317555233778,70.1004618269383,13.457938880844456
2021-01-07,63.481995495237115,70.99849860350855,8.704988738092778
2021-01-08,59.587387278962815,70.9216445047769,-1.0315318025929665
2021-01-11,61.358887260426926,71.4694211844656,3.397218151067305
2021-01-12,66.45709605753177,71.94455731590483,16.142740143829435
2021-01-13,65.1381738817744,70.435207866284,12.845434704435998
2021-01-14,66.68993016350612,71.74621527171355,16.724825408765298
2021-01-15,68.11650081385835,71.31012324954779,20.29125203464588
2021-01-19,66.8429101636636,70.89949664572077,17.107275409159016
2021-01-20,63.122700920660826,67.007020593358,7.806752301652065
2021-01-21,62.49346429706412,64.95712927927927,6.233660742660296
2021-01-22,63.07219212391567,66.05645109610431,7.680480309789184
2021-01-25,59.153617079082366,67.04744725947832,-2.1159573022940803
2021-01-26,58.58618788329893,65.19233373317208,-3.5345302917526578
2021-01-27,61.38003772061852,65.5800130222728,3.4500943015463026
2021-01-28,62.72039526294074,63.76735388915384,6.800988157351862
2021-01-29,61.3456165232709,61.538689978324186,3.364041308177246
2021-02-01,59.496199215115766,59.893211309982384,-1.2595019622105852
2021-02-02,59.44878945404945,65.13564905519837,-1.3780263648763835
2021-02-03,59.53512074865256,65.63450784767284,-1.1621981283685967
2021-02-04,53.07835941887363,67.00716205267472,-17.304101452815914
2021-02-05,55.473173059659814,59.69683881095473,-11.317067350850474
2021-02-08,58.792561880356985,59.063347442883895,-3.0185952991075293
2021-02-09,56.673532400408966,61.497699545800984,-8.31616899897758
2021-02-10,55.04226537605267,63.93376273219032,-12.394336559868325
2021-02-11,56.87596351759038,61.51708097134201,-7.81009120602405
2021-02-12,54.59453121733268,59.67414188972237,-13.513671956668304
2021-02-16,55.30618369237311,59.31305061245213,-11.734540769067214
2021-02-17,56.210528722159474,59.07814336635115,-9.47367819460132
2021-02-18,58.66568139993079,58.51949694850246,-3.335796500173016
2021-02-19,64.80920148288924,60.59296103128404,12.02300370722309
2021-02-22,68.92734654609795,60.765760563507804,22.31836636524487
2021-02-23,71.50468322811236,59.70966117700134,28.76170807028089
2021-02-24,74.85308379662777,62.42829509242621,37.132709491569436
2021-02-25,74.60425750195702,63.48688910488288,36.51064375489255
2021-02-26,73.81092945893165,64.6948613393984,34.52732364732913
2021-03-01,72.22808731998306,64.71905442913429,30.570218299957652
2021-03-02,74.78435665591648,65.27796481459553,36.960891639791214
2021-03-03,78.59195362347776,65.8798191604516,46.47988405869441
2021-03-04,77.3015668919816,63.64033444982215,43.25391722995398
2021-03-05,78.54751754806392,65.5251533970801,46.3687938701598
2021-03-08,82.88951265658356,68.58951941776559,57.22378164145891
2021-03-09,75.69554779676503,63.7582639848961,39.238869491912574
2021-03-10,77.24751553497805,64.48956719030409,43.11878883744513
2021-03-11,74.39234035362401,64.9142119168647,35.980850884060004
2021-03-12,77.5354016694044,67.24746688186224,43.838504173510984
2021-03-15,78.12709550963322,67.10953955021132,45.31773877408307
2021-03-16,74.11994622416266,65.97802846503714,35.29986556040665
2021-03-17,75.15195429649347,66.40860869390015,37.879885741233686
2021-03-18,77.73407197166632,67.24429001461436,44.335179929165804
2021-03-19,73.86110011092097,68.40490070461553,34.65275027730242
2021-03-22,67.2755331426558,67.2269642915011,18.188832856639525
2021-03-23,64.00819831800696,64.21794545437643,10.020495795017403
2021-03-24,63.63990667495875,65.71781011957867,9.09976668739687
2021-03-25,65.87245964974024,68.83909280315903,14.68114912435059
2021-03-26,67.58449889275221,70.3281169430351,18.961247231880527
2021-03-29,66.29715595671927,67.57895782005758,15.742889891798173
2021-03-30,66.9874728263649,68.43659061148416,17.468682065912233
2021-03-31,61.9227932123675,67.51532154849266,4.8069830309187545
2021-04-01,62.12048812690284,66.89138519583582,5.301220317257105
2021-04-05,58.29670925426783,60.970936965102034,-4.258226864330417
2021-04-06,54.47960632933579,62.708376119316625,-13.800984176660535
2021-04-07,57.58020244005681,62.45848405953636,-6.049493899857983
2021-04-08,54.85341266040446,60.283598811604676,-12.866468348988857
2021-04-09,55.59189787799154,57.96632135338931,-11.020255305021154
2021-04-12,53.664762162153046,59.82068423352705,-15.838094594617381
2021-04-13,50.850993365115286,56.90142736626314,-22.872516587211788
2021-04-14,55.97671215052035,58.21500465928026,-10.058219623699127
2021-04-15,54.153269328666454,58.25513895746676,-14.616826678333862
2021-04-16,52.680457276533716,60.45127447775751,-18.298856808665718
2021-04-19,52.76739125136797,62.03984007109276,-18.081521871580076
2021-04-20,55.32973636797486,62.18994931325756,-11.67565908006285
2021-04-21,59.43270198059264,64.39918849385136,-1.4182450485183962
2021-04-22,59.05312804685806,66.02323870842797,-2.367179882854842
2021-04-23,56.506262747744564,65.63541487569609,-8.734343130638589
2021-04-26,55.342196457522334,65.46706789138513,-11.644508856194168
2021-04-27,57.72485343934467,65.21008630894798,-5.68786640163832
2021-04-28,56.13434520313868,66.21971004844308,-9.664136992153294
2021-04-29,57.91713792325063,66.50872945277636,-5.207155191873425
2021-04-30,57.95777232489722,65.85744864763028,-5.105569187756953
2021-05-03,61.543082777166745,66.48312840798876,3.857706942916872
2021-05-04,62.806931547099545,67.48738799521004,7.017328867748862
2021-05-05,65.50038240354,66.7890194514183,13.750956008850013
2021-05-06,65.49479990789096,65.9606221858709,13.73699976972742
2021-05-07,67.41758684548905,65.89088999342808,18.543967113722637
2021-05-10,69.55251984778202,67.95987394195369,23.881299619455064
2021-05-11,70.1795656375475,66.85060837465923,25.448914093868737
2021-05-12,67.74673328837724,66.18384995912419,19.366833220943125
2021-05-13,69.51823222992756,66.76133467097834,23.7955805748189
2021-05-14,69.2022537949135,67.20274813727568,23.005634487283764
2021-05-17,69.7171604996805,65.15622427414509,24.29290124920125
2021-05-18,69.66676356134633,62.654996775305065,24.166908903365815
2021-05-19,67.10747668263573,61.627332288987205,17.768691706589344
2021-05-20,64.67029296797446,59.616283704355794,11.675732419936136
2021-05-21,65.56411094344212,59.952447790379786,13.910277358605283
2021-05-24,63.943418549287614,59.25611150755595,9.858546373219035
2021-05-25,62.622178780775286,59.146563790835614,6.555446951938215
2021-05-26,62.97029553256279,58.77954126768776,7.425738831406958
2021-05-27,64.67863283584168,57.81660145043933,11.696582089604224
2021-05-28,65.00180229137213,58.16879979692525,12.504505728430315
2021-06-01,65.17272796501106,58.12737027934662,12.931819912527676
2021-06-02,62.79158641710096,55.0126114759677,6.978966042752388
2021-06-03,62.99363223651685,58.78984304143232,7.48408059129213
2021-06-04,62.47397427215699,56.720752860606524,6.184935680392467
2021-06-07,60.85679345698981,57.36925353316625,2.141983642474532
2021-06-08,58.63937055361052,56.059331041051045,-3.4015736159737076
2021-06-09,58.6790977908937,54.67136888262395,-3.3022555227657513
2021-06-10,57.96976782747482,55.99799484725688,-5.075580431312954
2021-06-11,57.77816992933484,55.80682768343499,-5.554575176662913
2021-06-14,55.537891166959724,53.27067987749374,-11.155272082600698
2021-06-15,55.72976620658822,53.75873036050894,-10.675584483529455
2021-06-16,55.347061508605655,55.108679674717116,-11.632346228485858
2021-06-17,52.59916579698406,54.380277422135755,-18.502085507539846
2021-06-18,52.35294410552335,52.49646126803251,-19.117639736191627
2021-06-21,53.424515867669825,52.133159583600104,-16.438710330825444
2021-06-22,53.87596247690215,50.70456164974128,-15.310093807744618
2021-06-23,54.47212284634081,51.74978168774922,-13.819692884147972
2021-06-24,54.16891702669359,50.78645197684681,-14.57770743326603
2021-06-25,53.78775282444569,52.699516034361,-15.530617938885772
2021-06-28,51.305087262442754,51.359591768425396,-21.73728184389312
2021-06-29,49.17694428410532,52.33153498664462,-27.057639289736702
2021-06-30,50.03264148116345,52.194221685989035,-24.918396297091363
2021-07-01,49.70257826619745,53.76127021423128,-25.74355433450637
2021-07-02,49.51274816082311,53.31605621748356,-26.21812959794223
2021-07-06,47.125342450789354,51.96798448639931,-32.18664387302661
2021-07-07,46.28181757662774,51.350865090035484,-34.29545605843065
2021-07-08,47.05527479137327,52.246705089294196,-32.36181302156682
2021-07-09,49.47010788123699,51.8736497159858,-26.324730296907518
2021-07-12,48.9496799779475,52.495690013959326,-27.625800055131265
2021-07-13,48.66025854212798,50.72892498610968,-28.349353644680054
2021-07-14,46.75426859717046,49.950326734651725,-33.11432850707385
2021-07-15,47.52012607314548,50.16786409742453,-31.19968481713631
2021-07-16,51.3911043034485,49.359617246593,-21.52223924137875
2021-07-19,51.55529738410748,47.84623696005564,-21.111756539731296
2021-07-20,51.42570129616705,48.96656343632614,-21.435746759582376
2021-07-21,53.45908627777377,49.53421159503117,-16.35228430556557
2021-07-22,51.72774431025057,48.02915584411625,-20.680639224373575
2021-07-23,50.70480110375385,47.41762421374216,-23.23799724061537
2021-07-26,49.51587847772782,47.46981441960802,-26.210303805680457
2021-07-27,53.03076768094911,48.30948209062467,-17.42308079762722
2021-07-28,53.89859476724474,47.6228921665409,-15.253513081888158
2021-07-29,54.68106995487457,47.20754972355965,-13.297325112813564
2021-07-30,54.95782848295593,47.293756943241014,-12.605428792610173
2021-08-02,57.035186643810874,48.13557596634677,-7.412033390472805
2021-08-03,59.908606989805946,47.416198602864675,-0.2284825254851297
2021-08-04,58.55100760103084,44.733320506759355,-3.6224809974229055
2021-08-05,59.45330211539485,45.78116283428291,-1.3667447115128795
2021-08-06,59.03495395806576,46.59903048985651,-2.4126151048355915
2021-08-09,58.59472362598116,45.89397832804535,-3.5131909350470947
2021-08-10,62.40102486199287,46.644737622106035,6.002562154982183
2021-08-11,65.16954040827216,47.23152182568231,12.923851020680388
2021-08-12,63.44198799904029,46.44260477731397,8.604969997600742
2021-08-13,62.49560160783435,46.59141451730218,6.239004019585881
2021-08-16,63.03579705007664,46.865361442663826,7.589492625191596
2021-08-17,60.81002090665257,46.10674675815816,2.025052266631411
2021-08-18,60.29477288890041,47.32544014590915,0.7369322222510188
2021-08-19,60.7359942475687,46.890624836560846,1.8399856189217356
2021-08-20,61.23117898025029,46.37141185636426,3.0779474506257287
2021-08-23,60.56316869616451,45.00396684271638,1.4079217404112665
2021-08-24,60.43917582975767,45.568431865495704,1.097939574394191
2021-08-25,61.33652794547503,45.32572387403542,3.341319863687575
2021-08-26,59.61525164728546,45.29754890020064,-0.961870881786342
2021-08-27,59.4702067343022,45.17535125652245,-1.3244831642444943
2021-08-30,56.90170602893842,44.76935420951389,-7.745734927653958
2021-08-31,57.31157064106624,45.27224232654787,-6.7210733973344094
2021-09-01,58.986225170386,44.94191156713857,-2.534437074035001
2021-09-02,59.97497177331316,46.563802421115,-0.0625705667171017
2021-09-03,57.80133879474984,46.49678078572737,-5.496653013125408
2021-09-07,56.47381421330423,45.104062084915775,-8.81546446673942
2021-09-08,55.34371704673763,46.526111428808505,-11.640707383155924
2021-09-09,54.37516313868031,46.4023510363468,-14.062092153299233
2021-09-10,56.28144398271212,47.013241972758586,-9.296390043219693
2021-09-13,57.14586614630005,49.389290479538886,-7.135334634249868
2021-09-14,57.26232751669017,49.89174320184628,-6.844181208274569
2021-09-15,57.85646826335102,48.822829718959575,-5.358829341622462
2021-09-16,57.48642494607389,49.546715345011044,-6.283937634815273
2021-09-17,59.34067651080274,49.87602588201257,-1.6483087229931526
2021-09-20,60.26968059798867,50.10724655310581,0.6742014949716602
2021-09-21,59.7221188925554,48.620817257254544,-0.6947027686114993
2021-09-22,59.312367543724235,50.49118631842579,-1.7190811406894158
2021-09-23,59.037831826442215,51.41504897784364,-2.4054204338944674
2021-09-24,59.44062168496992,51.09376783841863,-1.3984457875751977
2021-09-27,61.20913051209995,52.266888191449794,3.0228262802498573
2021-09-28,65.70062928695529,54.73400317661404,14.251573217388236
2021-09-29,65.37454229311685,56.598744846435686,13.436355732792116
2021-09-30,63.765463301879635,55.80201210927028,9.413658254699087
2021-10-01,62.91541218639138,56.462220930272316,7.288530465978438
2021-10-04,66.81859601836283,57.25397100863617,17.04649004590708
2021-10-05,67.46367359424936,56.53300855670696,18.659183985623386
2021-10-06,66.1039575284485,57.366192688734834,15.259893821121251
2021-10-07,65.44589645317251,58.06919811602341,13.614741132931263
2021-10-08,64.70133150609735,57.74321171643016,11.753328765243376
2021-10-11,65.32194321961654,58.08787305096975,13.304858049041357
2021-10-12,67.13528331206889,59.63598606728216,17.83820828017224
2021-10-13,66.13380497772997,57.9846488012612,15.334512444324933
2021-10-14,66.3927960022677,57.585406890484364,15.981990005669244
2021-10-15,64.34426550402111,57.762839147758264,10.860663760052791
2021-10-18,62.662945400050006,57.60914520925137,6.657363500125024
2021-10-19,62.98392187988492,57.04433969056994,7.459804699712302
2021-10-20,63.893014695100305,57.27586101786925,9.732536737750763
2021-10-21,62.32518577393081,56.68655505380661,5.812964434827039
2021-10-22,63.87059541707089,56.82367260911753,9.67648854267722
2021-10-25,60.14960879805539,55.517248787210654,0.3740219951384738
2021-10-26,56.910625444838374,54.65565453672944,-7.72343638790407
2021-10-27,53.17990501534092,52.36544518338474,-17.05023746164769
2021-10-28,55.082200110664374,53.61914496902582,-12.294499723339069
2021-10-29,52.962818721495566,52.3763581761087,-17.592953196261085
2021-11-01,52.80512522341802,53.31572193689255,-17.987186941454958
2021-11-02,53.57070116716968,53.36260160142798,-16.073247082075802
2021-11-03,54.578418756212734,52.46023768900177,-13.553953109468164
2021-11-04,51.985151316820875,49.83421882399392,-20.037121707947804
2021-11-05,53.813018632776355,51.71097730469005,-15.467453418059108
2021-11-08,53.36810932383068,52.348536771965165,-16.579726690423293
2021-11-09,53.548896497051935,53.642210093230034,-16.12775875737016
2021-11-10,54.98023158809556,54.304982309878795,-12.549421029761088
2021-11-11,55.67449807110444,54.67002034577235,-10.813754822238897
2021-11-12,56.26655208716404,54.943753999213676,-9.333619782089908
2021-11-15,57.83841758477596,55.47311341284928,-5.403956038060098
2021-11-16,57.52269703995849,55.13119906550762,-6.193257400103791
2021-11-17,54.90913137981964,53.791944335181036,-12.727171550450889
2021-11-18,52.682858512634155,51.259657434305474,-18.292853718414605
2021-11-19,49.326839198008344,50.34027189401891,-26.682902004979137
2021-11-22,52.24365459644237,50.98530640634092,-19.390863508894075
2021-11-23,54.46487974173841,53.12286328770703,-13.837800645653985
2021-11-24,57.15182128673692,52.26598553239177,-7.120446783157708
2021-11-26,55.440226306252505,51.40953684211486,-11.399434234368734
2021-11-29,55.41895287550513,49.55855345766736,-11.452617811237186
2021-11-30,50.14059879834462,48.53373153801233,-24.648503004138455
2021-12-01,50.11222979735094,49.37752213536462,-24.71942550662265
2021-12-02,53.6064468002225,51.37281606170463,-15.983882999443754
2021-12-03,57.567664488811666,51.816173184236185,-6.080838777970832
2021-12-06,57.09488445468111,52.217396913445214,-7.2627888632972315
2021-12-07,55.372425880481245,51.24401097377599,-11.568935298796879
2021-12-08,54.08449440848954,51.653238593541964,-14.788763978776153
2021-12-09,53.272500681260915,51.43257467515969,-16.81874829684771
2021-12-10,51.30919661338548,50.789966520759265,-21.7270084665363
2021-12-13,52.99203641650746,50.970197005664666,-17.519908958731346
2021-12-14,52.79828704907915,50.797807501763884,-18.00428237730212
2021-12-15,52.014443496958705,50.30802317008876,-19.96389125760323
2021-12-16,55.948211959872864,51.695904049975546,-10.129470100317839
2021-12-17,57.69509837903443,50.43101149547117,-5.762254052413929
2021-12-20,59.72033132610587,50.51207224601662,-0.6991716847353224
2021-12-21,58.95395293539582,49.60263461495319,-2.6151176615104577
2021-12-22,56.66907297013427,47.599244511930465,-8.327317574664317
2021-12-23,57.7528110289819,47.61696420552545,-5.617972427545248
2021-12-27,58.7362978070002,48.34034333021451,-3.1592554824995123
2021-12-28,61.22059475361613,48.529845974165546,3.051486884040333
2021-12-29,64.79633312182193,47.323144720778345,11.990832804554818
2021-12-30,65.81638712763794,48.389557290777105,14.540967819094863
2021-12-31,63.31446557479404,49.68050310768677,8.286163936985114
2022-01-03,60.03417016575025,48.521771676496776,0.08542541437561724
2022-01-04,62.20253433404798,50.690972154747804,5.5063358351199465
2022-01-05,65.26055428650558,51.20671554141283,13.151385716263952
2022-01-06,66.57581367249209,51.31429720439535,16.43953418123023
2022-01-07,67.69067407153213,52.37724673770539,19.226685178830305
2022-01-10,67.33447866330712,51.35950454408773,18.336196658267802
2022-01-11,66.81438388016238,52.47281632153256,17.035959700405947
2022-01-12,65.67898257455334,52.638889064658166,14.197456436383371
2022-01-13,71.35850264032302,55.405873827846904,28.39625660080758
2022-01-14,67.57550100471214,53.94514891494832,18.938752511780343
2022-01-18,69.40896243362684,54.75233795544111,23.522406084067082
2022-01-19,69.25783870604677,53.78696593369409,23.14459676511693
2022-01-20,67.57242552351505,54.14003884424904,18.93106380878762
2022-01-21,70.86953656782414,56.13119371044379,27.17384141956036
2022-01-24,71.9744589044104,59.21439721265043,29.936147261026
2022-01-25,73.67253434567539,59.79056385167531,34.181335864188476
2022-01-26,70.40583360351803,59.33976112431772,26.014584008795083
2022-01-27,69.44467091460703,57.588150902458395,23.611677286517583
2022-01-28,65.886093806813,56.005566189650196,14.715234517032494
2022-01-31,63.823428675276915,55.413390591403385,9.558571688192297
2022-02-01,66.22277023671379,57.36692862231386,15.556925591784454
2022-02-02,61.56574013797215,55.52771851237077,3.914350344930373
2022-02-03,64.45720054212337,58.1473105273358,11.143001355308435
2022-02-04,60.93216928029767,55.93533835801257,2.3304232007441694
2022-02-07,61.5344154537539,56.48215080538561,3.836038634384753
2022-02-08,63.43218389958926,56.189686035265815,8.580459748973146
2022-02-09,64.20397963104664,57.42982704647676,10.509949077616598
2022-02-10,65.8831096127661,57.646395903170784,14.707774031915255
2022-02-11,64.81360415129588,59.998532259193226,12.034010378239701
2022-02-14,63.76218955843832,59.52599197858772,9.405473896095806
2022-02-15,62.67491649852589,61.10744052450962,6.6872912463147305
2022-02-16,63.558332855986365,62.88115048867222,8.89583213996592
2022-02-17,65.63153373602461,62.64357150766281,14.078834340061519
2022-02-18,64.66650993215376,62.62593557235264,11.666274830384404
2022-02-22,63.668354123359485,63.385589130167574,9.170885308398713
2022-02-23,63.484690035620815,64.97378324398551,8.711725089052047
2022-02-24,63.542579100119525,64.56500674900629,8.856447750298813
2022-02-25,65.71323754453674,67.6703213755851,14.283093861341856
2022-02-28,67.43586302827879,67.15191853510133,18.58965757069697
2022-03-01,67.67632636753967,64.36468261496331,19.19081591884919
2022-03-02,68.42821704500487,64.2609608501909,21.070542612512178
2022-03-03,70.93028986200278,64.25649515261878,27.325724655006933
2022-03-04,67.28288335632942,65.77328563282431,18.20720839082357
2022-03-07,70.32820544462894,66.27860530425862,25.820513611572338
2022-03-08,68.92034475930706,66.48832585550363,22.300861898267634
2022-03-09,66.29518706738388,65.80951166074556,15.737967668459696
2022-03-10,66.44380971079394,66.07027899331048,16.109524276984864
2022-03-11,66.43282464463759,66.41607972537572,16.08206161159398
2022-03-14,65.23022119080947,68.59516427237534,13.075552977023674
2022-03-15,64.81356096085506,65.2248729952295,12.033902402137642
2022-03-16,63.8622435216424,65.07895479324006,9.655608804105986
2022-03-17,63.00236590266021,64.99856805844534,7.505914756650522
2022-03-18,59.80205969591487,63.19127695886135,-0.49485076021282826
2022-03-21,57.71947020120759,63.30814043231726,-5.7013244969810195
2022-03-22,56.11147479308983,62.3193549804339,-9.721313017275413
2022-03-23,54.62690100120872,62.294480054564126,-13.432747496978203
2022-03-24,55.44266956306107,60.82704511220983,-11.393326092347333
2022-03-25,54.34965060991236,60.89152120328662,-14.125873475219098
2022-03-28,54.03510384883522,59.54136826579382,-14.912240377911946
2022-03-29,56.46371664265834,59.95908233497866,-8.840708393354157
2022-03-30,54.75373753760721,60.83872810364872,-13.11565615598198
2022-03-31,54.304410366232894,59.16542843030926,-14.238974084417766
2022-04-01,53.625973291133405,58.28677385408482,-15.935066772166495
2022-04-04,50.39467456786472,55.880088434052404,-24.013313580338203
2022-04-05,51.010442078243734,55.78980804236106,-22.47389480439066
2022-04-06,55.13822943339419,58.00045553521294,-12.154426416514541
2022-04-07,53.33867344751021,57.42233629096516,-16.65331638122447
2022-04-08,54.348707443070225,59.114946971874204,-14.128231392324441
2022-04-11,55.87181790962842,58.67142335193721,-10.32045522592895
2022-04-12,58.30568982111614,59.306373399462274,-4.235775447209655
2022-04-13,59.52780679406361,58.80190454106444,-1.1804830148409717
2022-04-14,61.774162117675274,60.24424202539736,4.435405294188177
2022-04-18,62.56868185154326,60.02147721938739,6.42170462885816
2022-04-19,64.20125376405824,59.11588090072451,10.50313441014561
2022-04-20,68.42331454359702,60.10130928217156,21.05828635899254
2022-04-21,69.21164429598713,59.519912514733214,23.029110739967827
2022-04-22,70.66714633382198,60.98993476476883,26.667865834554938
2022-04-25,68.74571103353992,60.45469073526078,21.86427758384979
2022-04-26,72.5524883228536,63.72203177559177,31.381220807134014
2022-04-27,70.45578762123122,64.14650691339874,26.139469053078066
2022-04-28,67.90596935907537,61.898805367065606,19.764923397688428
2022-04-29,69.95922038980738,64.47796456323746,24.89805097451847
2022-05-02,68.44912696593623,60.78667288912532,21.12281741484057
2022-05-03,72.56539333498799,63.15948505830644,31.413483337469962
2022-05-04,70.69854948368798,61.513530158794076,26.746373709219952
2022-05-05,70.96119866709708,62.72205247747604,27.402996667742705
2022-05-06,70.44741751457208,61.32131615376996,26.118543786430195
2022-05-09,69.47610950107168,61.36444924103196,23.690273752679182
2022-05-10,64.42768866809216,58.429594201647014,11.06922167023039
2022-05-11,65.50445681394534,60.403726442165855,13.761142034863338
2022-05-12,67.72103198363965,61.982419810782574,19.30257995909912
2022-05-13,65.00093253032014,61.15666342880522,12.502331325800364
2022-05-16,66.24420741272651,60.406666567579485,15.610518531816275
2022-05-17,65.8581979095524,59.86421769831674,14.645494773880996
2022-05-18,64.11515448901909,60.38366819662012,10.287886222547726
2022-05-19,65.48658864247162,60.78271893803034,13.71647160617906
2022-05-20,65.23365608836777,62.06268076562261,13.084140220919416
2022-05-23,64.51542370966118,59.70049507578851,11.288559274152954
2022-05-24,63.01150983330096,60.91256468698137,7.528774583252407
2022-05-25,64.46327693026882,62.104076474457486,11.158192325672056
2022-05-26,68.0456291230762,61.65815994642732,20.11407280769051
2022-05-27,64.63820390345919,60.50488762620249,11.595509758647982
2022-05-30,,,
2022-05-31,62.96314024429147,58.52572746058133,7.4078506107286834
2022-06-01,62.96136542306211,57.775494511330244,7.403413557655281
2022-06-02,60.118149700524754,58.80382061283674,0.2953742513118751
2022-06-03,63.28317791773998,59.32808293993536,8.207944794349942
2022-06-06,62.55155378412928,58.916271322874195,6.378884460323198
2022-06-07,64.51196051427073,57.98039643142317,11.279901285676797
2022-06-08,61.968009764787396,58.608420036094294,4.920024411968482
2022-06-09,60.28590870781136,59.70675480556248,0.7147717695283884
2022-06-10,61.41983749643604,60.15077554670385,3.5495937410900957
2022-06-13,60.2660791542211,60.70309741428054,0.6651978855527485
2022-06-14,59.15550838275111,60.78445111695935,-2.1112290431222203
2022-06-15,56.20792695939669,60.44585348940879,-9.480182601508291
2022-06-16,53.73840188960414,60.206826321577594,-15.65399527598965
2022-06-17,53.96395374103705,61.101422200076144,-15.090115647407366
2022-06-20,,,
2022-06-21,52.146986217479075,59.68629570548368,-19.63253445630231
2022-06-22,51.60746290010313,58.954828305726245,-20.981342749742172
2022-06-23,50.586022935996894,58.94842509374782,-23.534942660007772
2022-06-24,51.48362947046098,58.677052869997425,-21.290926323847547
2022-06-27,,59.419296095317435,
2022-06-28,56.378742173703635,62.41183347527769,-9.053144565740912
2022-06-29,55.28329895567511,60.537757085261,-11.791752610812223
2022-06-30,56.613266724444145,59.751261462970945,-8.466833188889634
2022-07-01,55.40550520816189,60.6644716424209,-11.486236979595276
2022-07-04,,,
2022-07-05,53.512174868738995,56.47247542034196,-16.21956282815251
2022-07-06,53.56741442922329,55.59147459307657,-16.081463926941765
2022-07-07,52.95859064539216,55.51875162182702,-17.603523386519605
2022-07-08,51.11588817888987,53.382130078970086,-22.210279552775326
2022-07-11,52.919415336715176,54.57408776487286,-17.701461658212068
2022-07-12,55.39034238855053,55.20877783777662,-11.524144028623674
2022-07-13,57.0939265000971,53.35995732425334,-7.265183749757265
2022-07-14,55.858923393534965,51.87933718051153,-10.352691516162583
2022-07-15,55.75496269078898,51.801843518938966,-10.61259327302755
2022-07-18,,53.46246775687228,
2022-07-19,61.052348988776416,52.586767839344745,2.630872471941048
2022-07-20,60.66034839963702,52.8942508678593,1.6508709990925574
2022-07-21,60.30567302974242,54.216738312815075,0.7641825743560648
2022-07-22,61.420646576340005,53.39350237769778,3.551616440850003
2022-07-25,60.60129367271075,54.530951157069275,1.5032341817768913
2022-07-26,60.097683721030165,54.632858207809335,0.2442093025754044
2022-07-27,59.659570796584916,53.66927445302231,-0.8510730085377061
2022-07-28,60.18150991392609,53.06902645646595,0.4537747848152307
2022-07-29,57.30580931923387,52.47866714610301,-6.735476701915322
2022-08-01,,52.13990143925721,
2022-08-02,59.220265623883066,53.23450828757498,-1.9493359402923405
2022-08-03,58.39725358294582,51.19940316707495,-4.0068660426354485
2022-08-04,57.99572083876167,49.54316386444483,-5.010697903095829
2022-08-05,60.26296259024274,50.47639092766963,0.6574064756068587
2022-08-08,60.95020474733385,51.32174382560817,2.3755118683346232
2022-08-09,58.576385625638395,50.71959082273878,-3.559035935904009
2022-08-10,58.844335913046734,50.12063243863355,-2.8891602173831687
2022-08-11,62.82086967860877,50.25632189630381,7.052174196521932
2022-08-12,62.56382619207925,50.17582127131429,6.4095654801981095
2022-08-15,60.20498446761019,50.81489906499282,0.5124611690254799
2022-08-16,59.93015626724318,50.69376391420614,-0.17460933189206163
2022-08-17,58.88636235469623,49.47617773311592,-2.7840941132594166
2022-08-18,59.945609570052255,49.26959439262916,-0.13597607486937058
2022-08-19,58.6437619379827,49.71372024086374,-3.3905951550432523
2022-08-22,58.112631189373054,,-4.718422026567359
2022-08-23,56.43197492714579,50.58684679207937,-8.920062682135521
2022-08-24,59.69617521488266,51.65431086174441,-0.7595619627933647
2022-08-25,58.91706520098724,52.32436675353764,-2.707336997531895
2022-08-26,61.82521983787103,51.58397690828093,4.563049594677571
2022-08-29,61.72254122037883,51.63094281924636,4.306353050947065
2022-08-30,62.0949773217704,51.75129223243816,5.237443304425993
2022-08-31,64.36578329217463,52.66800364530203,10.914458230436574
2022-09-01,64.02957516895688,51.83024922255073,10.073937922392195
2022-09-02,64.24981147937436,52.20697754761228,10.624528698435887
2022-09-05,,,
2022-09-06,63.792720378103986,53.57425225199753,9.481800945259966
2022-09-07,65.21883157299783,55.69537864495178,13.047078932494571
2022-09-08,64.26562209200094,56.813638363891314,10.664055230002356
2022-09-09,63.87264488627048,56.34230291560527,9.681612215676205
2022-09-12,64.08917251006554,,10.222931275163827
2022-09-13,65.36527181988298,58.97548086292815,13.413179549707444
2022-09-14,64.7273219380182,57.66675961384216,11.818304845045535
2022-09-15,66.01909142859513,58.92132066942524,15.04772857148784
2022-09-16,64.95818689437115,58.13657327373368,12.395467235927882
2022-09-19,64.86157086279073,57.223120763385545,12.15392715697683
2022-09-20,63.041449349299086,54.71490178660375,7.603623373247714
2022-09-21,62.67292911305628,56.265393947742446,6.682322782640693
2022-09-22,59.75383874722272,54.28279843483902,-0.615403131943193
2022-09-23,59.0653766414753,53.86635699938342,-2.3365583963117498
2022-09-26,56.90135143707961,,-7.74662140730098
2022-09-27,56.471946667298305,53.607213250005756,-8.820133331754242
2022-09-28,57.69464468875477,55.26522801268286,-5.7633882781130685
2022-09-29,59.40922260376466,55.88210387551302,-1.476943490588356
2022-09-30,59.933337570914205,57.7800955920636,-0.16665607271448835
2022-10-03,,57.57745213217292,
2022-10-04,61.47093654434709,57.39700405821047,3.6773413608677252
2022-10-05,59.272839954752754,57.07098148623408,-1.8179001131181094
2022-10-06,58.1176249861842,58.25044282227632,-4.705937534539517
2022-10-07,60.528578491873866,59.37400612033911,1.321446229684664
2022-10-10,61.44386047313398,58.59726310370279,3.609651182834961
2022-10-11,60.548970359564734,58.6567049481816,1.3724258989118443
2022-10-12,61.336307922167904,58.093037140106446,3.340769805419752
2022-10-13,59.04188185263618,58.119674461635135,-2.3952953684095446
2022-10-14,60.26675355708656,57.40892628469736,0.6668838927164078
2022-10-17,58.849333733957145,56.120066903639696,-2.8766656651071365
2022-10-18,61.93408523873657,55.861063944729565,4.835213096841429
2022-10-19,59.670430867219025,56.272221658438156,-0.8239228319524283
2022-10-20,60.97030528239603,54.77415826025157,2.4257632059900835
2022-10-21,60.42720055867509,55.82154931801715,1.0680013966877233
2022-10-24,61.856796424416714,55.288059616907645,4.641991061041795
2022-10-25,63.39348715856147,56.206011621100345,8.483717896403675
2022-10-26,65.83544830562496,59.93775394385493,14.588620764062421
2022-10-27,67.57634607831106,61.92138342222643,18.940865195777647
2022-10-28,64.48370444263108,60.44564206684045,11.209261106577717
2022-10-31,65.03668537515436,60.15171909336032,12.591713437885899
2022-11-01,66.43384044704929,62.37270790813588,16.084601117623222
2022-11-02,67.38318319999563,62.467562113247226,18.457957999989063
2022-11-03,69.8765380978663,62.68628834589513,24.69134524466576
2022-11-04,68.57803444361434,63.17429354570509,21.445086109035838
2022-11-07,67.57570589992893,63.26785656175877,18.93926474982233
2022-11-08,67.05287831671369,63.17430927738144,17.632195791784213
2022-11-09,68.93822938576427,64.47093770507806,22.345573464410684
2022-11-10,69.3409282326757,64.06583300030017,23.352320581689234
2022-11-11,69.03225444051171,63.98659910599664,22.58063610127925
2022-11-14,69.62223086079428,63.38005117212815,24.055577151985695
2022-11-15,68.74455428913974,63.652430317791,21.86138572284935
2022-11-16,69.45779470418327,62.40894241825579,23.64448676045816
2022-11-17,69.45055066922897,61.36949522597175,23.626376673072436
2022-11-18,71.21720738855947,61.68408046922187,28.043018471398675
2022-11-21,72.9944039107734,62.31084861071568,32.4860097769335
2022-11-22,71.61573256251636,62.15403655684727,29.03933140629089
2022-11-23,66.84579089931852,61.50130752640943,17.11447724829629
2022-11-24,,,
2022-11-25,66.96364163418642,62.160512591626535,17.409104085466033
2022-11-28,65.04610514630129,,12.615262865753207
2022-11-29,64.26547110948547,62.674033637305236,10.663677773713687
2022-11-30,61.03447214199397,59.808907732541165,2.586180354984924
2022-12-01,59.77894312289904,59.82639725606032,-0.5526421927524172
2022-12-02,59.54811346927781,60.40985070057831,-1.1297163268054744
2022-12-05,59.62915245718982,60.41729807704711,-0.9271188570254552
2022-12-06,60.80284103350587,60.26852898788943,2.007102583764686
2022-12-07,59.73598656950258,61.27098949731264,-0.6600335762435572
2022-12-08,59.70208964004588,60.03518674507913,-0.7447758998853082
2022-12-09,59.63131831746885,60.57985830839336,-0.9217042063278669
2022-12-12,60.71137962934511,60.73142581362207,1.7784490733627756
2022-12-13,60.12591538686486,61.781382200345135,0.3147884671621526
2022-12-14,61.533292969338085,61.680429242209186,3.833232423345212
2022-12-15,63.68879929314075,63.89305785654604,9.221998232851858
2022-12-16,62.403796936087055,63.83139615657619,6.009492340217637
2022-12-19,61.2272237456914,65.11530838562008,3.0680593642284926
2022-12-20,61.14680507123399,65.18617721398324,2.867012678084979
2022-12-21,62.1981237971449,64.40591862728051,5.495309492862255
2022-12-22,,64.77926719708982,
2022-12-23,62.39693335271171,63.744625478823096,5.992333381779291
2022-12-27,65.01873924776231,64.55773333503285,12.546848119405762
2022-12-28,62.255299623596585,63.17745737254761,5.6382490589914624
2022-12-29,65.11526994221443,63.537443847789206,12.788174855536072
2022-12-30,63.65666384441185,63.371815062047816,9.14165961102964
2023-01-03,64.76744687965152,63.1129006206071,11.91861719912879
2023-01-04,68.48880648683573,64.89962114408227,21.2220162170893
2023-01-05,67.47833808914021,64.68459203645256,18.695845222850505
2023-01-06,67.87643705293739,65.44715131147761,19.691092632343477
2023-01-09,68.8383098364778,66.29626848590858,22.095774591194495
2023-01-10,69.1384886070843,66.24467250262201,22.846221517710763
2023-01-11,68.81968883065775,67.12414835092007,22.04922207664439
2023-01-12,69.11626041692237,66.36981830763406,22.79065104230593
2023-01-13,68.29615382879672,67.22012920824872,20.74038457199179
2023-01-16,,,
2023-01-17,67.20529871222757,68.21267846188063,18.013246780568927
2023-01-18,67.24550385455656,68.60333025675037,18.113759636391393
2023-01-19,66.15063074877611,66.96451690861,15.376576871940273
2023-01-20,65.45486907051638,64.1626562249793,13.637172676290943
2023-01-23,64.32730785853765,62.70840912117515,10.818269646344136
2023-01-24,63.548797091144706,63.14657356755744,8.871992727861766
2023-01-25,62.46738584956674,62.91126133582959,6.168464623916847
2023-01-26,62.077529891858546,60.410214415053574,5.193824729646357
2023-01-27,61.98228578052735,60.10987425018028,4.9557144513183715
2023-01-30,63.359463440124614,59.26367943654993,8.398658600311526
2023-01-31,62.92431455573086,59.54124987940846,7.31078638932714
2023-02-01,59.638948373480176,59.838572989404156,-0.9026290662995651
2023-02-02,57.81304700443791,58.78992342549378,-5.467382488905215
2023-02-03,56.753377816018826,57.686786414167585,-8.116555459952934
2023-02-06,55.987945193396975,57.77260422300862,-10.030137016507567
2023-02-07,54.33618592193058,56.85844546176356,-14.159535195173545
2023-02-08,54.961594162722164,57.7425605872658,-12.596014593194592
2023-02-09,54.714790825975115,57.39855082825752,-13.213022935062213
2023-02-10,55.600817064727295,58.34600710323646,-10.997957338181763
2023-02-13,,58.91305103426692,
2023-02-14,54.969741907281026,57.81297039834294,-12.575645231797438
2023-02-15,55.394284088895276,57.36964245364091,-11.51428977776181
2023-02-16,57.59734825525253,58.04279943675939,-6.006629361868687
2023-02-17,58.23625207923623,58.67834005557155,-4.409369801909424
2023-02-20,,,
2023-02-21,57.80097238982752,57.334477772792944,-5.497569025431193
2023-02-22,57.10755174649029,57.85642364077865,-7.231120633774291
2023-02-23,57.64035724076972,56.22454466421162,-5.899106898075712
2023-02-24,58.66171427021926,58.60049287689962,-3.345714324451854
2023-02-27,57.016746456319325,57.5068928427247,-7.458133859201688
2023-02-28,56.443671169292685,57.56349401827993,-8.890822076768279
2023-03-01,57.39935525986336,58.41665886645159,-6.501611850341593
2023-03-02,58.845549473709006,57.55055876979093,-2.8861263157274886
2023-03-03,58.71738175019091,57.04289147584413,-3.2065456245227164
2023-03-06,56.90037431474785,56.000792422612804,-7.749064213130374
2023-03-07,58.046833110502085,55.85986010873379,-4.882917223744787
2023-03-08,57.80050975712564,55.90657403324879,-5.498725607185895
2023-03-09,56.52215905274062,55.12530922781867,-8.694602368148452
2023-03-10,53.54859346164153,53.30808926774442,-16.12851634589618
2023-03-13,49.494048606177266,49.9848061537831,-26.26487848455683
2023-03-14,49.10574924196264,49.4583799008174,-27.2356268950934
2023-03-15,45.50433574155285,47.48003529563286,-36.239160646117874
2023-03-16,42.46078530871244,46.25568636178568,-43.84803672821891
2023-03-17,40.306920497626336,44.87090589249768,-49.232698755934166
2023-03-20,,44.83624978868823,
2023-03-21,42.30598778235536,44.73587714177422,-44.235030544111595
2023-03-22,40.12981479839652,42.31806994331595,-49.67546300400871
2023-03-23,38.43892553864813,41.350265218689266,-53.902686153379676
2023-03-24,38.3680773245079,41.85686030069169,-54.079806688730244
2023-03-27,40.99802053419802,43.33280845179042,-47.504948664504944
2023-03-28,42.32593663970604,43.56062328116537,-44.18515840073489
2023-03-29,41.748515940015665,41.827623916453035,-45.62871014996084
2023-03-30,41.36854865892946,41.36800059778135,-46.57862835267635
2023-03-31,42.362555942286605,41.27686092413386,-44.09361014428348
2023-04-03,43.33698626790489,40.34459712599939,-41.65753433023778
2023-04-04,41.922961523405256,39.17288612043777,-45.19259619148686
2023-04-05,41.93899554731217,39.408976574931344,-45.152511131719585
2023-04-06,42.134317350054346,38.62910141077872,-44.66420662486414
2023-04-10,46.68654910798246,40.166060846123344,-33.283627230043855
2023-04-11,53.368960593613394,,-16.577598515966518
2023-04-12,54.03050002361444,41.54912637901132,-14.923749940963905
2023-04-13,54.937557030432316,40.15170053912129,-12.656107423919206
2023-04-14,56.25116399593017,40.37534920295755,-9.372090010174583
2023-04-17,59.6069756261603,41.411237246080404,-0.9825609345992525
2023-04-18,58.05223744492033,41.11404422425852,-4.869406387699171
2023-04-19,58.13487306208173,41.51963207985868,-4.662817344795678
2023-04-20,60.33613710037219,41.061362300632545,0.8403427509304784
2023-04-21,62.56131895670882,41.63464737209638,6.403297391772034
2023-04-24,62.109573504977114,41.931861045337584,5.273933762442784
2023-04-25,59.740464779370484,41.194452487002636,-0.6488380515737857
2023-04-26,55.56370438219757,39.20260444910773,-11.090739044506082
2023-04-27,54.02132461526125,38.49859782395049,-14.946688461846879
2023-04-28,55.37544492265666,39.919654107734715,-11.561387693358348
2023-05-01,55.17127763819251,40.334679497117335,-12.07180590451873
2023-05-02,54.85484779467539,39.67117169968643,-12.862880513311525
2023-05-03,57.05838834015053,40.78944077516276,-7.3540291496236865
2023-05-04,55.88100186210169,39.95464334621208,-10.297495344745776
2023-05-05,56.498902691341385,39.68510554746078,-8.752743271646546
2023-05-08,53.68517111126877,39.02729951546375,-15.787072221828069
2023-05-09,51.50090260951327,39.31156066114381,-21.24774347621683
2023-05-10,49.92091676523031,38.52536265770621,-25.19770808692423
2023-05-11,50.806128158206256,37.42299981466266,-22.98467960448436
2023-05-12,52.17180719913283,37.16346002335639,-19.57048200216793
2023-05-15,51.7887200596259,37.58368760944781,-20.528199850935238
2023-05-16,49.0809492606023,,-27.29762684849424
2023-05-17,49.11869014404989,36.35742699511988,-27.203274639875264
2023-05-18,48.538712493300494,35.96759901522809,-28.653218766748758
2023-05-19,48.26690356451201,36.056531708155156,-29.33274108871997
2023-05-22,48.388747928047586,35.826451504412745,-29.02813017988104
2023-05-23,49.046883892706404,36.452996764010045,-27.382790268233983
2023-05-24,50.05277198109604,35.427124239693114,-24.868070047259884
2023-05-25,47.77877968550687,32.84586870615247,-30.553050786232827
2023-05-26,45.05201066025907,31.795272699309685,-37.36997334935233
2023-05-29,,,
2023-05-30,45.63241073230916,33.00887962922511,-35.9189731692271
2023-05-31,43.98879157016887,32.46193386526864,-40.028021074577815
2023-06-01,44.17330933595717,31.90595075726136,-39.56672666010708
2023-06-02,47.595262169522314,34.40164360360829,-31.011844576194214
2023-06-05,47.82370681345619,35.622942888186074,-30.44073296635952
2023-06-06,49.3383764947854,39.217911539925716,-26.654058763036502
2023-06-07,55.45552024040438,42.336235609579255,-11.361199398989053
2023-06-08,54.52407244576349,42.86105606453195,-13.689818885591286
2023-06-09,52.81371928013393,43.447955230514594,-17.96570179966517
2023-06-12,50.99810064510936,44.12207534203192,-22.504748387226602
2023-06-13,55.14518920452404,44.0544154678155,-12.137026988689904
2023-06-14,53.71344160474724,43.26079562981861,-15.716395988131904
2023-06-15,53.98276701112827,44.384679147561954,-15.043082472179336
2023-06-16,55.4850901028224,46.46409656824069,-11.287274742943998
2023-06-19,,,
2023-06-20,53.27484710496488,43.91106254758532,-16.81288223758781
2023-06-21,56.18555391136141,43.78028954947933,-9.536115221596475
2023-06-22,56.80483999268144,41.832206805866306,-7.987900018296412
2023-06-23,58.181519154480014,41.79374331738367,-4.546202113799969
2023-06-26,,44.05967048374385,
2023-06-27,63.614277740910055,45.06981472366437,9.035694352275137
2023-06-28,64.02211415672839,45.623530577623896,10.05528539182099
2023-06-29,66.37756809692345,46.424650351089426,15.943920242308618
2023-06-30,62.264722826020545,46.4862638350947,5.661807065051372
2023-07-03,63.39930000524138,45.59056085828182,8.498250013103448
2023-07-04,,,
2023-07-05,56.14430190655368,43.60944106370316,-9.639245233615812
2023-07-06,58.24067489204449,44.85044170001393,-4.398312769888779
2023-07-07,61.43340867892698,46.56642089179772,3.58352169731746
2023-07-10,64.99244438835956,47.34470293778121,12.481110970898879
2023-07-11,65.73611399429117,48.66904752924404,14.340284985727925
2023-07-12,65.60810666584376,47.73309560863054,14.020266664609426
2023-07-13,64.65812467708008,46.969051412388445,11.645311692700222
2023-07-14,61.48029887282463,45.81567972927637,3.7007471820615923
2023-07-17,,45.24332157200748,
2023-07-18,61.931566514732985,45.220608340089015,4.828916286832463
2023-07-19,61.53726263778795,47.38620170498995,3.8431565944698765
2023-07-20,66.92201940137842,49.58635569237233,17.305048503446052
2023-07-21,67.9428330054455,49.32045977401135,19.857082513613733
2023-07-24,63.14716057215154,48.88469713397245,7.867901430378854
2023-07-25,61.83589035549563,49.31425442983615,4.589725888739071
2023-07-26,63.57089965084727,49.57021325836878,8.927249127118175
2023-07-27,61.15234373708315,49.639333205438014,2.8808593427078755
2023-07-28,60.40317520523061,48.864147294477505,1.0079380130765259
2023-07-31,60.35594541975197,49.66723290489892,0.8898635493799212
2023-08-01,,49.20618910335057,
2023-08-02,62.769152361512454,51.47183105733744,6.922880903781126
2023-08-03,62.053993351615716,51.753622690382976,5.134983379039282
2023-08-04,60.059729736955205,51.425151633668655,0.14932434238801306
2023-08-07,57.405985450967506,50.819316786746015,-6.485036372581243
2023-08-08,55.226096316472386,52.51755805867645,-11.934759208819035
2023-08-09,58.08639356993503,53.32716874929464,-4.784016075162434
2023-08-10,58.73945908239277,53.3217387933232,-3.151352294018084
2023-08-11,61.163157106677914,53.814352895097095,2.9078927666947862
2023-08-14,59.5048538344907,52.119345195649764,-1.2378654137732426
2023-08-15,59.39456671052156,51.60988110982382,-1.5135832236961022
2023-08-16,58.32200348363016,52.52485923775996,-4.194991290924599
2023-08-17,56.061115623266026,54.81032995233413,-9.847210941834938
2023-08-18,56.0044392007708,56.269916737166476,-9.988901998073008
2023-08-21,54.02233673335751,,-14.944158166606215
2023-08-22,54.32997523580897,54.82452516406395,-14.17506191047757
2023-08-23,52.40253754211829,54.92909792332749,-18.993656144704275
2023-08-24,54.94929186283891,56.50141632247319,-12.626770342902716
2023-08-25,56.06559804187622,54.19344678912913,-9.836004895309447
2023-08-28,56.03451610352867,54.84720502526792,-9.913709741178334
2023-08-29,55.2655233267111,52.92389592976705,-11.836191683222253
2023-08-30,53.13117188453366,50.0231563873308,-17.172070288665854
2023-08-31,53.151805674981205,50.89534351139899,-17.120485812546992
2023-09-01,54.023029930912784,52.18379255139553,-14.942425172718043
2023-09-04,,,
2023-09-05,51.1967795062985,50.0442880976087,-22.008051234253756
2023-09-06,51.00230584869533,51.617172098808844,-22.494235378261674
2023-09-07,51.25005190273123,51.599347297644464,-21.87487024317192
2023-09-08,50.5416236647838,50.704234628642574,-23.645940838040502
2023-09-11,50.843306997630165,,-22.89173250592458
2023-09-12,53.09443684431331,51.49675169598567,-17.263907889216725
2023-09-13,51.05444048862657,49.31909336579288,-22.363898778433587
2023-09-14,52.27389150171721,51.957850286144335,-19.315271245706978
2023-09-15,53.21711077678607,53.137158385243836,-16.95722305803482
2023-09-18,54.6763631913198,49.89820387565864,-13.309092021700497
2023-09-19,55.33676718364998,49.70100684830337,-11.65808204087504
2023-09-20,58.28909750053767,51.3826393730281,-4.277256248655825
2023-09-21,56.54322348048679,50.41507742532423,-8.64194129878304
2023-09-22,56.642400297696355,50.71055144610593,-8.393999255759121
2023-09-25,55.53355358953128,49.97551893811517,-11.16611602617179
2023-09-26,57.0407614325572,,-7.398096418607003
2023-09-27,57.41299586929193,50.80786892198944,-6.467510326770176
2023-09-28,58.68891878375003,51.17211354690002,-3.277703040624913
2023-09-29,57.68882769508021,49.87805588600656,-5.777930762299488
2023-10-02,,45.66698231000153,
2023-10-03,57.11409181448043,44.83701860854556,-7.214770463798925
2023-10-04,55.18365579558656,45.278914672352215,-12.040860511033591
2023-10-05,54.55745067841463,45.443979436626265,-13.606373303963416
2023-10-06,53.70466136147875,45.94557755670446,-15.738346596303131
2023-10-09,55.94195996210813,46.49953714378,-10.145100094729687
2023-10-10,55.239327773938065,47.392532847278964,-11.901680565154837
2023-10-11,56.50177207881083,46.25520215943405,-8.74556980297292
2023-10-12,52.75131450648701,43.3577582512382,-18.121713733782464
2023-10-13,52.39761670222326,43.68155459010609,-19.005958244441846
2023-10-16,54.33101528388934,44.542695125111834,-14.172461790276646
2023-10-17,56.11919360202612,46.21978109173181,-9.702015994934698
2023-10-18,53.28034109331709,45.10018694590682,-16.79914726670728
2023-10-19,51.885395449039684,44.74578777237082,-20.286511377400785
2023-10-20,52.49412459440043,45.85710045634748,-18.764688513998927
2023-10-23,51.33445471535069,44.45532024445279,-21.66386321162328
2023-10-24,50.63437547270525,44.47187960231453,-23.414061318236868
2023-10-25,51.9720437322836,44.21845102067063,-20.06989066929099
2023-10-26,55.451362124640184,47.12941353398448,-11.371594688399544
2023-10-27,52.76656140843764,45.413880292249445,-18.083596478905896
2023-10-30,55.485661255327024,44.50404403996711,-11.285846861682437
2023-10-31,55.72595742447647,45.14035181194335,-10.685106438808823
2023-11-01,53.491127237063054,42.50528154917214,-16.272181907342365
2023-11-02,55.63533720559971,43.57216213911073,-10.911656986000718
2023-11-03,59.74999851459967,45.09680989916765,-0.6250037135008268
2023-11-06,56.45625669274649,44.65666892427623,-8.859358268133777
2023-11-07,53.52817155457469,43.832218063218335,-16.179571113563274
2023-11-08,53.37438085361285,43.258531909299435,-16.56404786596788
2023-11-09,55.65376407348327,43.1126056765564,-10.86558981629182
2023-11-10,53.041965375263615,41.89599920711185,-17.395086561840966
2023-11-13,52.156097030547635,43.40812978075398,-19.609757423630914
2023-11-14,53.70757111733958,45.83904365193154,-15.731072206651042
2023-11-15,55.72941753268154,47.13581218086108,-10.676456168296156
2023-11-16,55.375909782726254,45.00475734489185,-11.560225543184366
2023-11-17,56.866743332325676,46.344296346765404,-7.833141669185806
2023-11-20,57.242146784776736,45.18549294343971,-6.894633038058151
2023-11-21,57.82765810376324,46.02415065720234,-5.430854740591906
2023-11-22,56.80499693312634,46.45395611489248,-7.987507667184146
2023-11-23,,,
2023-11-24,56.566304215412345,46.96566379965317,-8.584239461469135
2023-11-27,58.0833301804767,,-4.791674548808245
2023-11-28,56.50834718729957,48.400914777718,-8.729132031751075
2023-11-29,61.24841473354049,48.72904273696503,3.1210368338512318
2023-11-30,61.89135036534154,50.06089631268138,4.728375913353844
2023-12-01,62.64547785354807,52.53800592569253,6.613694633870182
2023-12-04,68.0225374298868,55.19060174687963,20.056343574716973
2023-12-05,66.48881044419917,51.970231875138865,16.222026110497943
2023-12-06,69.23877970891054,54.337741138970785,23.096949272276348
2023-12-07,68.5695300384061,53.00415603765738,21.423825096015257
2023-12-08,69.6633368968905,51.804126455724585,24.15834224222624
2023-12-11,71.84188023990257,53.77712878333291,29.604700599756395
2023-12-12,67.05481813838347,52.97767688735637,17.63704534595867
2023-12-13,68.98465946596491,53.63807046380582,22.461648664912293
2023-12-14,75.11459357069249,56.24493724997438,37.78648392673123
2023-12-15,71.36754906823762,55.304081447804585,28.418872670594062
2023-12-18,70.76048524745268,54.43196028630718,26.901213118631695
2023-12-19,71.57266479672244,54.84576296003744,28.93166199180608
2023-12-20,70.1242201288506,54.17684242317892,25.31055032212648
2023-12-21,,54.58522394785035,
2023-12-22,70.87816016915485,54.99044439422069,27.19540042288715
2023-12-26,71.59529426304272,58.12507525042599,28.988235657606776
2023-12-27,72.04331757988042,57.55140145931132,30.10829394970105
2023-12-28,70.88232031850617,58.4111751336528,27.205800796265443
2023-12-29,68.63125523117657,58.802181396258206,21.5781380779414
2024-01-02,67.36733078807976,61.12827746016531,18.418326970199406
2024-01-03,62.34771739986677,59.23831699320193,5.869293499666917
2024-01-04,66.5105039434596,59.01316712090571,16.276259858649
2024-01-05,65.35482397353704,59.904929275467595,13.387059933842593
2024-01-08,64.87554504285895,60.66004272910536,12.188862607147355
2024-01-09,63.89915581572771,59.038184953992555,9.747889539319265
2024-01-10,60.32259290382761,57.55711924666896,0.8064822595690302
2024-01-11,60.46222222426424,55.6964902288778,1.1555555606606038
2024-01-12,56.38251789852785,55.59931585161471,-9.043705253680368
2024-01-15,,,
2024-01-16,53.40356549931465,55.88405642340672,-16.491086251713362
2024-01-17,54.52304465041594,56.4643298578314,-13.69238837396014
2024-01-18,52.14791177157018,55.81380534212433,-19.630220571074553
2024-01-19,51.36558706907625,53.7913175909342,-21.58603232730938
2024-01-22,51.50547564567435,52.09481664406901,-21.236310885814124
2024-01-23,50.03025923448096,53.248826182091456,-24.924351913797604
2024-01-24,47.00892856358182,52.69966085318823,-32.477678591045446
2024-01-25,49.124849883531795,53.33858971580228,-27.187875291170506
2024-01-26,48.95516369090322,55.48998130479355,-27.612090772741958
2024-01-29,48.623692375969384,54.30417379788442,-28.440769060076533
2024-01-30,46.69870095338932,52.766035120217495,-33.25324761652671
2024-01-31,50.67539856892806,55.531185083022244,-23.311503577679858
2024-02-01,49.50885194795308,56.418790970105775,-26.227870130117292
2024-02-02,44.5229015973854,54.16920828393824,-38.692746006536495
2024-02-05,43.95336884145173,53.099585034551374,-40.116577896370686
2024-02-06,46.640323423775946,54.900556798870355,-33.39919144056014
2024-02-07,46.45976834881295,53.888558760080315,-33.85057912796763
2024-02-08,48.0855959499776,52.11665192754248,-29.786010125055995
2024-02-09,47.45209604840407,50.35762542087364,-31.36975987898982
2024-02-12,,53.25598784845737,
2024-02-13,50.17485500785143,51.65369921614968,-24.56286248037143
2024-02-14,51.107899932264715,52.581196392677754,-22.230250169338216
2024-02-15,54.71678910373002,53.8525317204304,-13.208027240674935
2024-02-16,56.760311378460884,53.76330035801522,-8.09922155384779
2024-02-19,,,
2024-02-20,57.74198564663759,53.984797776660464,-5.6450358834060355
2024-02-21,60.68452988058718,54.31820710890981,1.7113247014679533
2024-02-22,54.644267027212294,52.17109086903874,-13.389332431969269
2024-02-23,54.86938163748873,51.507700447599895,-12.826545906278186
2024-02-26,55.446383711483705,50.306185074478655,-11.384040721290734
2024-02-27,56.06836369256513,48.71883829861926,-9.829090768587179
2024-02-28,55.329235576116034,47.73733140015266,-11.676911059709916
2024-02-29,56.110166657103726,49.99946033709405,-9.72458335724069
2024-03-01,59.687843749274265,48.35402343482421,-0.7803906268143423
2024-03-04,62.854155676587226,49.628983574498584,7.135389191468056
2024-03-05,63.689493172470115,51.25642578077575,9.223732931175288
2024-03-06,65.7137868464987,50.18516576919993,14.284467116246757
2024-03-07,64.1638111335586,50.36156651914792,10.409527833896481
2024-03-08,67.99700066838591,49.76511024532538,19.992501670964778
2024-03-11,65.92831978871367,47.7622097261925,14.820799471784163
2024-03-12,63.81747884119834,47.12671901302227,9.543697102995852
2024-03-13,64.62050486969395,48.88039326689193,11.551262174234855
2024-03-14,59.60273941408517,46.61505826614954,-0.9931514647870676
2024-03-15,61.40689575310251,48.47575508375371,3.5172393827562765
2024-03-18,,47.02899864045055,
2024-03-19,59.01441359369376,46.79558007584953,-2.463966015765595
2024-03-20,58.29576361892012,46.262198739038645,-4.2605909526997054
2024-03-21,63.957614532640804,47.32074636068035,9.894036331602019
2024-03-22,61.328079054124665,45.77566008680127,3.3201976353116613
2024-03-25,61.71152128514329,46.15218678310596,4.278803212858229
2024-03-26,61.049771273263204,44.93918256909669,2.6244281831580007
2024-03-27,63.39249819559182,48.367650130158985,8.48124548897955
2024-03-28,64.6630025782421,48.88599135398192,11.657506445605259
2024-04-01,63.92950566651251,47.498336209273,9.82376416628128
2024-04-02,61.84565666993181,47.79830122756926,4.614141674829542
2024-04-03,59.64667627873038,48.66369837244065,-0.8833093031740402
2024-04-04,60.221507022968396,50.123253803963024,0.553767557420981
2024-04-05,59.276914201633645,49.63533313906774,-1.8077144959158797
2024-04-08,58.330946937687756,50.968259796681885,-4.172632655780606
2024-04-09,58.59493266201169,,-3.5126683449707707
2024-04-10,59.00045967216515,50.57141992979054,-2.4988508195871173
2024-04-11,54.91283746539585,49.12134959707066,-12.717906336510376
2024-04-12,56.86834425829822,49.52346995491708,-7.829139354254444
2024-04-15,56.46405955782416,51.64760892064344,-8.83985110543961
2024-04-16,56.2456067071666,49.95935145951498,-9.385983232083506
2024-04-17,57.618246152289956,51.49968098843173,-5.95438461927511
2024-04-18,58.34431914090591,53.32870561370288,-4.139202147735221
2024-04-19,61.948557312453225,55.30648758542434,4.871393281133063
2024-04-22,63.15639646670283,54.566676416788205,7.8909911667570665
2024-04-23,61.72390488786167,54.281245707053316,4.3097622196541785
2024-04-24,62.1272273309326,54.51228948191176,5.318068327331504
2024-04-25,59.80042207362434,54.0519996844312,-0.49894481593915074
2024-04-26,54.787759876378615,52.19131211101183,-13.030600309053453
2024-04-29,57.790768911582674,55.86568113300151,-5.5230777210433235
2024-04-30,59.26737052169412,57.482325108329576,-1.8315736957646989
2024-05-01,59.20922931232279,56.584719300052825,-1.9769267191930284
2024-05-02,57.13011613116493,56.89122962407284,-7.174709672087665
2024-05-03,56.81055419505413,55.13523596767945,-7.9736145123646684
2024-05-06,54.78189313012058,55.62147357779241,-13.04526717469856
2024-05-07,54.35051544927524,54.243345426207604,-14.123711376811897
2024-05-08,57.022198872802036,54.88105683765743,-7.4445028179949135
2024-05-09,61.35652834113786,55.5183285359423,3.3913208528446592
2024-05-10,62.33096158358759,54.24038072995056,5.827403958968969
2024-05-13,60.60391852986159,54.0370024318784,1.509796324653978
2024-05-14,61.85614041915913,,4.640351047897839
2024-05-15,58.56289728978962,52.00843909157155,-3.5927567755259515
2024-05-16,58.297290676173034,51.8491874955486,-4.256773309567419
2024-05-17,53.3591827905492,54.49141196313401,-16.602043023627
2024-05-20,53.19280403762677,53.50704019577444,-17.017989905933064
2024-05-21,53.22781735651255,52.88270722641198,-16.930456608718615
2024-05-22,52.11798295570968,52.02365713372667,-19.70504261072581
2024-05-23,48.80758322854141,49.94344809693444,-27.981041928646476
2024-05-24,52.29615002440532,49.81118694581738,-19.259624938986697
2024-05-27,,,
2024-05-28,47.42897082563239,47.81484003583736,-31.427572935919024
2024-05-29,45.65534798581802,45.3455975707641,-35.86163003545495
2024-05-30,51.25555495290363,47.91470004105042,-21.86111261774093
2024-05-31,54.92663139190469,49.418385347446836,-12.68342152023827
2024-06-03,53.54169196806068,46.7419701462416,-16.145770079848297
2024-06-04,51.24551579824218,45.22798234750639,-21.886210504394544
2024-06-05,49.134224674039956,45.79510275851679,-27.164438314900117
2024-06-06,47.37601620926374,44.84150809882865,-31.55995947684065
2024-06-07,46.49466332507494,46.064606259904664,-33.76334168731265
2024-06-10,46.47934028491782,44.77579215680908,-33.80164928770546
2024-06-11,44.19659177684444,43.97287666794273,-39.50852055788889
2024-06-12,44.782290758302594,43.19809458579844,-38.04427310424352
2024-06-13,42.74381880874664,42.21065931868357,-43.1404529781334
2024-06-14,40.05282388352391,39.727387825028835,-49.86794029119024
2024-06-17,40.54791305407263,40.639718378620046,-48.63021736481843
2024-06-18,41.619873213922745,40.48482503323659,-45.95031696519314
2024-06-19,,,
2024-06-20,45.85090665961515,39.292040509659984,-35.372733350962136
2024-06-21,46.86107859734289,39.04145976068757,-32.847303506642774
2024-06-24,,41.922034275278556,
2024-06-25,48.784368161791384,39.9225693913122,-28.039079595521542
2024-06-26,48.68045231115982,38.750562983907315,-28.298869222100453
2024-06-27,44.19514790289786,38.18749110777673,-39.51213024275535
2024-06-28,44.412032757096746,40.3188101107474,-38.96991810725814
2024-07-01,42.859290891923145,37.35241946562818,-42.85177277019214
2024-07-02,43.593864160970185,36.18703344483266,-41.01533959757453
2024-07-03,44.25632362920514,36.897078539529204,-39.35919092698714
2024-07-04,,,
2024-07-05,43.36550611233693,37.862751896511924,-41.58623471915768
2024-07-08,43.83141314277607,37.13574830369596,-40.42146714305983
2024-07-09,45.31377017334223,37.37996464688318,-36.71557456664443
2024-07-10,45.777890024675244,36.104983804018815,-35.5552749383119
2024-07-11,55.74311314427115,40.661663237062115,-10.642217139322119
2024-07-12,59.51111186178188,38.30398377693981,-1.2222203455453107
2024-07-15,59.13710321150884,38.29049326639187,-2.157241971227908
2024-07-16,63.837528376249026,41.72380098486176,9.593820940622555
2024-07-17,,43.659944343854235,
2024-07-18,66.18316370267058,43.03247067869018,15.45790925667645
2024-07-19,65.090182780949,45.149030310525866,12.725456952372483
2024-07-22,60.88191901483157,43.76310658752908,2.2047975370789175
2024-07-23,64.41513699760306,42.95143329663671,11.037842494007633
2024-07-24,71.00701210579996,45.658565523547004,27.51753026449988
2024-07-25,73.8016161761798,47.97668893133387,34.50404044044952
2024-07-26,73.12723261131109,49.9950178357716,32.8180815282777
2024-07-29,77.67662987777543,50.82732185835995,44.19157469443857
2024-07-30,82.77351880080252,52.84995023840115,56.933797002006294
2024-07-31,79.67033985865515,50.12565302196854,49.1758496466379
2024-08-01,,50.238142749461815,
2024-08-02,84.17758129995474,50.50722739689651,60.44395324988683
2024-08-05,86.23880185040095,51.99025308270442,65.59700462600237
2024-08-06,87.8219443630217,52.39512055867027,69.55486090755426
2024-08-07,88.36323989781428,53.38458444575717,70.90809974453572
2024-08-08,77.56215441287488,52.06015862355888,43.90538603218719
2024-08-09,75.57489213732497,51.48027079346321,38.93723034331242
2024-08-12,74.0327255742462,50.65530646995601,35.08181393561549
2024-08-13,67.20253203136724,50.13660249455574,18.00633007841812
2024-08-14,62.70722717589615,50.105015842956185,6.768067939740385
2024-08-15,61.66017950469603,50.900977822622494,4.150448761740089
2024-08-16,61.759971959604115,50.94242813160591,4.39992989901028
2024-08-19,61.94391044064241,,4.859776101606039
2024-08-20,61.79887957449587,51.777155275680116,4.497198936239677
2024-08-21,58.75640696561976,53.83395341168391,-3.1089825859506037
2024-08-22,58.20503567019716,52.29244060081085,-4.487410824507099
2024-08-23,57.81999545806337,51.78993295328486,-5.450011354841577
2024-08-26,58.39625917838628,53.85974581864673,-4.009352054034299
2024-08-27,54.11480370688583,54.6676141774396,-14.712990732785425
2024-08-28,59.85407185520141,56.87836037578465,-0.3648203619964763
2024-08-29,60.08315585880902,58.28271752155901,0.2078896470225633
2024-08-30,58.792498437291385,58.31899735876284,-3.018753906771532
2024-09-02,,,
2024-09-03,59.265705107900224,62.09855153396166,-1.8357372302494346
2024-09-04,59.65646579557577,62.98615882779452,-0.858835511060585
2024-09-05,60.13504482700624,63.28615065160099,0.33761206751559136
2024-09-06,63.540822721526915,66.71322776725958,8.852056803817288
2024-09-09,65.09233722436679,66.4994822881676,12.730843060916985
2024-09-10,65.58478909570982,65.53065943622866,13.961972739274575
2024-09-11,62.08090937635301,,5.202273440882532
2024-09-12,62.61425879337614,61.584183719332174,6.535646983440335
2024-09-13,64.29143914596084,62.02357698245309,10.7285978649021
2024-09-16,67.41131465543923,61.43366701807996,18.52828663859807
2024-09-17,68.79776853538186,64.48046954456194,21.99442133845464
2024-09-18,67.79884379206504,66.07358343881332,19.49710948016259
2024-09-19,63.19868743084211,64.52432769144912,7.996718577105266
2024-09-20,61.588557594659875,62.81714607829959,3.971393986649696
2024-09-23,61.74799872388496,66.13746544497191,4.369996809712395
2024-09-24,61.55459516625287,66.3576157075213,3.886487915632175
2024-09-25,58.72990089095302,66.36572775344985,-3.175247772617462
2024-09-26,59.02379982274625,,-2.4405004431343746
2024-09-27,61.758404971000346,70.47259653007809,4.396012427500873
2024-09-30,,69.54120803573184,
2024-10-01,58.99881898705498,71.22982713331089,-2.5029525323625457
2024-10-02,58.16302251823075,71.26862612622187,-4.5924437044231325
2024-10-03,58.48097085256428,65.07304397967025,-3.797572868589283
2024-10-04,55.539201550128716,64.1112939606614,-11.15199612467821
2024-10-07,56.63518853891131,64.86032274537074,-8.412028652721727
2024-10-08,55.33644949707214,60.0462962191285,-11.658876257319651
2024-10-09,59.184134373222044,57.485349840839476,-2.0396640669448907
2024-10-10,59.26163784599233,57.211885158656116,-1.8459053850191642
2024-10-11,59.0555326829174,58.19468302263004,-2.3611682927064948
2024-10-14,56.434631005053674,58.588853324722365,-8.913422487365818
2024-10-15,57.307618039125245,59.92014974462923,-6.730954902186892
2024-10-16,57.825844694116036,57.70084402387266,-5.435388264709906
2024-10-17,59.66977140349922,55.66124603516976,-0.825571491251953
2024-10-18,60.093894296872946,54.68353051666733,0.23473574218235704
2024-10-21,56.30032346504551,52.77268973600081,-9.24919133738622
2024-10-22,55.28074979557868,49.36164922223985,-11.798125511053303
2024-10-23,59.20593440738763,53.62073789876146,-1.985163981530924
2024-10-24,56.69272810681431,52.379291484596195,-8.268179732964231
2024-10-25,52.96151619356476,50.935944376400954,-17.59620951608809
2024-10-28,55.04280699369288,50.17969958215255,-12.392982515767814
2024-10-29,51.77031378116474,48.79521501454241,-20.57421554708816
2024-10-30,52.68522874160223,49.091337954279815,-18.28692814599442
2024-10-31,57.41686383731229,52.52581721002123,-6.457840406719262
2024-11-01,56.48155617008207,52.2065829636767,-8.79610957479482
2024-11-04,57.30682545153071,54.36260714072281,-6.732936371173226
2024-11-05,59.94665347731875,55.50166595419848,-0.133366306703131
2024-11-06,59.504673249112585,55.47744460839893,-1.2383168772185371
2024-11-07,57.624854373568716,54.678009483440405,-5.937864066078213
2024-11-08,56.60375605575244,54.94516454769533,-8.490609860618893
2024-11-11,58.538780779761304,56.44053634890795,-3.653048050596741
2024-11-12,55.440750874303546,55.88625317910096,-11.39812281424113
2024-11-13,54.514835410767574,55.01286536528467,-13.712911473081068
2024-11-14,54.55465991155343,53.363415384640156,-13.613350221116427
2024-11-15,57.16649710632224,54.27337572929506,-7.08375723419441
2024-11-18,59.897636207442766,53.70643400750661,-0.25590948139309067
2024-11-19,58.94749742590005,52.35804772403927,-2.6312564352498624
2024-11-20,57.80616846139316,52.34739522514135,-5.484578846517096
2024-11-21,61.443099960160765,53.22017169493368,3.607749900401913
2024-11-22,65.14009732681045,54.85051833035898,12.850243317026111
2024-11-25,66.38195972645121,,15.954899316128035
2024-11-26,66.19294871859867,53.02505199759089,15.482371796496697
2024-11-27,66.69262498559053,53.38869245180092,16.731562463976335
2024-11-28,,,
2024-11-29,63.19391772504511,51.99407113348579,7.984794312612786
2024-12-02,60.123167734797306,51.30373649475234,0.30791933699325647
2024-12-03,58.33244143443247,51.02239251971,-4.168896413918821
2024-12-04,56.35595119744349,51.91106564908114,-9.110122006391276
2024-12-05,57.690711636052896,51.62471112902418,-5.77322090986776
2024-12-06,55.99987563561982,49.81906984154045,-10.00031091095044
2024-12-09,54.82088540747506,48.67014763094008,-12.94778648131234
2024-12-10,55.41622795104479,47.673770535184964,-11.459430122388037
2024-12-11,52.72369329844508,45.77060872797895,-18.19076675388731
2024-12-12,53.93917756353751,47.65971751279133,-15.152056091156219
2024-12-13,50.39376247612205,47.324561284705254,-24.01559380969487
2024-12-16,47.47768314962614,44.87224115549704,-31.30579212593465
2024-12-17,48.475053716395905,44.30103660498392,-28.812365709010244
2024-12-18,47.38813779918617,45.311666147034416,-31.529655502034572
2024-12-19,43.46425741373969,43.54106912016529,-41.33935646565079
2024-12-20,42.39849202246163,42.810734656456304,-44.00376994384592
2024-12-23,38.50413756505681,42.36093540448838,-53.73965608735798
2024-12-24,39.09666109971339,40.65350223359946,-52.25834725071654
2024-12-26,38.90403454389756,41.37422960531562,-52.7399136402561
2024-12-27,,42.95313816712785,
2024-12-30,42.04671785516106,43.5687027642778,-44.883205362097335
2024-12-31,45.79817022489791,44.57413160761132,-35.50457443775523
2025-01-02,47.52021415945275,46.1582599037963,-31.19946460136813
2025-01-03,48.61722032486941,45.37501427920982,-28.456949187826485
2025-01-06,47.426714646064994,44.314255430943476,-31.43321338483751
2025-01-07,51.72811766422302,45.32372826048515,-20.67970583944245
2025-01-08,51.2131683129751,45.46075449138863,-21.967079217562247
2025-01-09,,,
2025-01-10,55.32919933432091,44.25959874440697,-11.677001664197718
2025-01-13,57.35290722514169,46.25303217589067,-6.6177319371457655
2025-01-14,61.335718544035736,48.07669602151569,3.339296360089339
2025-01-15,60.96902181768934,47.698105962610796,2.4225545442233543
2025-01-16,66.43836066908214,51.0557997687485,16.09590167270536
2025-01-17,64.2632187781333,48.356020773468934,10.658046945333233
2025-01-20,,,
2025-01-21,65.67153948812029,50.502531060484,14.17884872030073
2025-01-22,63.84296274713076,47.64849706707689,9.607406867826906
2025-01-23,64.98394325227176,48.60162375416672,12.459858130679402
2025-01-24,65.17869159044668,48.89458545231763,12.946728976116706
2025-01-27,69.7205698009974,50.3199756406956,24.301424502493507
2025-01-28,63.67848747993938,47.89920071495607,9.196218699848435
2025-01-29,61.94950163960668,47.37364333215714,4.873754099016692
2025-01-30,64.25514476237083,48.75617703119329,10.637861905927082
2025-01-31,64.4183270900942,48.33147434407759,11.045817725235496
2025-02-03,67.54434921856611,50.28439662551621,18.86087304641526
2025-02-04,62.08737041766538,48.646547642993454,5.218426044163449
2025-02-05,62.522960567015616,47.86463316989027,6.307401417539049
2025-02-06,,47.80266077280502,
2025-02-07,62.046295609012816,48.82716879057625,5.11573902253204
2025-02-10,57.82478520762234,48.25257171611192,-5.438036980944139
2025-02-11,54.92538423886248,46.705074006057565,-12.68653940284381
2025-02-12,57.25245690107877,46.092745116584126,-6.868857747303059
2025-02-13,52.659994546266454,47.177904658292505,-18.350013634333862
2025-02-14,54.31321770555061,46.21922485603201,-14.21695573612347
2025-02-17,,,
2025-02-18,55.21544072131354,44.48849213263581,-11.961398196716155
2025-02-19,58.70848378933519,43.06670558038065,-3.2287905266620287
2025-02-20,59.65288532522018,44.67942356061808,-0.8677866869495343
2025-02-21,60.08085941660143,44.92949308652009,0.2021485415035773
2025-02-24,56.294049024692676,,-9.264877438268314
2025-02-25,64.09349113982512,48.441137618834404,10.23372784956278
2025-02-26,62.5622846293504,48.85113250528514,6.405711573375994
2025-02-27,63.39008444634432,51.85115900387073,8.475211115860803
2025-02-28,62.773691908393246,52.27146390254265,6.934229770983125
2025-03-03,65.07084169569305,54.836252365997545,12.677104239232628
2025-03-04,65.51070904222107,54.49827100782168,13.776772605552656
2025-03-05,64.59641580055496,53.87781709886669,11.491039501387412
2025-03-06,69.30474385795348,56.33081004441343,23.2618596448837
2025-03-07,69.08648624524488,58.98620310861192,22.71621561311221
2025-03-10,75.99486466310181,61.871685816713324,39.98716165775451
2025-03-11,74.16436994116657,61.42220575546387,35.410924852916416
2025-03-12,71.10377852382686,60.79315352166054,27.75944630956717
2025-03-13,73.43127565789715,62.73577762892697,33.578189144742865
2025-03-14,73.17652754274717,62.27716462560668,32.94131885686791
2025-03-17,,64.535368288972,
2025-03-18,75.93788382267584,65.4935393199223,39.844709556689615
2025-03-19,74.64101149636309,65.79561571104193,36.602528740907744
2025-03-20,73.42986034614198,66.38618663393204,33.57465086535494
2025-03-21,70.12033335106999,64.69626795831024,25.30083337767497
2025-03-24,66.9472655606142,63.10920200571552,17.368163901535503
2025-03-25,62.58406910552171,61.5275899253317,6.460172763804284
2025-03-26,67.74651954472274,62.72400762841213,19.366298861806854
2025-03-27,64.80693553712959,62.862835431414915,12.017338842823966
2025-03-28,68.56585759926301,64.96449057175857,21.414643998157512
2025-03-31,66.38044941998155,67.0587705487728,15.951123549953872
2025-04-01,67.43788811985402,64.50408981393919,18.59472029963505
2025-04-02,68.84910091323006,65.09725643160098,22.122752283075144
2025-04-03,66.78987985531253,,16.974699638281354
2025-04-04,66.30463111543777,66.03756245737092,15.761577788594439
2025-04-07,58.502119919144974,62.61460274698589,-3.744700202137574
2025-04-08,59.22181176778473,60.07158428500476,-1.9454705805381778
2025-04-09,54.100174511287804,56.41125861716568,-14.74956372178049
2025-04-10,56.78009522694051,56.611157526190844,-8.049761932648725
2025-04-11,56.35357003600289,57.24338488252146,-9.116074909992777
2025-04-14,55.29183004430255,,-11.770424889243625
2025-04-15,52.89424079339837,57.28886278743556,-17.76439801650409
2025-04-16,58.0374066012891,62.04647624529409,-4.9064834967772475
2025-04-17,60.935380506460874,63.773148771301194,2.338451266152175
2025-04-21,64.44029585130056,64.22299870276316,11.100739628251421
2025-04-22,64.86304383523458,60.049135601546354,12.157609588086427
2025-04-23,64.47686841970408,62.034941059147926,11.19217104926018
2025-04-24,58.7825400952957,60.69339926125284,-3.043649761760747
2025-04-25,55.32212998990954,57.16471990209588,-11.694675025226143
2025-04-28,54.38008880244482,58.51180203644069,-14.049777993887957
2025-04-29,53.568720855751366,58.07217560903622,-16.07819786062159
2025-04-30,54.67434000452455,59.719777120588745,-13.314149988688628
2025-05-01,50.57502762569993,57.37689043387657,-23.562430935750168
2025-05-02,50.97635815373408,59.28892731005365,-22.559104615664793
2025-05-05,50.932076112273876,58.82140651281687,-22.669809719315314
2025-05-06,53.89051894767775,60.066937349196444,-15.27370263080563
2025-05-07,56.1118024642972,60.83785960804961,-9.720493839256994
2025-05-08,65.88047545595441,61.871718248240285,14.70118863988601
2025-05-09,62.03451598900326,62.61822273329632,5.086289972508151
2025-05-12,60.89568387587029,61.4542088496653,2.239209689675725
2025-05-13,57.952272301106056,,-5.119319247234855
2025-05-14,55.22128295791417,57.29259222479106,-11.946792605214585
2025-05-15,53.11051194408866,58.43747619777746,-17.223720139778354
2025-05-16,52.12002777824813,58.89566298738308,-19.699930554379684
2025-05-19,50.169502100175734,57.80116745463766,-24.57624474956066
2025-05-20,50.982042212688526,56.63040461367137,-22.544894468278677
2025-05-21,51.263536662364864,53.874090500522,-21.84115834408784
2025-05-22,51.44499012572025,53.63208494851513,-21.387524685699375
2025-05-23,55.96213689524951,52.52140717357385,-10.094657761876235
2025-05-26,,,
2025-05-27,54.35494935291877,51.377311625675524,-14.112626617703071
2025-05-28,52.874734436922246,51.78254497506724,-17.813163907694385
2025-05-29,55.60359148482953,51.76739675477358,-10.991021287926173
2025-05-30,54.801006539218726,50.2781844342081,-12.997483651953189
2025-06-02,51.94779275296674,48.18754928636668,-20.13051811758315
2025-06-03,52.5956191140775,45.719707598403694,-18.510952214806252
2025-06-04,50.89209509687848,46.46209622401277,-22.769762257803805
2025-06-05,51.16775019256771,49.41500507745795,-22.080624518580727
2025-06-06,50.12831568098436,48.09763010487373,-24.6792107975391
2025-06-09,51.981896266801485,48.29893009252277,-20.04525933299628
2025-06-10,53.41229360812253,46.74460393841657,-16.46926597969367
2025-06-11,56.30640342891654,45.38485967532408,-9.233991427708643
2025-06-12,54.00430099682629,45.823876286007405,-14.989247507934289
2025-06-13,52.28449392899645,45.909864571425935,-19.288765177508882
2025-06-16,52.80682725921001,47.128995906858044,-17.98293185197497
2025-06-17,52.09137357504096,47.444462287515094,-19.771566062397604
2025-06-18,54.1720678336587,48.6738619607399,-14.569830415853247
2025-06-19,,,
2025-06-20,56.041797263753146,47.16191560108305,-9.89550684061713
2025-06-23,,45.75020152471963,
2025-06-24,55.845389107057684,44.99019373794944,-10.38652723235578
2025-06-25,53.84589313632623,43.549959810241766,-15.385267159184423
2025-06-26,54.328997432386515,43.00355667643103,-14.177506419033703
2025-06-27,53.53193850935413,42.28417095523824,-16.17015372661468
2025-06-30,55.40255309192918,41.66227383137797,-11.493617270177058
2025-07-01,59.12534998548046,46.0961767608896,-2.1866250362988504
2025-07-02,59.02118162584848,46.34074870939892,-2.447045935378811
2025-07-03,56.96304998240763,51.19051741687164,-7.592375043980915
2025-07-04,,,
2025-07-07,57.680540282432474,49.113481709130134,-5.798649293918823
2025-07-08,59.16877171654481,49.11558572405961,-2.078070708637969
2025-07-09,57.96923410011087,48.48989769121296,-5.076914749722827
2025-07-10,59.797833323572775,46.888984188296824,-0.5054166910680724
2025-07-11,58.63709032328649,44.52889196662622,-3.4072741917837712
2025-07-14,58.23742103746022,43.41547906440353,-4.406447406349434
2025-07-15,54.82279364718744,41.43205118914909,-12.943015882031395
2025-07-16,54.93779710014589,42.92712455882808,-12.655507249635267
2025-07-17,,44.376124627856704,
2025-07-18,54.300961126358644,46.53637964093838,-14.2475971841034
2025-07-21,52.616434516226406,44.67357484684565,-18.45891370943398
2025-07-22,58.186739998144155,47.8061677977239,-4.533150004639608
2025-07-23,61.216501949910054,47.50418817260736,3.0412548747751345
2025-07-24,59.90957460870078,48.6917221370414,-0.22606347824805084
2025-07-25,60.666490021380106,48.16512733203588,1.6662250534502654
2025-07-28,58.43010343416094,46.20142603626881,-3.9247414145976434
2025-07-29,54.537932072916675,46.4924514153213,-13.655169817708313
2025-07-30,53.353624973302864,44.660261996787085,-16.615937566742844
2025-07-31,52.42231397834324,43.02734638990647,-18.9442150541419
2025-08-01,,44.016339081467635,
2025-08-04,53.52341781690603,44.62435995471121,-16.191455457734925
2025-08-05,53.23036619852094,46.219030146423876,-16.924084503697646
2025-08-06,50.536755316215434,45.60383055517173,-23.658111709461416
2025-08-07,49.4744941231441,44.651667631053726,-26.313764692139753
2025-08-08,48.64296342408235,42.40490616368484,-28.392591439794113
2025-08-11,48.690155963025454,42.5115154893617,-28.27461009243637
2025-08-12,53.27184099774372,42.81672302854398,-16.820397505640685
2025-08-13,57.30572040129171,46.601372906430996,-6.735698996770734
2025-08-14,53.88842939957583,45.870334641762355,-15.278926501060441
2025-08-15,53.69921533793417,45.156000484862744,-15.751961655164571
2025-08-18,55.80044389341453,,-10.498890266463668
2025-08-19,54.84617928669108,48.108620341865894,-12.884551783272302
2025-08-20,55.62509772023522,49.2018657190026,-10.937255699411953
2025-08-21,57.237048143951995,49.69793106655016,-6.907379640120004
2025-08-22,58.613364278702555,50.51322786826077,-3.466589303243617
2025-08-25,59.5744100934739,50.89478319346214,-1.0639747663152566
2025-08-26,57.32491049869609,49.40152149742286,-6.687723753259767
2025-08-27,59.9475674139167,50.21227211729912,-0.13108146520823816
2025-08-28,60.5043017356539,48.708680260450116,1.2607543391347509
2025-08-29,60.52433744743708,50.385574442637036,1.310843618592683
2025-09-01,,,
2025-09-02,60.578554922037,50.61299198240094,1.4463873050925002
2025-09-03,61.74768823823692,48.907319867826686,4.369220595592305
2025-09-04,61.26586317661301,49.06848613173931,3.1646579415325338
2025-09-05,65.31156552084519,50.288701614978486,13.27891380211299
2025-09-08,64.30163032293906,49.46187354440749,10.754075807347663
2025-09-09,61.30836664931637,48.40714209110839,3.2709166232909315
2025-09-10,55.46849746377908,47.39599841156914,-11.328756340552303
2025-09-11,60.73026281688877,,1.8256570422219287
2025-09-12,58.029934658195295,46.36158819899392,-4.9251633545117635
2025-09-15,55.229688932364276,44.9133124008305,-11.92577766908931
2025-09-16,50.75453821827364,44.98207202276009,-23.113654454315903
2025-09-17,50.93045246196172,47.394163608912415,-22.6738688450957
2025-09-18,51.44684740844347,47.90943427206016,-21.382881478891335
2025-09-19,47.26824500427739,46.60549012114449,-31.829387489306527
2025-09-22,46.89231418361163,45.60239614405737,-32.76921454097093
2025-09-23,50.84518491892841,44.331222302974936,-22.88703770267897
2025-09-24,50.658003674572285,45.072810950857445,-23.354990813569287
2025-09-25,50.80218624415642,44.92632326027039,-22.994534389608965
2025-09-26,50.375233000121604,,-24.061917499695994
2025-09-29,,46.1820107280174,
2025-09-30,50.33670723570211,45.178524318027385,-24.158231910744732
2025-10-01,52.61444190347361,45.62547569189627,-18.463895241315974
2025-10-02,53.469929398580476,45.20542884971052,-16.32517650354881
2025-10-03,53.255700589107704,46.97743396622457,-16.86074852723074
2025-10-06,53.002760431161136,46.248526752809525,-17.49309892209716
2025-10-07,54.85633093460528,48.42781773449882,-12.859172663486795
2025-10-08,55.3327312136167,47.638392149125885,-11.668171965958262
2025-10-09,50.61528226751441,45.84333360411783,-23.46179433121398
2025-10-10,55.12735547276665,46.86744507379821,-12.181611318083373
2025-10-13,55.72313441481928,46.81170125514609,-10.692163962951806
2025-10-14,60.00287358758637,46.076632584637466,0.0071839689659292105
2025-10-15,58.161091600018494,45.54824343203882,-4.597270999953773
2025-10-16,56.35792040638793,45.75212079973846,-9.10519898403017
2025-10-17,58.77861794723706,45.46708631369104,-3.0534551319073566
2025-10-20,60.31496316233728,46.74061778716571,0.787407905843196
2025-10-21,59.478376521423726,47.328152414026,-1.3040586964406797
2025-10-22,59.28897532927974,48.69529248775507,-1.7775616768006541
2025-10-23,60.2724828421357,49.72590291048857,0.6812071053392543
2025-10-24,56.46271722722961,47.14391228936091,-8.843206931925973
2025-10-27,53.37330095671885,46.09000734386058,-16.56674760820287
2025-10-28,49.39761584234036,42.837544567338185,-26.5059603941491
2025-10-29,45.29604346890971,42.396461356994465,-36.759891327725725
2025-10-30,47.43495493173539,43.947558582156574,-31.41261267066153
2025-10-31,45.65103237902192,45.1145936088202,-35.8724190524452
2025-11-03,45.48443784697697,44.258831977120224,-36.28890538255758
2025-11-04,47.795373421494546,45.03798807469434,-30.51156644626363
2025-11-05,49.76647291109035,43.034101812734235,-25.583817722274137
2025-11-06,53.33830609089668,45.506960353048804,-16.654234772758294
2025-11-07,54.43030790084457,47.31658869261846,-13.92423024788858
2025-11-10,52.78071003236583,44.966814536235276,-18.04822491908542
2025-11-11,50.4288547622119,43.37959820198548,-23.927863094470258
2025-11-12,52.083172027176644,43.39467934133357,-19.792069932058396
2025-11-13,55.25373481550052,44.5501007659423,-11.865662961248692
2025-11-14,54.10198296358296,42.74555508239409,-14.74504259104259
2025-11-17,52.74033542645821,42.60603511551387,-18.149161433854477
2025-11-18,54.488665337025736,45.598328706375405,-13.778336657435663
2025-11-19,51.632851800202396,43.62898575525385,-20.917870499494008
2025-11-20,53.307745452946065,45.328487635547845,-16.730636367634833
2025-11-21,59.238034229251106,46.366255441772175,-1.9049144268722396
2025-11-24,57.97025876442329,,-5.074353088941774
2025-11-25,64.39839707896556,45.10551889615744,10.995992697413914
2025-11-26,69.19858920849367,46.79926833272858,22.9964730212342
2025-11-27,,,
2025-11-28,66.86911403321871,46.03731617557941,17.17278508304676
2025-12-01,67.6992893541175,46.26950883391882,19.24822338529375
2025-12-02,64.41620777206583,46.89690753004789,11.040519430164597
2025-12-03,65.13173398248492,48.85044329147576,12.829334956212302
2025-12-04,63.460683265555176,47.14568141688478,8.651708163887939
2025-12-05,60.678736737065755,48.92915254268416,1.6968418426643872
2025-12-08,63.38971213119574,49.921236808648274,8.474280327989359
2025-12-09,61.57875700119136,49.98290711322068,3.9468925029784163
2025-12-10,63.81285928910824,51.25054532813856,9.532148222770598
2025-12-11,63.95638961331963,52.20544941813649,9.890974033299083
2025-12-12,67.00608118581982,54.86269321504512,17.51520296454956
2025-12-15,69.70533430128873,56.616422658646144,24.263335753221817
2025-12-16,64.27636567204513,53.86635852084893,10.69091418011281
2025-12-17,70.48647995499002,55.740984330380336,26.216199887475035
2025-12-18,67.02349245063765,55.303974276354865,17.558731126594118
2025-12-19,60.98967881548955,52.929092485392104,2.4741970387238688
2025-12-22,65.68813282177167,53.089187171488504,14.220332054429186
2025-12-23,60.99625389760476,51.662463029286236,2.490634744011899
2025-12-24,61.00974549655257,51.96967993652969,2.52436374138143
2025-12-26,,51.75903482131517,
2025-12-29,61.94460098006921,51.36298399836473,4.8615024501730275
2025-12-30,62.71145519378253,52.22980288942689,6.778637984456326
2025-12-31,63.37926259927457,52.118226402898514,8.448156498186421
2026-01-02,63.697292215326975,54.009899484096216,9.243230538317437
2026-01-05,64.91746324850597,56.01172306094421,12.293658121264928
2026-01-06,67.20039858597205,56.38236258857394,18.00099646493014
2026-01-07,65.14753047772203,55.75419055625775,12.868826194305072
2026-01-08,69.08147461351554,55.54312234843995,22.703686533788847
2026-01-09,65.75435207829082,55.94674637098574,14.385880195727063
2026-01-12,63.17477400045938,56.4570696572685,7.9369350011484485
2026-01-13,62.366394949267026,57.11068642239609,5.915987373167564
2026-01-14,65.07760881896067,59.60996517587742,12.694022047401665
2026-01-15,67.5200741814852,58.87616163062449,18.80018545371298
2026-01-16,63.43398673297699,58.34392181085197,8.584966832442475
2026-01-19,,,
2026-01-20,70.0669112352957,61.43651406087881,25.167278088239264
2026-01-21,71.76846323689898,64.6904850909923,29.421158092247435
2026-01-22,72.9978796641816,66.6119618592771,32.494699160454
2026-01-23,70.96379087784341,68.4223673433433,27.409477194608513
2026-01-26,69.70692304381684,65.94414972886571,24.2673076095421
2026-01-27,66.66540259406273,64.7874598025307,16.663506485156798
2026-01-28,65.49112724871748,65.06105985245314,13.727818121793689
2026-01-29,67.29437111245863,64.5437426835891,18.23592778114658
2026-01-30,65.60184689082482,64.12663644593908,14.004617227062033
2026-02-02,64.62028048543637,63.21139771365509,11.55070121359092
2026-02-03,64.52103859340181,62.81349039728624,11.302596483504512
2026-02-04,73.34680771205416,68.88374362454925,33.36701928013541
2026-02-05,71.36934796237882,68.98090105227429,28.42336990594707
2026-02-06,71.47853567348332,68.36044772051825,28.696339183708286
2026-02-09,70.01696816337096,65.84931334613543,25.04242040842741
2026-02-10,71.73871627971064,68.39306797536727,29.346790699276593
2026-02-11,68.67636429894434,69.94114685055736,21.690910747360846
2026-02-12,68.94602079300499,68.18030198496861,22.365051982512483
2026-02-13,73.60247225480613,72.55588023334087,34.006180637015326
2026-02-16,,,
2026-02-17,69.94907160509655,68.31637231872301,24.872679012741372
2026-02-18,67.83556151623985,71.12796427635338,19.58890379059963
2026-02-19,69.64744928450641,70.0076599018813,24.118623211266012
2026-02-20,70.5866127752047,69.31591014508804,26.46653193801174
2026-02-23,71.38036755448697,,28.450918886217423
2026-02-24,73.95370567243006,69.31099821380144,34.88426418107515
2026-02-25,72.07845619905311,67.85441956806332,30.19614049763275
2026-02-26,75.34922677916413,71.56026827628348,38.37306694791032
2026-02-27,77.52179425131466,72.0514529278864,43.80448562828665
2026-03-02,76.4370897256977,71.51618722190202,41.092724314244265
2026-03-03,72.5752356493666,70.46819634216517,31.438089123416503
2026-03-04,65.7990765151903,70.45986734383087,14.497691287975734
2026-03-05,61.80072551091692,69.12681376847507,4.501813777292307
2026-03-06,62.50235005186017,67.5057540387194,6.255875129650423
2026-03-09,61.82571088484602,64.47345670028416,4.564277212115053
2026-03-10,56.988799082405606,61.91040644287683,-7.52800229398598
2026-03-11,55.38528780306099,60.68090729652765,-11.536780492347521
2026-03-12,54.34117518626408,61.71258174616746,-14.147062034339797
2026-03-13,52.776031379180026,61.01217565493978,-18.05992155204994
2026-03-16,,61.69803428108412,
2026-03-17,54.18281832084831,63.846537041109045,-14.54295419787921
2026-03-18,54.44240475632695,63.750862323565755,-13.893988109182631
2026-03-19,54.90244899955491,65.9804278261842,-12.74387750111272
2026-03-20,55.764237199851586,65.85845975844141,-10.589407000371033
2026-03-23,56.132989848174155,65.80619970037122,-9.667525379564612
2026-03-24,57.6646935597731,66.49661384400812,-5.838266100567258
2026-03-25,60.49427481840523,66.40724032066132,1.2356870460130676
2026-03-26,59.53295032677914,69.0185559814468,-1.1676241830521628
2026-03-27,58.49845508684134,68.61234883808982,-3.7538622828966473
2026-03-30,59.976231307342104,68.26387430219506,-0.05942173164474873
2026-03-31,58.021879053327424,64.48439810944296,-4.945302366681448
2026-04-01,57.52438018176246,65.46504369546413,-6.18904954559385
2026-04-02,60.72191606997363,63.72939613986507,1.8047901749340678
2026-04-06,60.06899901632265,63.827573176668324,0.1724975408066154
2026-04-07,61.36720037117372,63.31014637415129,3.418000927934317
2026-04-08,62.81751816161196,62.19844801218822,7.0437954040298845
2026-04-09,61.57023589182508,58.46708882640312,3.925589729562695
2026-04-10,59.04875012167733,56.376168626961935,-2.3781246958066715
2026-04-13,57.3266354865995,57.1365570122574,-6.6834112835012505
2026-04-14,55.25261024567961,,-11.868474385800965
2026-04-15,51.140733162193264,51.899765625468284,-22.148167094516836
2026-04-16,51.644409202637476,51.1051237600094,-20.888976993406306
2026-04-17,51.165501798639646,52.18417463368575,-22.08624550340088
2026-04-20,53.32573508698854,54.66273845922968,-16.685662282528657
2026-04-21,53.42682107861111,55.4428123972337,-16.432947303472222
2026-04-22,47.537742008725814,54.197021988106,-31.15564497818546
2026-04-23,49.309721950220755,55.97560268584906,-26.725695124448112
2026-04-24,42.1370830835296,52.7109629261692,-44.657292291175985
2026-04-27,39.73623908134182,51.80154365795964,-50.65940229664545
2026-04-28,39.160607285714015,51.698683360739246,-52.09848178571497
2026-04-29,41.74723916747335,49.87589799965759,-45.631902081316625
2026-04-30,45.3473324621691,47.82154335061151,-36.63166884457725
2026-05-01,42.364793850538746,45.48707738706216,-44.08801537365314
2026-05-04,41.70063140245291,45.09672325725992,-45.74842149386771
2026-05-05,42.68408203128273,46.09046434676132,-43.28979492179319
2026-05-06,41.30824385730975,43.189620399284706,-46.72939035672563
2026-05-07,41.995864451956855,41.91945060844541,-45.01033887010786
2026-05-08,42.41973593082243,40.070652696931695,-43.95066017294391
2026-05-11,40.849770617121884,37.17015454189724,-47.87557345719529
2026-05-12,44.13103940712916,,-39.6724014821771
2026-05-13,43.19253881228028,35.78512570292634,-42.018652969299296
2026-05-14,40.78043462327407,34.778922759827665,-48.04891344181483
2026-05-15,41.26399642566695,35.05739798605748,-46.84000893583262
2026-05-18,41.90881806740564,37.2248178428537,-45.227954831485896
2026-05-19,42.07364061992352,37.60127280388473,-44.815898450191185
2026-05-20,46.386583330681034,37.60182136975055,-34.03354167329742
2026-05-21,45.802840211557864,39.97248857202099,-35.492899471105346
2026-05-22,51.620073160091266,38.55908514855922,-20.94981709977184
2026-05-25,,,
2026-05-26,52.267113234040195,37.38031085150984,-19.332216914899504
2026-05-27,52.675643590399574,38.06488741489301,-18.310891024001073
2026-05-28,49.95574121409842,38.34122820876976,-25.110646964753958
2026-05-29,52.34584296756489,39.82811032821124,-19.135392581087764
2026-06-01,52.841866390613916,39.33414703417282,-17.895334023465214
2026-06-02,53.89962885337435,41.33491300782361,-15.250927866564123
2026-06-03,57.535024898965794,43.5173508546514,-6.1624377525855145
2026-06-04,60.365790336980076,44.90382549666286,0.9144758424501909
2026-06-05,67.34879439879785,47.824622433617634,18.37198599699463
2026-06-08,67.1424331741583,45.662143508838824,17.856082935395754
2026-06-09,71.18830208652027,48.86806576533265,27.97075521630066
2026-06-10,76.58925576446393,48.90358810574611,41.47313941115982
2026-06-11,77.7739761859197,48.37052266069967,44.43494046479923
2026-06-12,78.5628593470172,48.84118801726515,46.407148367543
2026-06-15,70.8813883773987,46.095194063168954,27.203470943496733
2026-06-16,71.61793724223914,46.69372045521814,29.04484310559785
2026-06-17,70.2865921247406,44.98461557527734,25.716480311851477
2026-06-18,67.00126536455032,43.790180503910875,17.50316341137581
2026-06-19,,,
2026-06-22,,42.16164206767884,
2026-06-23,72.27139035181838,44.52361752097215,30.678475879545974
2026-06-24,75.63293052583896,48.3771791373007,39.0823263145974
2026-06-25,78.5071984082044,50.65784781836608,46.26799602051101
2026-06-26,78.56621859795516,50.28509726785022,46.415546494887884
2026-06-29,77.52320772685482,49.55767627636768,43.80801931713707
2026-06-30,72.67733781080045,47.99460105764137,31.693344527001123
2026-07-01,73.1245732276045,49.62039096242355,32.811433069011244
2026-07-02,75.01614834509404,52.936606680429136,37.540370862735095
2026-07-03,,,
2026-07-06,68.1157001065975,52.197117975688165,20.289250266493752
2026-07-07,65.26286047438998,55.04431937586591,13.157151185974936
2026-07-08,60.48810209717285,54.73232602357462,1.2202552429321223
2026-07-09,60.11235574154025,53.6325627322824,0.28088935385062186
2026-07-10,58.44148107973201,53.37682171638381,-3.896297300669982
2026-07-13,66.10231130809905,53.9267973596333,15.2557782702476
2026-07-14,62.12968605222752,52.04014754507955,5.324215130568799
2026-07-15,60.65570054731854,53.10797465947651,1.639251368296346
2026-07-16,69.12232670463675,55.9426010544682,22.805816761591878
2026-07-17,,58.93480269455265,
2026-07-20,66.61868978224467,58.950890748429245,16.546724455611674
2026-07-21,59.40698073494465,57.313671437585874,-1.4825481626383752
2026-07-22,56.743909468140465,57.93807949165087,-8.140226329648836
2026-07-23,58.21697113778329,58.86220651744118,-4.457572155541767
2026-07-24,60.73622796400619,62.0702800983416,1.840569910015466
2026-07-27,65.04306516564812,64.51330089450752,12.607662914120299
2026-07-28,72.51411046873132,66.93590590946792,31.2852761718283
2026-07-29,73.38370068982684,70.19773466550083,33.459251724567096
2026-07-30,62.54491048991348,66.27408286614751,6.362276224783692
2026-07-31,,65.38234768916502,
2026-08-03,60.5189994619939,64.96377049428636,1.2974986549847412
2026-08-04,57.68271519727967,63.865578794475915,-5.79321200680083
2026-08-05,61.07086554014701,66.38389975462484,2.6771638503675366
2026-08-06,60.53926940262458,66.53419653774318,1.3481735065614675
2026-08-07,61.07977548374008,66.285935266102,2.699438709350188
2026-08-10,58.492797376773076,64.73617557155681,-3.768006558067305
2026-08-11,63.51501477128187,65.90365360984369,8.787536928204664
2026-08-12,65.7287665064826,65.52804849297617,14.321916266206491
2026-08-13,59.80150480962138,65.0479288006322,-0.4962379759465563
2026-08-14,59.84314621633676,64.2668185364142,-0.39213445915808887
2026-08-17,59.30663902159935,,-1.7334024460016195
2026-08-18,62.895107737974186,64.14979973597357,7.237769344935474
2026-08-19,65.86451368377547,66.43355795214617,14.661284209438685
2026-08-20,62.46544474424972,67.00605620447436,6.163611860624307
2026-08-21,60.64522129893385,67.50814455014748,1.6130532473346282
2026-08-24,59.37372039019281,68.82827630170158,-1.5656990245179747
2026-08-25,54.16923637610828,67.11518988318704,-14.576909059729303
2026-08-26,,,
