,a_above_200ema,a_above_50ema,a_golden,a_slope,a_qqq_lead,pillar_a_coverage,pillar_a,b_above50,b_above200,b_nhnl,b_rsp,pillar_b_coverage,pillar_b,c_vix_rank,c_term,c_rvol,pillar_c_coverage,pillar_c,d_credit,d_iwm,d_rates,d_dollar,pillar_d_coverage,pillar_d,total,regime_raw,regime_confirmed,regime,entry_blocked,override_reason,exposure_cap,per_name_cap,multiplier
2015-01-02,,,,,,0.0,,,,,,0.0,,,8.0,,0.32,25.0,,,,,0.0,,25.0,RISK_OFF,RISK_OFF,RISK_OFF,False,,0.1,0.05,0.1
2015-01-05,,,,,,0.0,,,,,,0.0,,,8.0,,0.32,25.0,,,,,0.0,,25.0,RISK_OFF,RISK_OFF,RISK_OFF,False,,0.1,0.05,0.1
2015-01-06,,,,,,0.0,,,,,,0.0,,,4.0,,0.32,12.5,,,,,0.0,,12.5,CRISIS,RISK_OFF,RISK_OFF,False,,0.1,0.05,0.1
2015-01-07,,,,,,0.0,,,,,,0.0,,,8.0,,0.32,25.0,,,,,0.0,,25.0,RISK_OFF,RISK_OFF,RISK_OFF,False,,0.1,0.05,0.1
2015-01-08,,,,,,0.0,,,,,,0.0,,,8.0,,0.32,25.0,,,,,0.0,,25.0,RISK_OFF,RISK_OFF,RISK_OFF,False,,0.1,0.05,0.1
2015-01-09,,,,,,0.0,,,,,,0.0,,,8.0,,0.32,25.0,,,,,0.0,,25.0,RISK_OFF,RISK_OFF,RISK_OFF,False,,0.1,0.05,0.1
2015-01-12,,,,,,0.0,,,,,,0.0,,,8.0,,0.32,25.0,,,,,0.0,,25.0,RISK_OFF,RISK_OFF,RISK_OFF,False,,0.1,0.05,0.1
2015-01-13,,,,,,0.0,,,,,,0.0,,,8.0,,0.32,25.0,,,,,0.0,,25.0,RISK_OFF,RISK_OFF,RISK_OFF,False,,0.1,0.05,0.1
2015-01-14,,,,,,0.0,,,,,,0.0,,,0.0,,0.32,0.0,,,,,0.0,,0.0,CRISIS,RISK_OFF,RISK_OFF,False,,0.1,0.05,0.1
2015-01-15,,,,,,0.0,,,,,,0.0,,,0.0,,0.32,0.0,,,,,0.0,,0.0,CRISIS,CRISIS,CRISIS,False,,0.0,0.0,0.0
2015-01-16,,,,,,0.0,,,,,,0.0,,,0.0,,0.32,0.0,,,,,0.0,,0.0,CRISIS,CRISIS,CRISIS,False,,0.0,0.0,0.0
2015-01-20,,,,,,0.0,,,,,,0.0,,,0.0,,0.32,0.0,,,,,0.0,,0.0,CRISIS,CRISIS,CRISIS,False,,0.0,0.0,0.0
2015-01-21,,,,,,0.0,,,,,,0.0,,,0.0,,0.32,0.0,,,,,0.0,,0.0,CRISIS,CRISIS,CRISIS,False,,0.0,0.0,0.0
2015-01-22,,,,,,0.0,,,,,,0.0,,,8.0,,0.32,25.0,,,,,0.0,,25.0,RISK_OFF,CRISIS,CRISIS,False,,0.0,0.0,0.0
2015-01-23,,,,,,0.0,,,,,,0.0,,,8.0,,0.32,25.0,,,,,0.0,,25.0,RISK_OFF,RISK_OFF,RISK_OFF,False,,0.1,0.05,0.1
2015-01-26,,,,,,0.0,,,,,,0.0,,,8.0,,0.32,25.0,,,,,0.0,,25.0,RISK_OFF,RISK_OFF,RISK_OFF,False,,0.1,0.05,0.1
2015-01-27,,,,,,0.0,,,,,,0.0,,,8.0,,0.32,25.0,,,,,0.0,,25.0,RISK_OFF,RISK_OFF,RISK_OFF,False,,0.1,0.05,0.1
2015-01-28,,,,,,0.0,,,,,,0.0,,,0.0,,0.32,0.0,,,,,0.0,,0.0,CRISIS,RISK_OFF,RISK_OFF,False,,0.1,0.05,0.1
2015-01-29,,,,,,0.0,,,,,,0.0,,,8.0,,0.32,25.0,,,,,0.0,,25.0,RISK_OFF,RISK_OFF,RISK_OFF,False,,0.1,0.05,0.1
2015-01-30,,,,,,0.0,,,,,,0.0,,,4.0,,0.32,12.5,,,,,0.0,,12.5,CRISIS,RISK_OFF,RISK_OFF,False,,0.1,0.05,0.1
2015-02-02,,,,,,0.0,,4.0,,,0.0,0.52,7.6923076923076925,,8.0,7.0,0.6,25.0,,6.0,6.0,,0.48,25.0,57.69230769230769,NEUTRAL,RISK_OFF,RISK_OFF,False,,0.1,0.05,0.1
2015-02-03,,,,,,0.0,,8.0,,,5.0,0.52,25.0,,8.0,7.0,0.6,25.0,,6.0,6.0,,0.48,25.0,75.0,BULL,RISK_OFF,RISK_OFF,False,,0.1,0.05,0.1
2015-02-04,,,,,,0.0,,8.0,,,5.0,0.52,25.0,,8.0,7.0,0.6,25.0,,6.0,6.0,,0.48,25.0,75.0,BULL,BULL,BULL,False,,0.8,0.12,1.0
2015-02-05,,,,,,0.0,,8.0,,,5.0,0.52,25.0,,8.0,7.0,0.6,25.0,,6.0,6.0,,0.48,25.0,75.0,BULL,BULL,BULL,False,,0.8,0.12,1.0
2015-02-06,,,,,,0.0,,8.0,,6.0,5.0,0.76,25.0,,8.0,7.0,0.6,25.0,,6.0,6.0,,0.48,25.0,75.0,BULL,BULL,BULL,False,,0.8,0.12,1.0
2015-02-09,,,,,,0.0,,8.0,,6.0,5.0,0.76,25.0,,8.0,7.0,0.6,25.0,,6.0,6.0,,0.48,25.0,75.0,BULL,BULL,BULL,False,,0.8,0.12,1.0
2015-02-10,,,,,,0.0,,8.0,,6.0,5.0,0.76,25.0,,8.0,7.0,0.6,25.0,,6.0,6.0,,0.48,25.0,75.0,BULL,BULL,BULL,False,,0.8,0.12,1.0
2015-02-11,,,,,,0.0,,8.0,,6.0,5.0,0.76,25.0,,8.0,7.0,0.6,25.0,,6.0,6.0,,0.48,25.0,75.0,BULL,BULL,BULL,False,,0.8,0.12,1.0
2015-02-12,,,,,,0.0,,8.0,,6.0,5.0,0.76,25.0,,8.0,7.0,0.6,25.0,,6.0,6.0,,0.48,25.0,75.0,BULL,BULL,BULL,False,,0.8,0.12,1.0
2015-02-13,,,,,,0.0,,8.0,,6.0,5.0,0.76,25.0,,8.0,7.0,0.6,25.0,,6.0,6.0,,0.48,25.0,75.0,BULL,BULL,BULL,False,,0.8,0.12,1.0
2015-02-17,,,,,,0.0,,8.0,,6.0,5.0,0.76,25.0,,8.0,7.0,0.6,25.0,,6.0,0.0,,0.48,12.5,62.5,NEUTRAL,BULL,BULL,False,,0.8,0.12,1.0
2015-02-18,,,,,,0.0,,8.0,,6.0,5.0,0.76,25.0,,8.0,7.0,0.6,25.0,,6.0,6.0,,0.48,25.0,75.0,BULL,BULL,BULL,False,,0.8,0.12,1.0
2015-02-19,,,,,,0.0,,8.0,,6.0,5.0,0.76,25.0,,8.0,7.0,0.6,25.0,,6.0,6.0,,0.48,25.0,75.0,BULL,BULL,BULL,False,,0.8,0.12,1.0
2015-02-20,,,,,,0.0,,8.0,,6.0,5.0,0.76,25.0,,8.0,7.0,0.6,25.0,,6.0,6.0,,0.48,25.0,75.0,BULL,BULL,BULL,False,,0.8,0.12,1.0
2015-02-23,,,,,,0.0,,8.0,,6.0,5.0,0.76,25.0,,8.0,7.0,0.6,25.0,,6.0,6.0,,0.48,25.0,75.0,BULL,BULL,BULL,False,,0.8,0.12,1.0
2015-02-24,,,,,,0.0,,8.0,,6.0,5.0,0.76,25.0,,8.0,7.0,0.6,25.0,,6.0,6.0,,0.48,25.0,75.0,BULL,BULL,BULL,False,,0.8,0.12,1.0
2015-02-25,,,,,,0.0,,4.0,,6.0,0.0,0.76,13.157894736842104,,8.0,7.0,0.6,25.0,,6.0,6.0,,0.48,25.0,63.1578947368421,NEUTRAL,BULL,BULL,False,,0.8,0.12,1.0
2015-02-26,,,,,,0.0,,4.0,,6.0,0.0,0.76,13.157894736842104,,8.0,7.0,0.6,25.0,,6.0,6.0,,0.48,25.0,63.1578947368421,NEUTRAL,NEUTRAL,NEUTRAL,False,,0.5,0.08,0.7
2015-02-27,,,,,,0.0,,8.0,,6.0,5.0,0.76,25.0,,8.0,7.0,0.6,25.0,,6.0,6.0,,0.48,25.0,75.0,BULL,NEUTRAL,NEUTRAL,False,,0.5,0.08,0.7
2015-03-02,,,,,,0.0,,4.0,,6.0,0.0,0.76,13.157894736842104,,8.0,7.0,0.6,25.0,,6.0,0.0,,0.48,12.5,50.6578947368421,NEUTRAL,NEUTRAL,NEUTRAL,False,,0.5,0.08,0.7
2015-03-03,,,,,,0.0,,8.0,,6.0,5.0,0.76,25.0,,8.0,7.0,0.6,25.0,,6.0,0.0,,0.48,12.5,62.5,NEUTRAL,NEUTRAL,NEUTRAL,False,,0.5,0.08,0.7
2015-03-04,,,,,,0.0,,4.0,,0.0,0.0,0.76,5.263157894736842,,8.0,7.0,0.6,25.0,,6.0,0.0,,0.48,12.5,42.76315789473684,CAUTION,NEUTRAL,NEUTRAL,False,,0.5,0.08,0.7
2015-03-05,,,,,,0.0,,4.0,,0.0,0.0,0.76,5.263157894736842,,8.0,7.0,0.6,25.0,,6.0,0.0,,0.48,12.5,42.76315789473684,CAUTION,CAUTION,CAUTION,False,,0.25,0.05,0.4
2015-03-06,,,,,,0.0,,4.0,,0.0,0.0,0.76,5.263157894736842,,8.0,7.0,0.6,25.0,,6.0,0.0,,0.48,12.5,42.76315789473684,CAUTION,CAUTION,CAUTION,False,,0.25,0.05,0.4
2015-03-09,,,,,,0.0,,4.0,,0.0,0.0,0.76,5.263157894736842,,8.0,7.0,0.6,25.0,,6.0,6.0,,0.48,25.0,55.26315789473684,NEUTRAL,CAUTION,CAUTION,False,,0.25,0.05,0.4
2015-03-10,,,,,,0.0,,4.0,,0.0,0.0,0.76,5.263157894736842,,8.0,7.0,0.6,25.0,,6.0,6.0,,0.48,25.0,55.26315789473684,NEUTRAL,NEUTRAL,NEUTRAL,False,,0.5,0.08,0.7
2015-03-11,,,,,,0.0,,4.0,,0.0,0.0,0.76,5.263157894736842,,8.0,7.0,0.6,25.0,,6.0,6.0,,0.48,25.0,55.26315789473684,NEUTRAL,NEUTRAL,NEUTRAL,False,,0.5,0.08,0.7
2015-03-12,,,,,,0.0,,4.0,,0.0,0.0,0.76,5.263157894736842,,8.0,7.0,0.6,25.0,,6.0,6.0,,0.48,25.0,55.26315789473684,NEUTRAL,NEUTRAL,NEUTRAL,False,,0.5,0.08,0.7
2015-03-13,,,,,,0.0,,4.0,,0.0,0.0,0.76,5.263157894736842,,8.0,7.0,0.6,25.0,,6.0,6.0,,0.48,25.0,55.26315789473684,NEUTRAL,NEUTRAL,NEUTRAL,False,,0.5,0.08,0.7
2015-03-16,,,,,,0.0,,4.0,,0.0,0.0,0.76,5.263157894736842,10.0,8.0,7.0,1.0,25.0,9.0,6.0,6.0,0.0,1.0,21.0,51.26315789473684,NEUTRAL,NEUTRAL,NEUTRAL,False,,0.5,0.08,0.7
2015-03-17,,,,,,0.0,,4.0,,0.0,0.0,0.76,5.263157894736842,10.0,4.0,7.0,1.0,21.0,9.0,6.0,6.0,0.0,1.0,21.0,47.26315789473684,NEUTRAL,NEUTRAL,NEUTRAL,False,,0.5,0.08,0.7
2015-03-18,,,,,,0.0,,4.0,,0.0,0.0,0.76,5.263157894736842,10.0,8.0,7.0,1.0,25.0,0.0,6.0,6.0,0.0,1.0,12.0,42.26315789473684,CAUTION,NEUTRAL,NEUTRAL,False,,0.5,0.08,0.7
2015-03-19,,,,,,0.0,,4.0,,0.0,0.0,0.76,5.263157894736842,10.0,8.0,7.0,1.0,25.0,0.0,6.0,6.0,0.0,1.0,12.0,42.26315789473684,CAUTION,CAUTION,CAUTION,False,,0.25,0.05,0.4
2015-03-20,,,,,,0.0,,4.0,,0.0,0.0,0.76,5.263157894736842,10.0,8.0,7.0,1.0,25.0,0.0,6.0,6.0,0.0,1.0,12.0,42.26315789473684,CAUTION,CAUTION,CAUTION,False,,0.25,0.05,0.4
2015-03-23,,,,,,0.0,,8.0,,0.0,5.0,0.76,17.105263157894736,10.0,8.0,7.0,1.0,25.0,0.0,6.0,6.0,0.0,1.0,12.0,54.10526315789474,NEUTRAL,CAUTION,CAUTION,False,,0.25,0.05,0.4
2015-03-24,,,,,,0.0,,8.0,,0.0,5.0,0.76,17.105263157894736,10.0,8.0,7.0,1.0,25.0,0.0,6.0,6.0,0.0,1.0,12.0,54.10526315789474,NEUTRAL,NEUTRAL,NEUTRAL,False,,0.5,0.08,0.7
2015-03-25,,,,,,0.0,,8.0,,0.0,5.0,0.76,17.105263157894736,10.0,8.0,7.0,1.0,25.0,0.0,6.0,6.0,0.0,1.0,12.0,54.10526315789474,NEUTRAL,NEUTRAL,NEUTRAL,False,,0.5,0.08,0.7
2015-03-26,,,,,,0.0,,8.0,,6.0,5.0,0.76,25.0,5.0,8.0,7.0,1.0,20.0,9.0,6.0,6.0,0.0,1.0,21.0,66.0,BULL,NEUTRAL,NEUTRAL,False,,0.5,0.08,0.7
2015-03-27,,,,,,0.0,,8.0,,6.0,5.0,0.76,25.0,10.0,8.0,7.0,1.0,25.0,0.0,6.0,6.0,0.0,1.0,12.0,62.0,NEUTRAL,NEUTRAL,NEUTRAL,False,,0.5,0.08,0.7
2015-03-30,,,,,,0.0,,8.0,,6.0,5.0,0.76,25.0,10.0,8.0,7.0,1.0,25.0,9.0,6.0,6.0,0.0,1.0,21.0,71.0,BULL,NEUTRAL,NEUTRAL,False,,0.5,0.08,0.7
2015-03-31,,,,,,0.0,,8.0,6.0,6.0,5.0,1.0,25.0,10.0,8.0,7.0,1.0,25.0,0.0,6.0,6.0,0.0,1.0,12.0,62.0,NEUTRAL,NEUTRAL,NEUTRAL,False,,0.5,0.08,0.7
2015-04-01,,,,,,0.0,,8.0,6.0,6.0,5.0,1.0,25.0,10.0,8.0,7.0,1.0,25.0,0.0,6.0,6.0,0.0,1.0,12.0,62.0,NEUTRAL,NEUTRAL,NEUTRAL,False,,0.5,0.08,0.7
2015-04-02,,,,,,0.0,,8.0,6.0,6.0,5.0,1.0,25.0,10.0,8.0,7.0,1.0,25.0,0.0,6.0,6.0,0.0,1.0,12.0,62.0,NEUTRAL,NEUTRAL,NEUTRAL,False,,0.5,0.08,0.7
2015-04-06,,,,,,0.0,,8.0,6.0,6.0,5.0,1.0,25.0,10.0,8.0,7.0,1.0,25.0,0.0,6.0,6.0,0.0,1.0,12.0,62.0,NEUTRAL,NEUTRAL,NEUTRAL,False,,0.5,0.08,0.7
2015-04-07,,,,,,0.0,,8.0,6.0,6.0,5.0,1.0,25.0,10.0,8.0,7.0,1.0,25.0,9.0,6.0,6.0,0.0,1.0,21.0,71.0,BULL,NEUTRAL,NEUTRAL,False,,0.5,0.08,0.7
2015-04-08,,,,,,0.0,,8.0,6.0,6.0,5.0,1.0,25.0,10.0,8.0,7.0,1.0,25.0,9.0,6.0,6.0,0.0,1.0,21.0,71.0,BULL,BULL,BULL,False,,0.8,0.12,1.0
2015-04-09,,,,,,0.0,,8.0,6.0,6.0,5.0,1.0,25.0,10.0,8.0,7.0,1.0,25.0,9.0,6.0,6.0,0.0,1.0,21.0,71.0,BULL,BULL,BULL,False,,0.8,0.12,1.0
2015-04-10,,,,,,0.0,,8.0,6.0,6.0,5.0,1.0,25.0,10.0,8.0,7.0,1.0,25.0,9.0,6.0,6.0,0.0,1.0,21.0,71.0,BULL,BULL,BULL,False,,0.8,0.12,1.0
2015-04-13,,,,,,0.0,,8.0,6.0,6.0,5.0,1.0,25.0,10.0,8.0,7.0,1.0,25.0,9.0,6.0,6.0,0.0,1.0,21.0,71.0,BULL,BULL,BULL,False,,0.8,0.12,1.0
2015-04-14,,,,,,0.0,,8.0,6.0,6.0,5.0,1.0,25.0,10.0,8.0,7.0,1.0,25.0,0.0,6.0,6.0,0.0,1.0,12.0,62.0,NEUTRAL,BULL,BULL,False,,0.8,0.12,1.0
2015-04-15,,,,,,0.0,,8.0,6.0,6.0,5.0,1.0,25.0,10.0,8.0,7.0,1.0,25.0,9.0,6.0,6.0,0.0,1.0,21.0,71.0,BULL,BULL,BULL,False,,0.8,0.12,1.0
2015-04-16,,,,,,0.0,,8.0,6.0,6.0,5.0,1.0,25.0,10.0,8.0,7.0,1.0,25.0,0.0,6.0,6.0,0.0,1.0,12.0,62.0,NEUTRAL,BULL,BULL,False,,0.8,0.12,1.0
2015-04-17,,,,,,0.0,,8.0,6.0,6.0,5.0,1.0,25.0,10.0,8.0,7.0,1.0,25.0,0.0,6.0,6.0,0.0,1.0,12.0,62.0,NEUTRAL,NEUTRAL,NEUTRAL,False,,0.5,0.08,0.7
2015-04-20,,,,,,0.0,,8.0,6.0,6.0,5.0,1.0,25.0,10.0,8.0,7.0,1.0,25.0,0.0,6.0,6.0,0.0,1.0,12.0,62.0,NEUTRAL,NEUTRAL,NEUTRAL,False,,0.5,0.08,0.7
2015-04-21,,,,,,0.0,,8.0,6.0,6.0,5.0,1.0,25.0,10.0,8.0,7.0,1.0,25.0,0.0,6.0,6.0,0.0,1.0,12.0,62.0,NEUTRAL,NEUTRAL,NEUTRAL,False,,0.5,0.08,0.7
2015-04-22,,,,,,0.0,,8.0,6.0,6.0,5.0,1.0,25.0,10.0,8.0,7.0,1.0,25.0,9.0,6.0,6.0,0.0,1.0,21.0,71.0,BULL,NEUTRAL,NEUTRAL,False,,0.5,0.08,0.7
2015-04-23,,,,,,0.0,,8.0,6.0,6.0,5.0,1.0,25.0,10.0,8.0,7.0,1.0,25.0,9.0,6.0,6.0,0.0,1.0,21.0,71.0,BULL,BULL,BULL,False,,0.8,0.12,1.0
2015-04-24,,,,,,0.0,,4.0,6.0,6.0,0.0,1.0,16.0,10.0,8.0,7.0,1.0,25.0,0.0,6.0,6.0,4.0,1.0,16.0,57.0,NEUTRAL,BULL,BULL,False,,0.8,0.12,1.0
2015-04-27,,,,,,0.0,,4.0,3.0,0.0,0.0,1.0,7.000000000000001,10.0,8.0,7.0,1.0,25.0,9.0,0.0,6.0,4.0,1.0,19.0,51.0,NEUTRAL,NEUTRAL,NEUTRAL,False,,0.5,0.08,0.7
2015-04-28,,,,,,0.0,,4.0,3.0,0.0,0.0,1.0,7.000000000000001,10.0,8.0,7.0,1.0,25.0,9.0,0.0,6.0,4.0,1.0,19.0,51.0,NEUTRAL,NEUTRAL,NEUTRAL,False,,0.5,0.08,0.7
2015-04-29,,,,,,0.0,,4.0,6.0,0.0,0.0,1.0,10.0,10.0,8.0,7.0,1.0,25.0,9.0,0.0,6.0,4.0,1.0,19.0,54.0,NEUTRAL,NEUTRAL,NEUTRAL,False,,0.5,0.08,0.7
2015-04-30,,,,,,0.0,,4.0,3.0,0.0,0.0,1.0,7.000000000000001,10.0,8.0,7.0,1.0,25.0,9.0,0.0,6.0,4.0,1.0,19.0,51.0,NEUTRAL,NEUTRAL,NEUTRAL,False,,0.5,0.08,0.7
2015-05-01,,,,,,0.0,,4.0,3.0,0.0,0.0,1.0,7.000000000000001,10.0,8.0,7.0,1.0,25.0,9.0,0.0,6.0,4.0,1.0,19.0,51.0,NEUTRAL,NEUTRAL,NEUTRAL,False,,0.5,0.08,0.7
2015-05-04,,,,,,0.0,,4.0,3.0,0.0,0.0,1.0,7.000000000000001,10.0,8.0,7.0,1.0,25.0,9.0,0.0,6.0,4.0,1.0,19.0,51.0,NEUTRAL,NEUTRAL,NEUTRAL,False,,0.5,0.08,0.7
2015-05-05,,,,,,0.0,,4.0,3.0,0.0,0.0,1.0,7.000000000000001,10.0,8.0,7.0,1.0,25.0,9.0,0.0,6.0,4.0,1.0,19.0,51.0,NEUTRAL,NEUTRAL,NEUTRAL,False,,0.5,0.08,0.7
2015-05-06,,,,,,0.0,,4.0,3.0,0.0,0.0,1.0,7.000000000000001,5.0,4.0,7.0,1.0,16.0,9.0,0.0,0.0,4.0,1.0,13.0,36.0,CAUTION,NEUTRAL,NEUTRAL,False,,0.5,0.08,0.7
2015-05-07,,,,,,0.0,,4.0,3.0,0.0,0.0,1.0,7.000000000000001,5.0,8.0,7.0,1.0,20.0,9.0,0.0,6.0,4.0,1.0,19.0,46.0,NEUTRAL,NEUTRAL,NEUTRAL,False,,0.5,0.08,0.7
2015-05-08,,,,,,0.0,,4.0,3.0,0.0,0.0,1.0,7.000000000000001,10.0,8.0,7.0,1.0,25.0,9.0,0.0,6.0,4.0,1.0,19.0,51.0,NEUTRAL,NEUTRAL,NEUTRAL,False,,0.5,0.08,0.7
2015-05-11,,,,,,0.0,,4.0,3.0,0.0,0.0,1.0,7.000000000000001,10.0,8.0,7.0,1.0,25.0,9.0,0.0,0.0,4.0,1.0,13.0,45.0,NEUTRAL,NEUTRAL,NEUTRAL,False,,0.5,0.08,0.7
2015-05-12,,,,,,0.0,,4.0,3.0,0.0,0.0,1.0,7.000000000000001,10.0,8.0,7.0,1.0,25.0,9.0,0.0,0.0,4.0,1.0,13.0,45.0,NEUTRAL,NEUTRAL,NEUTRAL,False,,0.5,0.08,0.7
2015-05-13,,,,,,0.0,,4.0,3.0,0.0,0.0,1.0,7.000000000000001,10.0,8.0,7.0,1.0,25.0,9.0,0.0,0.0,4.0,1.0,13.0,45.0,NEUTRAL,NEUTRAL,NEUTRAL,False,,0.5,0.08,0.7
2015-05-14,,,,,,0.0,,4.0,3.0,0.0,0.0,1.0,7.000000000000001,10.0,8.0,7.0,1.0,25.0,9.0,0.0,0.0,4.0,1.0,13.0,45.0,NEUTRAL,NEUTRAL,NEUTRAL,False,,0.5,0.08,0.7
2015-05-15,,,,,,0.0,,4.0,3.0,0.0,0.0,1.0,7.000000000000001,10.0,8.0,7.0,1.0,25.0,9.0,0.0,6.0,4.0,1.0,19.0,51.0,NEUTRAL,NEUTRAL,NEUTRAL,False,,0.5,0.08,0.7
2015-05-18,,,,,,0.0,,4.0,3.0,0.0,0.0,1.0,7.000000000000001,10.0,8.0,7.0,1.0,25.0,9.0,0.0,0.0,4.0,1.0,13.0,45.0,NEUTRAL,NEUTRAL,NEUTRAL,False,,0.5,0.08,0.7
2015-05-19,,,,,,0.0,,4.0,3.0,0.0,0.0,1.0,7.000000000000001,10.0,8.0,7.0,1.0,25.0,9.0,0.0,0.0,4.0,1.0,13.0,45.0,NEUTRAL,NEUTRAL,NEUTRAL,False,,0.5,0.08,0.7
2015-05-20,,,,,,0.0,,4.0,3.0,0.0,0.0,1.0,7.000000000000001,10.0,8.0,7.0,1.0,25.0,9.0,0.0,6.0,4.0,1.0,19.0,51.0,NEUTRAL,NEUTRAL,NEUTRAL,False,,0.5,0.08,0.7
2015-05-21,,,,,,0.0,,4.0,3.0,0.0,0.0,1.0,7.000000000000001,10.0,8.0,7.0,1.0,25.0,9.0,0.0,6.0,4.0,1.0,19.0,51.0,NEUTRAL,NEUTRAL,NEUTRAL,False,,0.5,0.08,0.7
2015-05-22,,,,,,0.0,,4.0,3.0,0.0,0.0,1.0,7.000000000000001,10.0,8.0,7.0,1.0,25.0,9.0,0.0,6.0,4.0,1.0,19.0,51.0,NEUTRAL,NEUTRAL,NEUTRAL,False,,0.5,0.08,0.7
2015-05-26,,,,,,0.0,,4.0,3.0,0.0,0.0,1.0,7.000000000000001,5.0,8.0,7.0,1.0,20.0,9.0,6.0,6.0,0.0,1.0,21.0,48.0,NEUTRAL,NEUTRAL,NEUTRAL,False,,0.5,0.08,0.7
2015-05-27,,,,,,0.0,,4.0,3.0,0.0,0.0,1.0,7.000000000000001,10.0,8.0,7.0,1.0,25.0,9.0,6.0,6.0,0.0,1.0,21.0,53.0,NEUTRAL,NEUTRAL,NEUTRAL,False,,0.5,0.08,0.7
2015-05-28,,,,,,0.0,,4.0,3.0,0.0,0.0,1.0,7.000000000000001,10.0,8.0,7.0,1.0,25.0,9.0,6.0,6.0,0.0,1.0,21.0,53.0,NEUTRAL,NEUTRAL,NEUTRAL,False,,0.5,0.08,0.7
2015-05-29,,,,,,0.0,,4.0,3.0,0.0,0.0,1.0,7.000000000000001,10.0,8.0,7.0,1.0,25.0,9.0,6.0,6.0,0.0,1.0,21.0,53.0,NEUTRAL,NEUTRAL,NEUTRAL,False,,0.5,0.08,0.7
2015-06-01,,,,,,0.0,,4.0,3.0,0.0,0.0,1.0,7.000000000000001,10.0,8.0,7.0,1.0,25.0,9.0,6.0,6.0,0.0,1.0,21.0,53.0,NEUTRAL,NEUTRAL,NEUTRAL,False,,0.5,0.08,0.7
2015-06-02,,,,,,0.0,,4.0,3.0,0.0,0.0,1.0,7.000000000000001,5.0,8.0,7.0,1.0,20.0,9.0,6.0,6.0,4.0,1.0,25.0,52.0,NEUTRAL,NEUTRAL,NEUTRAL,False,,0.5,0.08,0.7
2015-06-03,,,,,,0.0,,4.0,3.0,0.0,0.0,1.0,7.000000000000001,10.0,8.0,7.0,1.0,25.0,9.0,6.0,6.0,4.0,1.0,25.0,57.0,NEUTRAL,NEUTRAL,NEUTRAL,False,,0.5,0.08,0.7
2015-06-04,,,,,,0.0,,4.0,3.0,0.0,0.0,1.0,7.000000000000001,5.0,8.0,7.0,1.0,20.0,9.0,6.0,6.0,4.0,1.0,25.0,52.0,NEUTRAL,NEUTRAL,NEUTRAL,False,,0.5,0.08,0.7
2015-06-05,,,,,,0.0,,4.0,3.0,0.0,0.0,1.0,7.000000000000001,5.0,8.0,7.0,1.0,20.0,9.0,6.0,6.0,4.0,1.0,25.0,52.0,NEUTRAL,NEUTRAL,NEUTRAL,False,,0.5,0.08,0.7
2015-06-08,,,,,,0.0,,4.0,3.0,0.0,0.0,1.0,7.000000000000001,5.0,4.0,7.0,1.0,16.0,9.0,6.0,6.0,4.0,1.0,25.0,48.0,NEUTRAL,NEUTRAL,NEUTRAL,False,,0.5,0.08,0.7
2015-06-09,,,,,,0.0,,4.0,3.0,0.0,0.0,1.0,7.000000000000001,5.0,8.0,7.0,1.0,20.0,9.0,6.0,6.0,4.0,1.0,25.0,52.0,NEUTRAL,NEUTRAL,NEUTRAL,False,,0.5,0.08,0.7
2015-06-10,,,,,,0.0,,4.0,3.0,0.0,0.0,1.0,7.000000000000001,10.0,8.0,7.0,1.0,25.0,9.0,6.0,6.0,4.0,1.0,25.0,57.0,NEUTRAL,NEUTRAL,NEUTRAL,False,,0.5,0.08,0.7
2015-06-11,,,,,,0.0,,4.0,3.0,0.0,0.0,1.0,7.000000000000001,10.0,8.0,7.0,1.0,25.0,9.0,6.0,6.0,4.0,1.0,25.0,57.0,NEUTRAL,NEUTRAL,NEUTRAL,False,,0.5,0.08,0.7
2015-06-12,,,,,,0.0,,4.0,3.0,0.0,0.0,1.0,7.000000000000001,10.0,8.0,7.0,1.0,25.0,9.0,6.0,6.0,4.0,1.0,25.0,57.0,NEUTRAL,NEUTRAL,NEUTRAL,False,,0.5,0.08,0.7
2015-06-15,,,,,,0.0,,4.0,3.0,0.0,0.0,1.0,7.000000000000001,5.0,0.0,7.0,1.0,12.0,9.0,6.0,6.0,4.0,1.0,25.0,44.0,CAUTION,NEUTRAL,NEUTRAL,False,,0.5,0.08,0.7
2015-06-16,,,,,,0.0,,4.0,3.0,0.0,0.0,1.0,7.000000000000001,5.0,0.0,7.0,1.0,12.0,9.0,6.0,6.0,4.0,1.0,25.0,44.0,CAUTION,CAUTION,CAUTION,False,,0.25,0.05,0.4
2015-06-17,,,,,,0.0,,4.0,3.0,0.0,0.0,1.0,7.000000000000001,5.0,8.0,7.0,1.0,20.0,9.0,6.0,6.0,4.0,1.0,25.0,52.0,NEUTRAL,CAUTION,CAUTION,False,,0.25,0.05,0.4
2015-06-18,,,,,,0.0,,4.0,3.0,0.0,0.0,1.0,7.000000000000001,10.0,8.0,7.0,1.0,25.0,9.0,6.0,6.0,4.0,1.0,25.0,57.0,NEUTRAL,NEUTRAL,NEUTRAL,False,,0.5,0.08,0.7
2015-06-19,,,,,,0.0,,4.0,3.0,0.0,0.0,1.0,7.000000000000001,10.0,8.0,7.0,1.0,25.0,0.0,6.0,6.0,4.0,1.0,16.0,48.0,NEUTRAL,NEUTRAL,NEUTRAL,False,,0.5,0.08,0.7
2015-06-22,,,,,,0.0,,4.0,3.0,0.0,0.0,1.0,7.000000000000001,10.0,8.0,7.0,1.0,25.0,9.0,6.0,6.0,4.0,1.0,25.0,57.0,NEUTRAL,NEUTRAL,NEUTRAL,False,,0.5,0.08,0.7
2015-06-23,,,,,,0.0,,4.0,3.0,0.0,0.0,1.0,7.000000000000001,10.0,8.0,7.0,1.0,25.0,9.0,6.0,6.0,4.0,1.0,25.0,57.0,NEUTRAL,NEUTRAL,NEUTRAL,False,,0.5,0.08,0.7
2015-06-24,,,,,,0.0,,4.0,3.0,0.0,0.0,1.0,7.000000000000001,10.0,4.0,7.0,1.0,21.0,9.0,6.0,6.0,4.0,1.0,25.0,53.0,NEUTRAL,NEUTRAL,NEUTRAL,False,,0.5,0.08,0.7
2015-06-25,,,,,,0.0,,4.0,3.0,0.0,0.0,1.0,7.000000000000001,5.0,4.0,7.0,1.0,16.0,9.0,6.0,6.0,4.0,1.0,25.0,48.0,NEUTRAL,NEUTRAL,NEUTRAL,False,,0.5,0.08,0.7
2015-06-26,,,,,,0.0,,4.0,3.0,0.0,0.0,1.0,7.000000000000001,5.0,0.0,7.0,1.0,12.0,9.0,6.0,0.0,4.0,1.0,19.0,38.0,CAUTION,NEUTRAL,NEUTRAL,False,,0.5,0.08,0.7
2015-06-29,,,,,,0.0,,4.0,3.0,0.0,0.0,1.0,7.000000000000001,2.0,0.0,7.0,1.0,9.0,0.0,6.0,6.0,4.0,1.0,16.0,32.0,CAUTION,CAUTION,CRISIS,True,TERM_BACKWARDATION,0.0,0.0,0.0
2015-06-30,,,,,,0.0,,4.0,3.0,0.0,0.0,1.0,7.000000000000001,2.0,0.0,7.0,1.0,9.0,0.0,6.0,6.0,0.0,1.0,12.0,28.0,RISK_OFF,CAUTION,CRISIS,True,TERM_BACKWARDATION,0.0,0.0,0.0
2015-07-01,,,,,,0.0,,4.0,3.0,0.0,0.0,1.0,7.000000000000001,2.0,0.0,7.0,1.0,9.0,0.0,6.0,6.0,0.0,1.0,12.0,28.0,RISK_OFF,RISK_OFF,RISK_OFF,False,,0.1,0.05,0.1
2015-07-02,,,,,,0.0,,4.0,3.0,0.0,0.0,1.0,7.000000000000001,2.0,0.0,7.0,1.0,9.0,0.0,6.0,6.0,0.0,1.0,12.0,28.0,RISK_OFF,RISK_OFF,RISK_OFF,False,,0.1,0.05,0.1
2015-07-06,,,,,,0.0,,4.0,3.0,0.0,0.0,1.0,7.000000000000001,2.0,8.0,7.0,1.0,17.0,0.0,6.0,6.0,0.0,1.0,12.0,36.0,CAUTION,RISK_OFF,RISK_OFF,False,,0.1,0.05,0.1
2015-07-07,,,,,,0.0,,4.0,3.0,0.0,0.0,1.0,7.000000000000001,2.0,8.0,7.0,1.0,17.0,0.0,6.0,6.0,0.0,1.0,12.0,36.0,CAUTION,CAUTION,CAUTION,False,,0.25,0.05,0.4
2015-07-08,,,,,,0.0,,4.0,3.0,0.0,0.0,1.0,7.000000000000001,0.0,0.0,7.0,1.0,7.000000000000001,0.0,6.0,6.0,0.0,1.0,12.0,26.0,RISK_OFF,CAUTION,CAUTION,False,,0.25,0.05,0.4
2015-07-09,,,,,,0.0,,4.0,3.0,0.0,0.0,1.0,7.000000000000001,0.0,0.0,7.0,1.0,7.000000000000001,0.0,6.0,6.0,0.0,1.0,12.0,26.0,RISK_OFF,RISK_OFF,CRISIS,True,TERM_BACKWARDATION,0.0,0.0,0.0
2015-07-10,,,,,,0.0,,4.0,3.0,0.0,0.0,1.0,7.000000000000001,2.0,4.0,7.0,1.0,13.0,9.0,6.0,6.0,0.0,1.0,21.0,41.0,CAUTION,RISK_OFF,RISK_OFF,False,,0.1,0.05,0.1
2015-07-13,,,,,,0.0,,4.0,3.0,0.0,0.0,1.0,7.000000000000001,10.0,8.0,7.0,1.0,25.0,9.0,6.0,6.0,0.0,1.0,21.0,53.0,NEUTRAL,RISK_OFF,RISK_OFF,False,,0.1,0.05,0.1
2015-07-14,,,,,,0.0,,4.0,3.0,0.0,0.0,1.0,7.000000000000001,10.0,8.0,7.0,1.0,25.0,0.0,6.0,6.0,0.0,1.0,12.0,44.0,CAUTION,RISK_OFF,RISK_OFF,False,,0.1,0.05,0.1
2015-07-15,,,,,,0.0,,4.0,3.0,0.0,0.0,1.0,7.000000000000001,10.0,8.0,7.0,1.0,25.0,0.0,6.0,6.0,0.0,1.0,12.0,44.0,CAUTION,CAUTION,CAUTION,False,,0.25,0.05,0.4
2015-07-16,,,,,,0.0,,4.0,3.0,0.0,0.0,1.0,7.000000000000001,10.0,8.0,7.0,1.0,25.0,0.0,6.0,6.0,0.0,1.0,12.0,44.0,CAUTION,CAUTION,CAUTION,False,,0.25,0.05,0.4
2015-07-17,,,,,,0.0,,4.0,3.0,0.0,0.0,1.0,7.000000000000001,10.0,8.0,7.0,1.0,25.0,0.0,0.0,6.0,0.0,1.0,6.0,38.0,CAUTION,CAUTION,CAUTION,False,,0.25,0.05,0.4
2015-07-20,,,,,,0.0,,4.0,3.0,0.0,0.0,1.0,7.000000000000001,10.0,8.0,7.0,1.0,25.0,0.0,0.0,6.0,0.0,1.0,6.0,38.0,CAUTION,CAUTION,CAUTION,False,,0.25,0.05,0.4
2015-07-21,,,,,,0.0,,4.0,3.0,0.0,0.0,1.0,7.000000000000001,10.0,8.0,7.0,1.0,25.0,0.0,0.0,6.0,0.0,1.0,6.0,38.0,CAUTION,CAUTION,CAUTION,False,,0.25,0.05,0.4
2015-07-22,,,,,,0.0,,4.0,3.0,0.0,0.0,1.0,7.000000000000001,10.0,8.0,7.0,1.0,25.0,0.0,0.0,6.0,0.0,1.0,6.0,38.0,CAUTION,CAUTION,CAUTION,False,,0.25,0.05,0.4
2015-07-23,,,,,,0.0,,4.0,3.0,0.0,0.0,1.0,7.000000000000001,10.0,8.0,7.0,1.0,25.0,0.0,0.0,6.0,0.0,1.0,6.0,38.0,CAUTION,CAUTION,CAUTION,False,,0.25,0.05,0.4
2015-07-24,,,,,,0.0,,4.0,3.0,0.0,0.0,1.0,7.000000000000001,10.0,8.0,7.0,1.0,25.0,0.0,0.0,6.0,0.0,1.0,6.0,38.0,CAUTION,CAUTION,CAUTION,False,,0.25,0.05,0.4
2015-07-27,,,,,,0.0,,4.0,3.0,0.0,0.0,1.0,7.000000000000001,5.0,4.0,7.0,1.0,16.0,0.0,0.0,6.0,0.0,1.0,6.0,29.0,RISK_OFF,CAUTION,CAUTION,False,,0.25,0.05,0.4
2015-07-28,,,,,,0.0,,4.0,3.0,0.0,0.0,1.0,7.000000000000001,10.0,8.0,7.0,1.0,25.0,0.0,0.0,6.0,0.0,1.0,6.0,38.0,CAUTION,CAUTION,CAUTION,False,,0.25,0.05,0.4
2015-07-29,,,,,,0.0,,4.0,3.0,0.0,0.0,1.0,7.000000000000001,10.0,8.0,7.0,1.0,25.0,0.0,0.0,6.0,0.0,1.0,6.0,38.0,CAUTION,CAUTION,CAUTION,False,,0.25,0.05,0.4
2015-07-30,,,,,,0.0,,4.0,3.0,0.0,0.0,1.0,7.000000000000001,10.0,8.0,7.0,1.0,25.0,0.0,0.0,6.0,0.0,1.0,6.0,38.0,CAUTION,CAUTION,CAUTION,False,,0.25,0.05,0.4
2015-07-31,,,,,,0.0,,4.0,3.0,0.0,0.0,1.0,7.000000000000001,10.0,8.0,7.0,1.0,25.0,0.0,0.0,6.0,0.0,1.0,6.0,38.0,CAUTION,CAUTION,CAUTION,False,,0.25,0.05,0.4
2015-08-03,,,,,,0.0,,4.0,3.0,0.0,0.0,1.0,7.000000000000001,10.0,8.0,7.0,1.0,25.0,0.0,0.0,6.0,0.0,1.0,6.0,38.0,CAUTION,CAUTION,CAUTION,False,,0.25,0.05,0.4
2015-08-04,,,,,,0.0,,4.0,3.0,0.0,0.0,1.0,7.000000000000001,10.0,8.0,7.0,1.0,25.0,0.0,0.0,6.0,0.0,1.0,6.0,38.0,CAUTION,CAUTION,CAUTION,False,,0.25,0.05,0.4
2015-08-05,,,,,,0.0,,4.0,3.0,0.0,0.0,1.0,7.000000000000001,10.0,8.0,7.0,1.0,25.0,0.0,0.0,6.0,0.0,1.0,6.0,38.0,CAUTION,CAUTION,CAUTION,False,,0.25,0.05,0.4
2015-08-06,,,,,,0.0,,4.0,3.0,0.0,0.0,1.0,7.000000000000001,10.0,8.0,7.0,1.0,25.0,0.0,0.0,6.0,0.0,1.0,6.0,38.0,CAUTION,CAUTION,CAUTION,False,,0.25,0.05,0.4
2015-08-07,,,,,,0.0,,4.0,3.0,0.0,0.0,1.0,7.000000000000001,10.0,8.0,7.0,1.0,25.0,0.0,0.0,6.0,0.0,1.0,6.0,38.0,CAUTION,CAUTION,CAUTION,False,,0.25,0.05,0.4
2015-08-10,,,,,,0.0,,4.0,3.0,0.0,0.0,1.0,7.000000000000001,10.0,8.0,7.0,1.0,25.0,0.0,0.0,6.0,0.0,1.0,6.0,38.0,CAUTION,CAUTION,CAUTION,False,,0.25,0.05,0.4
2015-08-11,,,,,,0.0,,4.0,3.0,0.0,0.0,1.0,7.000000000000001,10.0,8.0,7.0,1.0,25.0,0.0,0.0,6.0,0.0,1.0,6.0,38.0,CAUTION,CAUTION,CAUTION,False,,0.25,0.05,0.4
2015-08-12,,,,,,0.0,,8.0,3.0,0.0,5.0,1.0,16.0,10.0,8.0,7.0,1.0,25.0,0.0,0.0,6.0,4.0,1.0,10.0,51.0,NEUTRAL,CAUTION,CAUTION,False,,0.25,0.05,0.4
2015-08-13,,,,,,0.0,,8.0,3.0,0.0,5.0,1.0,16.0,10.0,8.0,7.0,1.0,25.0,0.0,0.0,6.0,0.0,1.0,6.0,47.0,NEUTRAL,NEUTRAL,NEUTRAL,False,,0.5,0.08,0.7
2015-08-14,,,,,,0.0,,8.0,3.0,6.0,5.0,1.0,22.0,10.0,8.0,7.0,1.0,25.0,0.0,0.0,6.0,0.0,1.0,6.0,53.0,NEUTRAL,NEUTRAL,NEUTRAL,False,,0.5,0.08,0.7
2015-08-17,,,,,,0.0,,8.0,3.0,6.0,5.0,1.0,22.0,10.0,8.0,7.0,1.0,25.0,0.0,0.0,6.0,0.0,1.0,6.0,53.0,NEUTRAL,NEUTRAL,NEUTRAL,False,,0.5,0.08,0.7
2015-08-18,,,,,,0.0,,8.0,3.0,6.0,5.0,1.0,22.0,5.0,8.0,7.0,1.0,20.0,0.0,0.0,6.0,0.0,1.0,6.0,48.0,NEUTRAL,NEUTRAL,NEUTRAL,False,,0.5,0.08,0.7
2015-08-19,,,,,,0.0,,8.0,3.0,6.0,5.0,1.0,22.0,5.0,8.0,7.0,1.0,20.0,0.0,0.0,6.0,0.0,1.0,6.0,48.0,NEUTRAL,NEUTRAL,NEUTRAL,False,,0.5,0.08,0.7
2015-08-20,,,,,,0.0,,8.0,3.0,6.0,5.0,1.0,22.0,0.0,0.0,7.0,1.0,7.000000000000001,0.0,0.0,6.0,4.0,1.0,10.0,39.0,CAUTION,NEUTRAL,CRISIS,True,TERM_BACKWARDATION,0.0,0.0,0.0
2015-08-21,,,,,,0.0,,8.0,3.0,6.0,5.0,1.0,22.0,0.0,0.0,7.0,1.0,7.000000000000001,0.0,6.0,6.0,4.0,1.0,16.0,45.0,NEUTRAL,NEUTRAL,CRISIS,True,VIX_PCTL_EXTREME|TERM_BACKWARDATION|VIX_SPIKE,0.0,0.0,0.0
2015-08-24,,,,,,0.0,,8.0,3.0,6.0,5.0,1.0,22.0,0.0,0.0,3.0,1.0,3.0,0.0,6.0,6.0,4.0,1.0,16.0,41.0,CAUTION,NEUTRAL,CRISIS,True,VIX_PCTL_EXTREME|TERM_BACKWARDATION|SPY_5D_CRASH|VIX_SPIKE,0.0,0.0,0.0
2015-08-25,,,,,,0.0,,8.0,3.0,6.0,5.0,1.0,22.0,0.0,0.0,3.0,1.0,3.0,0.0,6.0,6.0,4.0,1.0,16.0,41.0,CAUTION,CAUTION,CRISIS,True,VIX_PCTL_EXTREME|TERM_BACKWARDATION|SPY_5D_CRASH,0.0,0.0,0.0
2015-08-26,,,,,,0.0,,8.0,3.0,6.0,5.0,1.0,22.0,0.0,0.0,3.0,1.0,3.0,0.0,6.0,6.0,4.0,1.0,16.0,41.0,CAUTION,CAUTION,CRISIS,True,VIX_PCTL_EXTREME|TERM_BACKWARDATION|SPY_5D_CRASH,0.0,0.0,0.0
2015-08-27,,,,,,0.0,,8.0,3.0,6.0,5.0,1.0,22.0,0.0,0.0,3.0,1.0,3.0,0.0,6.0,6.0,4.0,1.0,16.0,41.0,CAUTION,CAUTION,CRISIS,True,VIX_PCTL_EXTREME|TERM_BACKWARDATION,0.0,0.0,0.0
2015-08-28,,,,,,0.0,,8.0,3.0,6.0,5.0,1.0,22.0,0.0,0.0,3.0,1.0,3.0,0.0,6.0,6.0,4.0,1.0,16.0,41.0,CAUTION,CAUTION,CRISIS,True,VIX_PCTL_EXTREME,0.0,0.0,0.0
2015-08-31,,,,,,0.0,,8.0,3.0,6.0,5.0,1.0,22.0,0.0,0.0,3.0,1.0,3.0,0.0,6.0,6.0,4.0,1.0,16.0,41.0,CAUTION,CAUTION,CRISIS,True,VIX_PCTL_EXTREME,0.0,0.0,0.0
2015-09-01,,,,,,0.0,,8.0,3.0,6.0,5.0,1.0,22.0,0.0,0.0,0.0,1.0,0.0,0.0,6.0,6.0,4.0,1.0,16.0,38.0,CAUTION,CAUTION,CRISIS,True,VIX_PCTL_EXTREME,0.0,0.0,0.0
2015-09-02,,,,,,0.0,,8.0,3.0,6.0,5.0,1.0,22.0,0.0,8.0,0.0,1.0,8.0,0.0,6.0,6.0,4.0,1.0,16.0,46.0,NEUTRAL,CAUTION,CRISIS,True,VIX_PCTL_EXTREME,0.0,0.0,0.0
2015-09-03,,,,,,0.0,,8.0,3.0,6.0,5.0,1.0,22.0,0.0,8.0,0.0,1.0,8.0,0.0,6.0,6.0,4.0,1.0,16.0,46.0,NEUTRAL,NEUTRAL,NEUTRAL,False,,0.5,0.08,0.7
2015-09-04,,,,,,0.0,,8.0,3.0,6.0,5.0,1.0,22.0,0.0,4.0,0.0,1.0,4.0,0.0,6.0,6.0,4.0,1.0,16.0,42.0,CAUTION,NEUTRAL,CRISIS,True,VIX_PCTL_EXTREME,0.0,0.0,0.0
2015-09-08,,,,,,0.0,,8.0,3.0,6.0,5.0,1.0,22.0,0.0,4.0,0.0,1.0,4.0,0.0,6.0,6.0,4.0,1.0,16.0,42.0,CAUTION,CAUTION,CAUTION,False,,0.25,0.05,0.4
2015-09-09,,,,,,0.0,,8.0,3.0,6.0,5.0,1.0,22.0,0.0,0.0,0.0,1.0,0.0,0.0,6.0,6.0,4.0,1.0,16.0,38.0,CAUTION,CAUTION,CRISIS,True,VIX_PCTL_EXTREME,0.0,0.0,0.0
2015-09-10,,,,,,0.0,,8.0,3.0,6.0,5.0,1.0,22.0,0.0,0.0,0.0,1.0,0.0,0.0,6.0,6.0,4.0,1.0,16.0,38.0,CAUTION,CAUTION,CAUTION,False,,0.25,0.05,0.4
2015-09-11,,,,,,0.0,,8.0,3.0,6.0,5.0,1.0,22.0,0.0,8.0,0.0,1.0,8.0,0.0,6.0,6.0,4.0,1.0,16.0,46.0,NEUTRAL,CAUTION,CAUTION,False,,0.25,0.05,0.4
2015-09-14,,,,,,0.0,,8.0,3.0,6.0,5.0,1.0,22.0,0.0,0.0,0.0,1.0,0.0,0.0,6.0,6.0,4.0,1.0,16.0,38.0,CAUTION,CAUTION,CAUTION,False,,0.25,0.05,0.4
2015-09-15,,,,,,0.0,,8.0,3.0,6.0,5.0,1.0,22.0,0.0,0.0,0.0,1.0,0.0,0.0,6.0,6.0,4.0,1.0,16.0,38.0,CAUTION,CAUTION,CAUTION,False,,0.25,0.05,0.4
2015-09-16,,,,,,0.0,,8.0,3.0,6.0,5.0,1.0,22.0,2.0,0.0,0.0,1.0,2.0,0.0,6.0,6.0,4.0,1.0,16.0,40.0,CAUTION,CAUTION,CAUTION,False,,0.25,0.05,0.4
2015-09-17,,,,,,0.0,,8.0,3.0,6.0,5.0,1.0,22.0,2.0,0.0,0.0,1.0,2.0,0.0,6.0,6.0,4.0,1.0,16.0,40.0,CAUTION,CAUTION,CAUTION,False,,0.25,0.05,0.4
2015-09-18,,,,,,0.0,,8.0,3.0,6.0,5.0,1.0,22.0,2.0,8.0,0.0,1.0,10.0,0.0,6.0,6.0,4.0,1.0,16.0,48.0,NEUTRAL,CAUTION,CAUTION,False,,0.25,0.05,0.4
2015-09-21,,,,,,0.0,,4.0,3.0,6.0,0.0,1.0,13.0,2.0,8.0,0.0,1.0,10.0,0.0,6.0,6.0,4.0,1.0,16.0,39.0,CAUTION,CAUTION,CAUTION,False,,0.25,0.05,0.4
2015-09-22,,,,,,0.0,,4.0,3.0,0.0,0.0,1.0,7.000000000000001,0.0,0.0,3.0,1.0,3.0,0.0,6.0,6.0,4.0,1.0,16.0,26.0,RISK_OFF,CAUTION,CAUTION,False,,0.25,0.05,0.4
2015-09-23,,,,,,0.0,,4.0,3.0,0.0,0.0,1.0,7.000000000000001,2.0,4.0,3.0,1.0,9.0,0.0,6.0,6.0,4.0,1.0,16.0,32.0,CAUTION,CAUTION,CAUTION,False,,0.25,0.05,0.4
2015-09-24,,,,,,0.0,,4.0,3.0,0.0,0.0,1.0,7.000000000000001,0.0,0.0,3.0,1.0,3.0,0.0,6.0,6.0,4.0,1.0,16.0,26.0,RISK_OFF,CAUTION,CAUTION,False,,0.25,0.05,0.4
2015-09-25,,,,,,0.0,,4.0,3.0,0.0,0.0,1.0,7.000000000000001,0.0,8.0,3.0,1.0,11.0,0.0,6.0,6.0,4.0,1.0,16.0,34.0,CAUTION,CAUTION,CAUTION,False,,0.25,0.05,0.4
2015-09-28,,,,,,0.0,,4.0,3.0,0.0,0.0,1.0,7.000000000000001,0.0,0.0,3.0,1.0,3.0,0.0,6.0,6.0,4.0,1.0,16.0,26.0,RISK_OFF,CAUTION,CRISIS,True,VIX_PCTL_EXTREME|TERM_BACKWARDATION,0.0,0.0,0.0
2015-09-29,,,,,,0.0,,4.0,3.0,0.0,0.0,1.0,7.000000000000001,0.0,0.0,3.0,1.0,3.0,0.0,0.0,6.0,4.0,1.0,10.0,20.0,RISK_OFF,RISK_OFF,CRISIS,True,VIX_PCTL_EXTREME,0.0,0.0,0.0
2015-09-30,,,,,,0.0,,4.0,3.0,0.0,0.0,1.0,7.000000000000001,0.0,0.0,3.0,1.0,3.0,0.0,0.0,6.0,0.0,1.0,6.0,16.0,RISK_OFF,RISK_OFF,RISK_OFF,False,,0.1,0.05,0.1
2015-10-01,,,,,,0.0,,4.0,3.0,0.0,0.0,1.0,7.000000000000001,2.0,8.0,3.0,1.0,13.0,0.0,0.0,6.0,4.0,1.0,10.0,30.0,CAUTION,RISK_OFF,RISK_OFF,False,,0.1,0.05,0.1
2015-10-02,,,,,,0.0,,4.0,3.0,0.0,0.0,1.0,7.000000000000001,2.0,8.0,3.0,1.0,13.0,0.0,0.0,6.0,4.0,1.0,10.0,30.0,CAUTION,CAUTION,CAUTION,False,,0.25,0.05,0.4
2015-10-05,,,,,,0.0,,4.0,3.0,0.0,0.0,1.0,7.000000000000001,2.0,8.0,3.0,1.0,13.0,0.0,0.0,6.0,4.0,1.0,10.0,30.0,CAUTION,CAUTION,CAUTION,False,,0.25,0.05,0.4
2015-10-06,,,,,,0.0,,4.0,3.0,0.0,0.0,1.0,7.000000000000001,2.0,8.0,3.0,1.0,13.0,0.0,0.0,6.0,4.0,1.0,10.0,30.0,CAUTION,CAUTION,CAUTION,False,,0.25,0.05,0.4
2015-10-07,,,,,,0.0,,4.0,3.0,0.0,0.0,1.0,7.000000000000001,2.0,8.0,7.0,1.0,17.0,0.0,0.0,6.0,4.0,1.0,10.0,34.0,CAUTION,CAUTION,CAUTION,False,,0.25,0.05,0.4
2015-10-08,,,,,,0.0,,4.0,6.0,0.0,0.0,1.0,10.0,2.0,8.0,7.0,1.0,17.0,0.0,0.0,6.0,4.0,1.0,10.0,37.0,CAUTION,CAUTION,CAUTION,False,,0.25,0.05,0.4
2015-10-09,,,,,,0.0,,4.0,6.0,0.0,0.0,1.0,10.0,5.0,8.0,7.0,1.0,20.0,0.0,0.0,6.0,4.0,1.0,10.0,40.0,CAUTION,CAUTION,CAUTION,False,,0.25,0.05,0.4
2015-10-12,,,,,,0.0,,4.0,6.0,0.0,0.0,1.0,10.0,5.0,8.0,7.0,1.0,20.0,0.0,0.0,6.0,4.0,1.0,10.0,40.0,CAUTION,CAUTION,CAUTION,False,,0.25,0.05,0.4
2015-10-13,,,,,,0.0,,4.0,6.0,0.0,0.0,1.0,10.0,2.0,8.0,7.0,1.0,17.0,0.0,0.0,6.0,4.0,1.0,10.0,37.0,CAUTION,CAUTION,CAUTION,False,,0.25,0.05,0.4
2015-10-14,,,,,,0.0,,4.0,6.0,0.0,0.0,1.0,10.0,2.0,8.0,7.0,1.0,17.0,0.0,0.0,6.0,4.0,1.0,10.0,37.0,CAUTION,CAUTION,CAUTION,False,,0.25,0.05,0.4
2015-10-15,,,,,,0.0,,4.0,6.0,0.0,0.0,1.0,10.0,5.0,8.0,3.0,1.0,16.0,0.0,0.0,6.0,4.0,1.0,10.0,36.0,CAUTION,CAUTION,CAUTION,False,,0.25,0.05,0.4
2015-10-16,7.0,5.0,0.0,0.0,0.0,1.0,12.0,4.0,6.0,0.0,0.0,1.0,10.0,5.0,8.0,7.0,1.0,20.0,0.0,0.0,6.0,4.0,1.0,10.0,52.0,NEUTRAL,CAUTION,CAUTION,False,,0.25,0.05,0.4
2015-10-19,7.0,5.0,0.0,0.0,0.0,1.0,12.0,4.0,3.0,0.0,0.0,1.0,7.000000000000001,5.0,8.0,7.0,1.0,20.0,0.0,0.0,6.0,4.0,1.0,10.0,49.0,NEUTRAL,NEUTRAL,NEUTRAL,False,,0.5,0.08,0.7
2015-10-20,7.0,5.0,0.0,0.0,0.0,1.0,12.0,4.0,6.0,0.0,0.0,1.0,10.0,5.0,8.0,7.0,1.0,20.0,9.0,0.0,6.0,4.0,1.0,19.0,61.0,NEUTRAL,NEUTRAL,NEUTRAL,False,,0.5,0.08,0.7
2015-10-21,0.0,5.0,0.0,0.0,0.0,1.0,5.0,4.0,6.0,0.0,0.0,1.0,10.0,5.0,8.0,7.0,1.0,20.0,0.0,0.0,6.0,4.0,1.0,10.0,45.0,NEUTRAL,NEUTRAL,NEUTRAL,False,,0.5,0.08,0.7
2015-10-22,7.0,5.0,0.0,0.0,0.0,1.0,12.0,4.0,3.0,0.0,0.0,1.0,7.000000000000001,5.0,8.0,7.0,1.0,20.0,0.0,0.0,6.0,0.0,1.0,6.0,45.0,NEUTRAL,NEUTRAL,NEUTRAL,False,,0.5,0.08,0.7
2015-10-23,7.0,5.0,0.0,4.0,4.0,1.0,20.0,4.0,3.0,0.0,0.0,1.0,7.000000000000001,5.0,8.0,7.0,1.0,20.0,9.0,0.0,6.0,0.0,1.0,15.0,62.0,NEUTRAL,NEUTRAL,NEUTRAL,False,,0.5,0.08,0.7
2015-10-26,7.0,5.0,0.0,4.0,4.0,1.0,20.0,4.0,3.0,0.0,0.0,1.0,7.000000000000001,5.0,8.0,7.0,1.0,20.0,9.0,0.0,6.0,0.0,1.0,15.0,62.0,NEUTRAL,NEUTRAL,NEUTRAL,False,,0.5,0.08,0.7
2015-10-27,7.0,5.0,0.0,4.0,4.0,1.0,20.0,4.0,3.0,0.0,0.0,1.0,7.000000000000001,5.0,8.0,7.0,1.0,20.0,0.0,0.0,6.0,0.0,1.0,6.0,53.0,NEUTRAL,NEUTRAL,NEUTRAL,False,,0.5,0.08,0.7
2015-10-28,7.0,5.0,0.0,4.0,4.0,1.0,20.0,4.0,3.0,0.0,0.0,1.0,7.000000000000001,5.0,8.0,7.0,1.0,20.0,9.0,0.0,6.0,0.0,1.0,15.0,62.0,NEUTRAL,NEUTRAL,NEUTRAL,False,,0.5,0.08,0.7
2015-10-29,7.0,5.0,0.0,4.0,4.0,1.0,20.0,4.0,3.0,0.0,0.0,1.0,7.000000000000001,5.0,8.0,7.0,1.0,20.0,9.0,0.0,6.0,0.0,1.0,15.0,62.0,NEUTRAL,NEUTRAL,NEUTRAL,False,,0.5,0.08,0.7
2015-10-30,7.0,5.0,0.0,4.0,4.0,1.0,20.0,4.0,3.0,0.0,0.0,1.0,7.000000000000001,5.0,8.0,7.0,1.0,20.0,9.0,0.0,6.0,0.0,1.0,15.0,62.0,NEUTRAL,NEUTRAL,NEUTRAL,False,,0.5,0.08,0.7
2015-11-02,7.0,5.0,0.0,4.0,4.0,1.0,20.0,4.0,3.0,0.0,0.0,1.0,7.000000000000001,10.0,8.0,7.0,1.0,25.0,9.0,0.0,6.0,0.0,1.0,15.0,67.0,BULL,NEUTRAL,NEUTRAL,False,,0.5,0.08,0.7
2015-11-03,7.0,5.0,0.0,4.0,4.0,1.0,20.0,4.0,3.0,0.0,0.0,1.0,7.000000000000001,5.0,8.0,7.0,1.0,20.0,9.0,0.0,6.0,0.0,1.0,15.0,62.0,NEUTRAL,NEUTRAL,NEUTRAL,False,,0.5,0.08,0.7
2015-11-04,7.0,5.0,0.0,4.0,4.0,1.0,20.0,4.0,3.0,0.0,0.0,1.0,7.000000000000001,5.0,8.0,7.0,1.0,20.0,9.0,0.0,6.0,0.0,1.0,15.0,62.0,NEUTRAL,NEUTRAL,NEUTRAL,False,,0.5,0.08,0.7
2015-11-05,7.0,5.0,0.0,4.0,4.0,1.0,20.0,4.0,3.0,0.0,0.0,1.0,7.000000000000001,5.0,8.0,7.0,1.0,20.0,9.0,0.0,6.0,0.0,1.0,15.0,62.0,NEUTRAL,NEUTRAL,NEUTRAL,False,,0.5,0.08,0.7
2015-11-06,7.0,5.0,0.0,4.0,4.0,1.0,20.0,4.0,3.0,0.0,0.0,1.0,7.000000000000001,5.0,8.0,7.0,1.0,20.0,9.0,0.0,6.0,0.0,1.0,15.0,62.0,NEUTRAL,NEUTRAL,NEUTRAL,False,,0.5,0.08,0.7
2015-11-09,7.0,5.0,0.0,4.0,4.0,1.0,20.0,4.0,3.0,0.0,0.0,1.0,7.000000000000001,5.0,8.0,7.0,1.0,20.0,9.0,0.0,6.0,0.0,1.0,15.0,62.0,NEUTRAL,NEUTRAL,NEUTRAL,False,,0.5,0.08,0.7
2015-11-10,7.0,5.0,0.0,4.0,4.0,1.0,20.0,4.0,3.0,0.0,0.0,1.0,7.000000000000001,5.0,8.0,7.0,1.0,20.0,9.0,6.0,6.0,0.0,1.0,21.0,68.0,BULL,NEUTRAL,NEUTRAL,False,,0.5,0.08,0.7
2015-11-11,7.0,5.0,0.0,4.0,4.0,1.0,20.0,4.0,3.0,0.0,0.0,1.0,7.000000000000001,5.0,8.0,7.0,1.0,20.0,9.0,6.0,0.0,0.0,1.0,15.0,62.0,NEUTRAL,NEUTRAL,NEUTRAL,False,,0.5,0.08,0.7
2015-11-12,7.0,5.0,0.0,4.0,4.0,1.0,20.0,4.0,3.0,0.0,0.0,1.0,7.000000000000001,2.0,8.0,7.0,1.0,17.0,0.0,0.0,6.0,0.0,1.0,6.0,50.0,NEUTRAL,NEUTRAL,NEUTRAL,False,,0.5,0.08,0.7
2015-11-13,0.0,0.0,0.0,4.0,4.0,1.0,8.0,4.0,3.0,0.0,0.0,1.0,7.000000000000001,2.0,8.0,7.0,1.0,17.0,0.0,6.0,6.0,0.0,1.0,12.0,44.0,CAUTION,NEUTRAL,NEUTRAL,False,,0.5,0.08,0.7
2015-11-16,7.0,5.0,0.0,4.0,4.0,1.0,20.0,4.0,3.0,0.0,0.0,1.0,7.000000000000001,2.0,8.0,7.0,1.0,17.0,0.0,0.0,6.0,0.0,1.0,6.0,50.0,NEUTRAL,NEUTRAL,NEUTRAL,False,,0.5,0.08,0.7
2015-11-17,7.0,5.0,5.0,4.0,4.0,1.0,25.0,4.0,3.0,0.0,0.0,1.0,7.000000000000001,2.0,8.0,7.0,1.0,17.0,0.0,0.0,6.0,0.0,1.0,6.0,55.0,NEUTRAL,NEUTRAL,NEUTRAL,False,,0.5,0.08,0.7
2015-11-18,7.0,5.0,5.0,4.0,4.0,1.0,25.0,4.0,3.0,0.0,0.0,1.0,7.000000000000001,5.0,8.0,7.0,1.0,20.0,0.0,6.0,6.0,0.0,1.0,12.0,64.0,NEUTRAL,NEUTRAL,NEUTRAL,False,,0.5,0.08,0.7
2015-11-19,7.0,5.0,5.0,4.0,4.0,1.0,25.0,4.0,3.0,0.0,0.0,1.0,7.000000000000001,5.0,8.0,7.0,1.0,20.0,0.0,6.0,6.0,0.0,1.0,12.0,64.0,NEUTRAL,NEUTRAL,NEUTRAL,False,,0.5,0.08,0.7
2015-11-20,7.0,5.0,5.0,4.0,4.0,1.0,25.0,4.0,3.0,0.0,0.0,1.0,7.000000000000001,5.0,8.0,7.0,1.0,20.0,0.0,6.0,6.0,0.0,1.0,12.0,64.0,NEUTRAL,NEUTRAL,NEUTRAL,False,,0.5,0.08,0.7
2015-11-23,7.0,5.0,5.0,4.0,4.0,1.0,25.0,4.0,3.0,0.0,0.0,1.0,7.000000000000001,5.0,8.0,7.0,1.0,20.0,0.0,6.0,6.0,0.0,1.0,12.0,64.0,NEUTRAL,NEUTRAL,NEUTRAL,False,,0.5,0.08,0.7
2015-11-24,7.0,5.0,5.0,4.0,0.0,1.0,21.0,8.0,3.0,0.0,5.0,1.0,16.0,5.0,8.0,7.0,1.0,20.0,0.0,6.0,6.0,0.0,1.0,12.0,69.0,BULL,NEUTRAL,NEUTRAL,False,,0.5,0.08,0.7
2015-11-25,7.0,5.0,5.0,4.0,0.0,1.0,21.0,8.0,3.0,0.0,5.0,1.0,16.0,5.0,8.0,7.0,1.0,20.0,0.0,6.0,6.0,0.0,1.0,12.0,69.0,BULL,BULL,BULL,False,,0.8,0.12,1.0
2015-11-27,7.0,5.0,5.0,4.0,4.0,1.0,25.0,8.0,3.0,0.0,5.0,1.0,16.0,5.0,8.0,7.0,1.0,20.0,0.0,6.0,6.0,0.0,1.0,12.0,73.0,BULL,BULL,BULL,False,,0.8,0.12,1.0
2015-11-30,7.0,5.0,5.0,4.0,4.0,1.0,25.0,4.0,3.0,0.0,0.0,1.0,7.000000000000001,5.0,8.0,7.0,1.0,20.0,0.0,6.0,6.0,0.0,1.0,12.0,64.0,NEUTRAL,BULL,BULL,False,,0.8,0.12,1.0
2015-12-01,7.0,5.0,5.0,4.0,4.0,1.0,25.0,4.0,3.0,6.0,0.0,1.0,13.0,5.0,8.0,7.0,1.0,20.0,0.0,6.0,6.0,0.0,1.0,12.0,70.0,BULL,BULL,BULL,False,,0.8,0.12,1.0
2015-12-02,7.0,5.0,5.0,4.0,4.0,1.0,25.0,4.0,3.0,0.0,0.0,1.0,7.000000000000001,5.0,8.0,7.0,1.0,20.0,0.0,6.0,6.0,0.0,1.0,12.0,64.0,NEUTRAL,BULL,BULL,False,,0.8,0.12,1.0
2015-12-03,7.0,5.0,5.0,4.0,4.0,1.0,25.0,4.0,3.0,0.0,0.0,1.0,7.000000000000001,2.0,8.0,7.0,1.0,17.0,9.0,6.0,6.0,0.0,1.0,21.0,70.0,BULL,BULL,BULL,False,,0.8,0.12,1.0
2015-12-04,7.0,5.0,5.0,4.0,4.0,1.0,25.0,4.0,3.0,0.0,0.0,1.0,7.000000000000001,5.0,8.0,7.0,1.0,20.0,0.0,6.0,6.0,0.0,1.0,12.0,64.0,NEUTRAL,BULL,BULL,False,,0.8,0.12,1.0
2015-12-07,7.0,5.0,5.0,4.0,4.0,1.0,25.0,4.0,3.0,0.0,0.0,1.0,7.000000000000001,5.0,8.0,7.0,1.0,20.0,0.0,0.0,6.0,0.0,1.0,6.0,58.0,NEUTRAL,NEUTRAL,NEUTRAL,False,,0.5,0.08,0.7
2015-12-08,7.0,5.0,5.0,4.0,4.0,1.0,25.0,4.0,3.0,0.0,0.0,1.0,7.000000000000001,2.0,8.0,7.0,1.0,17.0,0.0,0.0,6.0,0.0,1.0,6.0,55.0,NEUTRAL,NEUTRAL,NEUTRAL,False,,0.5,0.08,0.7
2015-12-09,7.0,0.0,5.0,4.0,4.0,1.0,20.0,4.0,3.0,0.0,0.0,1.0,7.000000000000001,2.0,0.0,7.0,1.0,9.0,0.0,0.0,6.0,4.0,1.0,10.0,46.0,NEUTRAL,NEUTRAL,NEUTRAL,False,,0.5,0.08,0.7
2015-12-10,7.0,5.0,5.0,4.0,4.0,1.0,25.0,4.0,3.0,0.0,0.0,1.0,7.000000000000001,2.0,4.0,7.0,1.0,13.0,0.0,0.0,6.0,0.0,1.0,6.0,51.0,NEUTRAL,NEUTRAL,NEUTRAL,False,,0.5,0.08,0.7
2015-12-11,0.0,0.0,5.0,4.0,4.0,1.0,13.0,4.0,3.0,0.0,0.0,1.0,7.000000000000001,0.0,0.0,7.0,1.0,7.000000000000001,0.0,0.0,6.0,0.0,1.0,6.0,33.0,CAUTION,NEUTRAL,CRISIS,True,TERM_BACKWARDATION,0.0,0.0,0.0
2015-12-14,0.0,0.0,5.0,4.0,4.0,1.0,13.0,4.0,3.0,0.0,0.0,1.0,7.000000000000001,0.0,0.0,7.0,1.0,7.000000000000001,0.0,0.0,6.0,0.0,1.0,6.0,33.0,CAUTION,CAUTION,CRISIS,True,TERM_BACKWARDATION,0.0,0.0,0.0
2015-12-15,7.0,0.0,5.0,4.0,4.0,1.0,20.0,4.0,3.0,0.0,0.0,1.0,7.000000000000001,2.0,0.0,7.0,1.0,9.0,0.0,0.0,6.0,0.0,1.0,6.0,42.0,CAUTION,CAUTION,CAUTION,False,,0.25,0.05,0.4
2015-12-16,7.0,5.0,5.0,4.0,4.0,1.0,25.0,4.0,3.0,0.0,0.0,1.0,7.000000000000001,2.0,4.0,7.0,1.0,13.0,0.0,0.0,6.0,0.0,1.0,6.0,51.0,NEUTRAL,CAUTION,CAUTION,False,,0.25,0.05,0.4
2015-12-17,7.0,0.0,5.0,4.0,4.0,1.0,20.0,4.0,3.0,0.0,0.0,1.0,7.000000000000001,2.0,8.0,7.0,1.0,17.0,0.0,0.0,6.0,0.0,1.0,6.0,50.0,NEUTRAL,NEUTRAL,NEUTRAL,False,,0.5,0.08,0.7
2015-12-18,0.0,0.0,5.0,4.0,4.0,1.0,13.0,4.0,3.0,0.0,0.0,1.0,7.000000000000001,2.0,8.0,7.0,1.0,17.0,0.0,6.0,6.0,0.0,1.0,12.0,49.0,NEUTRAL,NEUTRAL,NEUTRAL,False,,0.5,0.08,0.7
2015-12-21,0.0,0.0,5.0,4.0,4.0,1.0,13.0,4.0,3.0,0.0,0.0,1.0,7.000000000000001,2.0,8.0,7.0,1.0,17.0,0.0,6.0,6.0,0.0,1.0,12.0,49.0,NEUTRAL,NEUTRAL,NEUTRAL,False,,0.5,0.08,0.7
2015-12-22,7.0,0.0,5.0,4.0,4.0,1.0,20.0,4.0,3.0,0.0,0.0,1.0,7.000000000000001,5.0,8.0,7.0,1.0,20.0,0.0,0.0,6.0,0.0,1.0,6.0,53.0,NEUTRAL,NEUTRAL,NEUTRAL,False,,0.5,0.08,0.7
2015-12-23,7.0,5.0,5.0,4.0,4.0,1.0,25.0,4.0,3.0,0.0,0.0,1.0,7.000000000000001,5.0,8.0,3.0,1.0,16.0,0.0,0.0,6.0,0.0,1.0,6.0,54.0,NEUTRAL,NEUTRAL,NEUTRAL,False,,0.5,0.08,0.7
2015-12-24,7.0,5.0,5.0,4.0,4.0,1.0,25.0,4.0,3.0,0.0,0.0,1.0,7.000000000000001,5.0,8.0,3.0,1.0,16.0,0.0,0.0,6.0,4.0,1.0,10.0,58.0,NEUTRAL,NEUTRAL,NEUTRAL,False,,0.5,0.08,0.7
2015-12-28,7.0,5.0,5.0,4.0,4.0,1.0,25.0,4.0,3.0,0.0,0.0,1.0,7.000000000000001,5.0,8.0,3.0,1.0,16.0,0.0,0.0,6.0,4.0,1.0,10.0,58.0,NEUTRAL,NEUTRAL,NEUTRAL,False,,0.5,0.08,0.7
2015-12-29,7.0,5.0,5.0,4.0,4.0,1.0,25.0,4.0,3.0,0.0,0.0,1.0,7.000000000000001,5.0,8.0,3.0,1.0,16.0,0.0,0.0,6.0,4.0,1.0,10.0,58.0,NEUTRAL,NEUTRAL,NEUTRAL,False,,0.5,0.08,0.7
2015-12-30,7.0,5.0,5.0,4.0,4.0,1.0,25.0,4.0,3.0,0.0,0.0,1.0,7.000000000000001,5.0,8.0,3.0,1.0,16.0,0.0,0.0,6.0,4.0,1.0,10.0,58.0,NEUTRAL,NEUTRAL,NEUTRAL,False,,0.5,0.08,0.7
2015-12-31,7.0,0.0,5.0,4.0,0.0,1.0,16.0,4.0,3.0,0.0,0.0,1.0,7.000000000000001,2.0,8.0,3.0,1.0,13.0,0.0,0.0,6.0,0.0,1.0,6.0,42.0,CAUTION,NEUTRAL,NEUTRAL,False,,0.5,0.08,0.7
2016-01-04,0.0,0.0,5.0,0.0,0.0,1.0,5.0,4.0,3.0,0.0,0.0,1.0,7.000000000000001,2.0,4.0,3.0,1.0,9.0,0.0,0.0,6.0,0.0,1.0,6.0,27.0,RISK_OFF,NEUTRAL,NEUTRAL,False,,0.5,0.08,0.7
2016-01-05,0.0,0.0,5.0,0.0,0.0,1.0,5.0,8.0,3.0,0.0,5.0,1.0,16.0,2.0,8.0,7.0,1.0,17.0,0.0,0.0,6.0,0.0,1.0,6.0,44.0,CAUTION,NEUTRAL,NEUTRAL,False,,0.5,0.08,0.7
2016-01-06,0.0,0.0,5.0,0.0,0.0,1.0,5.0,4.0,3.0,0.0,0.0,1.0,7.000000000000001,2.0,4.0,7.0,1.0,13.0,0.0,0.0,6.0,0.0,1.0,6.0,31.0,CAUTION,CAUTION,CAUTION,False,,0.25,0.05,0.4
2016-01-07,0.0,0.0,5.0,0.0,0.0,1.0,5.0,8.0,3.0,0.0,5.0,1.0,16.0,0.0,0.0,3.0,1.0,3.0,0.0,0.0,6.0,4.0,1.0,10.0,34.0,CAUTION,CAUTION,CAUTION,False,,0.25,0.05,0.4
2016-01-08,0.0,0.0,5.0,0.0,0.0,1.0,5.0,4.0,3.0,6.0,0.0,1.0,13.0,0.0,0.0,3.0,1.0,3.0,0.0,0.0,6.0,4.0,1.0,10.0,31.0,CAUTION,CAUTION,CRISIS,True,VIX_PCTL_EXTREME,0.0,0.0,0.0
2016-01-11,0.0,0.0,0.0,0.0,0.0,1.0,0.0,4.0,3.0,0.0,0.0,1.0,7.000000000000001,0.0,4.0,3.0,1.0,7.000000000000001,0.0,0.0,6.0,0.0,1.0,6.0,20.0,RISK_OFF,CAUTION,CAUTION,False,,0.25,0.05,0.4
2016-01-12,0.0,0.0,0.0,0.0,0.0,1.0,0.0,4.0,3.0,0.0,0.0,1.0,7.000000000000001,2.0,4.0,3.0,1.0,9.0,0.0,0.0,6.0,0.0,1.0,6.0,22.0,RISK_OFF,RISK_OFF,RISK_OFF,False,,0.1,0.05,0.1
2016-01-13,0.0,0.0,0.0,0.0,0.0,1.0,0.0,4.0,3.0,0.0,0.0,1.0,7.000000000000001,0.0,0.0,3.0,1.0,3.0,0.0,0.0,6.0,0.0,1.0,6.0,16.0,RISK_OFF,RISK_OFF,RISK_OFF,False,,0.1,0.05,0.1
2016-01-14,0.0,0.0,0.0,0.0,0.0,1.0,0.0,4.0,3.0,0.0,0.0,1.0,7.000000000000001,0.0,0.0,3.0,1.0,3.0,0.0,0.0,6.0,0.0,1.0,6.0,16.0,RISK_OFF,RISK_OFF,RISK_OFF,False,,0.1,0.05,0.1
2016-01-15,0.0,0.0,0.0,0.0,0.0,1.0,0.0,4.0,3.0,0.0,0.0,1.0,7.000000000000001,0.0,0.0,3.0,1.0,3.0,0.0,0.0,6.0,0.0,1.0,6.0,16.0,RISK_OFF,RISK_OFF,CRISIS,True,VIX_PCTL_EXTREME|TERM_BACKWARDATION,0.0,0.0,0.0
2016-01-18,0.0,0.0,0.0,0.0,0.0,1.0,0.0,,,,,0.0,,10.0,,,0.4,25.0,,,,0.0,0.16,0.0,25.0,RISK_OFF,RISK_OFF,RISK_OFF,False,,0.1,0.05,0.1
2016-01-19,0.0,0.0,0.0,0.0,0.0,1.0,0.0,4.0,3.0,,0.0,0.76,9.210526315789473,0.0,0.0,,0.72,0.0,,0.0,6.0,0.0,0.64,9.375,18.585526315789473,RISK_OFF,RISK_OFF,CRISIS,True,TERM_BACKWARDATION,0.0,0.0,0.0
2016-01-20,0.0,0.0,0.0,0.0,0.0,1.0,0.0,4.0,3.0,,0.0,0.76,9.210526315789473,0.0,0.0,,0.72,0.0,,0.0,6.0,0.0,0.64,9.375,18.585526315789473,RISK_OFF,RISK_OFF,CRISIS,True,VIX_PCTL_EXTREME|TERM_BACKWARDATION,0.0,0.0,0.0
2016-01-21,0.0,0.0,0.0,0.0,0.0,1.0,0.0,4.0,3.0,,0.0,0.76,9.210526315789473,0.0,0.0,,0.72,0.0,,0.0,6.0,0.0,0.64,9.375,18.585526315789473,RISK_OFF,RISK_OFF,CRISIS,True,TERM_BACKWARDATION,0.0,0.0,0.0
2016-01-22,0.0,0.0,0.0,0.0,0.0,1.0,0.0,4.0,3.0,,0.0,0.76,9.210526315789473,2.0,8.0,,0.72,13.88888888888889,,0.0,6.0,0.0,0.64,9.375,32.474415204678365,CAUTION,RISK_OFF,RISK_OFF,False,,0.1,0.05,0.1
2016-01-25,0.0,0.0,0.0,0.0,0.0,1.0,0.0,4.0,3.0,0.0,0.0,1.0,7.000000000000001,2.0,0.0,,0.72,2.7777777777777777,,0.0,6.0,0.0,0.64,9.375,19.15277777777778,RISK_OFF,RISK_OFF,RISK_OFF,False,,0.1,0.05,0.1
2016-01-26,0.0,0.0,0.0,0.0,0.0,1.0,0.0,4.0,3.0,0.0,0.0,1.0,7.000000000000001,2.0,0.0,,0.72,2.7777777777777777,,0.0,6.0,0.0,0.64,9.375,19.15277777777778,RISK_OFF,RISK_OFF,RISK_OFF,False,,0.1,0.05,0.1
2016-01-27,0.0,0.0,0.0,0.0,0.0,1.0,0.0,4.0,3.0,0.0,0.0,1.0,7.000000000000001,2.0,0.0,,0.72,2.7777777777777777,,0.0,6.0,0.0,0.64,9.375,19.15277777777778,RISK_OFF,RISK_OFF,RISK_OFF,False,,0.1,0.05,0.1
2016-01-28,0.0,0.0,0.0,0.0,0.0,1.0,0.0,4.0,3.0,0.0,0.0,1.0,7.000000000000001,2.0,4.0,,0.72,8.333333333333332,,0.0,6.0,4.0,0.64,15.625,30.958333333333332,CAUTION,RISK_OFF,RISK_OFF,False,,0.1,0.05,0.1
2016-01-29,0.0,0.0,0.0,0.0,0.0,1.0,0.0,4.0,3.0,0.0,0.0,1.0,7.000000000000001,2.0,8.0,,0.72,13.88888888888889,,0.0,6.0,0.0,0.64,9.375,30.26388888888889,CAUTION,CAUTION,CAUTION,False,,0.25,0.05,0.4
2016-02-01,0.0,0.0,0.0,0.0,0.0,1.0,0.0,4.0,3.0,0.0,0.0,1.0,7.000000000000001,2.0,8.0,,0.72,13.88888888888889,,0.0,6.0,0.0,0.64,9.375,30.26388888888889,CAUTION,CAUTION,CAUTION,False,,0.25,0.05,0.4
2016-02-02,0.0,0.0,0.0,0.0,0.0,1.0,0.0,4.0,3.0,0.0,0.0,1.0,7.000000000000001,2.0,8.0,,0.72,13.88888888888889,,0.0,6.0,0.0,0.64,9.375,30.26388888888889,CAUTION,CAUTION,CAUTION,False,,0.25,0.05,0.4
2016-02-03,0.0,0.0,0.0,0.0,0.0,1.0,0.0,4.0,3.0,0.0,0.0,1.0,7.000000000000001,2.0,4.0,,0.72,8.333333333333332,,0.0,6.0,4.0,0.64,15.625,30.958333333333332,CAUTION,CAUTION,CAUTION,False,,0.25,0.05,0.4
2016-02-04,0.0,0.0,0.0,0.0,0.0,1.0,0.0,4.0,3.0,0.0,0.0,1.0,7.000000000000001,2.0,8.0,,0.72,13.88888888888889,,0.0,6.0,4.0,0.64,15.625,36.513888888888886,CAUTION,CAUTION,CAUTION,False,,0.25,0.05,0.4
2016-02-05,0.0,0.0,0.0,0.0,0.0,1.0,0.0,8.0,3.0,0.0,5.0,1.0,16.0,2.0,8.0,,0.72,13.88888888888889,,0.0,6.0,4.0,0.64,15.625,45.513888888888886,NEUTRAL,CAUTION,CAUTION,False,,0.25,0.05,0.4
2016-02-08,0.0,0.0,0.0,0.0,0.0,1.0,0.0,4.0,3.0,0.0,0.0,1.0,7.000000000000001,0.0,0.0,,0.72,0.0,,0.0,6.0,4.0,0.64,15.625,22.625,RISK_OFF,CAUTION,CAUTION,False,,0.25,0.05,0.4
2016-02-09,0.0,0.0,0.0,0.0,0.0,1.0,0.0,4.0,3.0,0.0,0.0,1.0,7.000000000000001,0.0,0.0,,0.72,0.0,,0.0,6.0,4.0,0.64,15.625,22.625,RISK_OFF,RISK_OFF,RISK_OFF,False,,0.1,0.05,0.1
2016-02-10,0.0,0.0,0.0,0.0,0.0,1.0,0.0,8.0,3.0,6.0,5.0,1.0,22.0,0.0,4.0,,0.72,5.555555555555555,,0.0,6.0,4.0,0.64,15.625,43.18055555555556,CAUTION,RISK_OFF,RISK_OFF,False,,0.1,0.05,0.1
2016-02-11,0.0,0.0,0.0,0.0,0.0,1.0,0.0,8.0,3.0,6.0,5.0,1.0,22.0,0.0,4.0,,0.72,5.555555555555555,,0.0,6.0,4.0,0.64,15.625,43.18055555555556,CAUTION,CAUTION,CRISIS,True,VIX_PCTL_EXTREME,0.0,0.0,0.0
2016-02-12,0.0,0.0,0.0,0.0,0.0,1.0,0.0,8.0,3.0,6.0,5.0,1.0,22.0,0.0,8.0,,0.72,11.11111111111111,,0.0,6.0,4.0,0.64,15.625,48.736111111111114,NEUTRAL,CAUTION,CAUTION,False,,0.25,0.05,0.4
2016-02-16,0.0,0.0,0.0,0.0,0.0,1.0,0.0,,3.0,,,0.24,12.5,2.0,8.0,,0.72,13.88888888888889,,,,4.0,0.16,25.0,51.388888888888886,NEUTRAL,NEUTRAL,NEUTRAL,False,,0.5,0.08,0.7
2016-02-17,0.0,0.0,0.0,0.0,0.0,1.0,0.0,8.0,3.0,,5.0,0.76,21.052631578947366,2.0,8.0,3.0,1.0,13.0,,6.0,6.0,4.0,0.64,25.0,59.05263157894737,NEUTRAL,NEUTRAL,NEUTRAL,False,,0.5,0.08,0.7
2016-02-18,0.0,0.0,0.0,0.0,0.0,1.0,0.0,8.0,3.0,,5.0,0.76,21.052631578947366,2.0,8.0,3.0,1.0,13.0,,0.0,6.0,4.0,0.64,15.625,49.67763157894737,NEUTRAL,NEUTRAL,NEUTRAL,False,,0.5,0.08,0.7
2016-02-19,0.0,0.0,0.0,0.0,0.0,1.0,0.0,8.0,3.0,,5.0,0.76,21.052631578947366,2.0,8.0,3.0,1.0,13.0,,0.0,6.0,4.0,0.64,15.625,49.67763157894737,NEUTRAL,NEUTRAL,NEUTRAL,False,,0.5,0.08,0.7
2016-02-22,0.0,5.0,0.0,0.0,0.0,1.0,5.0,8.0,3.0,,5.0,0.76,21.052631578947366,2.0,8.0,3.0,1.0,13.0,,0.0,6.0,4.0,0.64,15.625,54.67763157894737,NEUTRAL,NEUTRAL,NEUTRAL,False,,0.5,0.08,0.7
2016-02-23,0.0,0.0,0.0,0.0,0.0,1.0,0.0,8.0,3.0,6.0,5.0,1.0,22.0,2.0,8.0,3.0,1.0,13.0,,6.0,6.0,4.0,0.64,25.0,60.0,NEUTRAL,NEUTRAL,NEUTRAL,False,,0.5,0.08,0.7
2016-02-24,0.0,0.0,0.0,0.0,0.0,1.0,0.0,8.0,3.0,6.0,5.0,1.0,22.0,2.0,8.0,3.0,1.0,13.0,,0.0,6.0,4.0,0.64,15.625,50.625,NEUTRAL,NEUTRAL,NEUTRAL,False,,0.5,0.08,0.7
2016-02-25,0.0,5.0,0.0,0.0,0.0,1.0,5.0,8.0,3.0,6.0,5.0,1.0,22.0,5.0,8.0,3.0,1.0,16.0,,0.0,6.0,4.0,0.64,15.625,58.625,NEUTRAL,NEUTRAL,NEUTRAL,False,,0.5,0.08,0.7
2016-02-26,0.0,5.0,0.0,0.0,0.0,1.0,5.0,8.0,3.0,6.0,5.0,1.0,22.0,2.0,8.0,3.0,1.0,13.0,,6.0,6.0,0.0,0.64,18.75,58.75,NEUTRAL,NEUTRAL,NEUTRAL,False,,0.5,0.08,0.7
2016-02-29,0.0,0.0,0.0,0.0,0.0,1.0,0.0,8.0,6.0,6.0,5.0,1.0,25.0,2.0,8.0,3.0,1.0,13.0,,6.0,6.0,0.0,0.64,18.75,56.75,NEUTRAL,NEUTRAL,NEUTRAL,False,,0.5,0.08,0.7
2016-03-01,0.0,5.0,0.0,0.0,0.0,1.0,5.0,8.0,6.0,6.0,5.0,1.0,25.0,5.0,8.0,3.0,1.0,16.0,,6.0,6.0,0.0,0.64,18.75,64.75,NEUTRAL,NEUTRAL,NEUTRAL,False,,0.5,0.08,0.7
2016-03-02,0.0,5.0,0.0,0.0,0.0,1.0,5.0,8.0,6.0,6.0,5.0,1.0,25.0,5.0,8.0,3.0,1.0,16.0,,6.0,6.0,0.0,0.64,18.75,64.75,NEUTRAL,NEUTRAL,NEUTRAL,False,,0.5,0.08,0.7
2016-03-03,7.0,5.0,0.0,0.0,0.0,1.0,12.0,8.0,6.0,6.0,5.0,1.0,25.0,5.0,8.0,3.0,1.0,16.0,,6.0,6.0,4.0,0.64,25.0,78.0,BULL,NEUTRAL,NEUTRAL,False,,0.5,0.08,0.7
2016-03-04,7.0,5.0,0.0,0.0,0.0,1.0,12.0,8.0,6.0,6.0,5.0,1.0,25.0,5.0,8.0,3.0,1.0,16.0,,6.0,6.0,4.0,0.64,25.0,78.0,BULL,BULL,BULL,False,,0.8,0.12,1.0
2016-03-07,7.0,5.0,0.0,0.0,4.0,1.0,16.0,8.0,6.0,6.0,5.0,1.0,25.0,5.0,8.0,7.0,1.0,20.0,,6.0,6.0,4.0,0.64,25.0,86.0,STRONG_BULL,BULL,BULL,False,,0.8,0.12,1.0
2016-03-08,0.0,5.0,0.0,0.0,4.0,1.0,9.0,8.0,6.0,6.0,5.0,1.0,25.0,5.0,8.0,7.0,1.0,20.0,,6.0,6.0,4.0,0.64,25.0,79.0,BULL,BULL,BULL,False,,0.8,0.12,1.0
2016-03-09,7.0,5.0,0.0,0.0,4.0,1.0,16.0,8.0,6.0,6.0,5.0,1.0,25.0,5.0,8.0,7.0,1.0,20.0,,6.0,6.0,4.0,0.64,25.0,86.0,STRONG_BULL,BULL,BULL,False,,0.8,0.12,1.0
2016-03-10,7.0,5.0,0.0,4.0,4.0,1.0,20.0,8.0,6.0,6.0,5.0,1.0,25.0,5.0,8.0,7.0,1.0,20.0,,6.0,6.0,4.0,0.64,25.0,90.0,STRONG_BULL,STRONG_BULL,STRONG_BULL,False,,1.0,0.15,1.15
2016-03-11,7.0,5.0,0.0,4.0,0.0,1.0,16.0,8.0,6.0,6.0,5.0,1.0,25.0,5.0,8.0,7.0,1.0,20.0,,6.0,0.0,4.0,0.64,15.625,76.625,BULL,STRONG_BULL,STRONG_BULL,False,,1.0,0.15,1.15
2016-03-14,7.0,5.0,0.0,4.0,4.0,1.0,20.0,8.0,6.0,6.0,5.0,1.0,25.0,5.0,8.0,7.0,1.0,20.0,,6.0,6.0,4.0,0.64,25.0,90.0,STRONG_BULL,STRONG_BULL,STRONG_BULL,False,,1.0,0.15,1.15
2016-03-15,7.0,5.0,0.0,4.0,0.0,1.0,16.0,8.0,6.0,6.0,5.0,1.0,25.0,5.0,8.0,7.0,1.0,20.0,,6.0,6.0,4.0,0.64,25.0,86.0,STRONG_BULL,STRONG_BULL,STRONG_BULL,False,,1.0,0.15,1.15
2016-03-16,7.0,5.0,0.0,4.0,0.0,1.0,16.0,8.0,6.0,6.0,5.0,1.0,25.0,10.0,8.0,7.0,1.0,25.0,,6.0,6.0,4.0,0.64,25.0,91.0,STRONG_BULL,STRONG_BULL,STRONG_BULL,False,,1.0,0.15,1.15
2016-03-17,7.0,5.0,0.0,4.0,0.0,1.0,16.0,8.0,6.0,6.0,5.0,1.0,25.0,10.0,8.0,7.0,1.0,25.0,,6.0,6.0,4.0,0.64,25.0,91.0,STRONG_BULL,STRONG_BULL,STRONG_BULL,False,,1.0,0.15,1.15
2016-03-18,7.0,5.0,0.0,4.0,0.0,1.0,16.0,8.0,6.0,6.0,5.0,1.0,25.0,10.0,8.0,7.0,1.0,25.0,,6.0,6.0,4.0,0.64,25.0,91.0,STRONG_BULL,STRONG_BULL,STRONG_BULL,False,,1.0,0.15,1.15
2016-03-21,7.0,5.0,0.0,4.0,0.0,1.0,16.0,8.0,6.0,6.0,5.0,1.0,25.0,10.0,8.0,7.0,1.0,25.0,,6.0,6.0,4.0,0.64,25.0,91.0,STRONG_BULL,STRONG_BULL,STRONG_BULL,False,,1.0,0.15,1.15
2016-03-22,7.0,5.0,0.0,4.0,0.0,1.0,16.0,8.0,6.0,6.0,5.0,1.0,25.0,10.0,8.0,7.0,1.0,25.0,,6.0,6.0,4.0,0.64,25.0,91.0,STRONG_BULL,STRONG_BULL,STRONG_BULL,False,,1.0,0.15,1.15
2016-03-23,7.0,5.0,0.0,4.0,0.0,1.0,16.0,8.0,6.0,6.0,5.0,1.0,25.0,10.0,8.0,7.0,1.0,25.0,,6.0,6.0,4.0,0.64,25.0,91.0,STRONG_BULL,STRONG_BULL,STRONG_BULL,False,,1.0,0.15,1.15
2016-03-24,7.0,5.0,0.0,4.0,0.0,1.0,16.0,8.0,6.0,6.0,5.0,1.0,25.0,10.0,8.0,7.0,1.0,25.0,,6.0,6.0,4.0,0.64,25.0,91.0,STRONG_BULL,STRONG_BULL,STRONG_BULL,False,,1.0,0.15,1.15
2016-03-28,7.0,5.0,0.0,4.0,0.0,1.0,16.0,8.0,6.0,6.0,5.0,1.0,25.0,5.0,8.0,7.0,1.0,20.0,,6.0,6.0,4.0,0.64,25.0,86.0,STRONG_BULL,STRONG_BULL,STRONG_BULL,False,,1.0,0.15,1.15
2016-03-29,7.0,5.0,0.0,4.0,0.0,1.0,16.0,8.0,6.0,6.0,5.0,1.0,25.0,10.0,8.0,7.0,1.0,25.0,,6.0,6.0,4.0,0.64,25.0,91.0,STRONG_BULL,STRONG_BULL,STRONG_BULL,False,,1.0,0.15,1.15
2016-03-30,7.0,5.0,0.0,4.0,0.0,1.0,16.0,8.0,6.0,6.0,5.0,1.0,25.0,10.0,8.0,7.0,1.0,25.0,9.0,6.0,6.0,4.0,1.0,25.0,91.0,STRONG_BULL,STRONG_BULL,STRONG_BULL,False,,1.0,0.15,1.15
2016-03-31,7.0,5.0,0.0,4.0,0.0,1.0,16.0,8.0,6.0,6.0,5.0,1.0,25.0,10.0,8.0,7.0,1.0,25.0,9.0,6.0,6.0,4.0,1.0,25.0,91.0,STRONG_BULL,STRONG_BULL,STRONG_BULL,False,,1.0,0.15,1.15
2016-04-01,7.0,5.0,0.0,4.0,4.0,1.0,20.0,8.0,6.0,6.0,5.0,1.0,25.0,10.0,8.0,7.0,1.0,25.0,9.0,6.0,6.0,4.0,1.0,25.0,95.0,STRONG_BULL,STRONG_BULL,STRONG_BULL,False,,1.0,0.15,1.15
2016-04-04,7.0,5.0,0.0,4.0,4.0,1.0,20.0,4.0,6.0,6.0,0.0,1.0,16.0,10.0,8.0,7.0,1.0,25.0,9.0,6.0,6.0,4.0,1.0,25.0,86.0,BULL,STRONG_BULL,STRONG_BULL,False,,1.0,0.15,1.15
2016-04-05,7.0,5.0,5.0,4.0,4.0,1.0,25.0,4.0,6.0,6.0,0.0,1.0,16.0,5.0,8.0,7.0,1.0,20.0,9.0,0.0,6.0,4.0,1.0,19.0,80.0,BULL,BULL,BULL,False,,0.8,0.12,1.0
2016-04-06,7.0,5.0,5.0,4.0,4.0,1.0,25.0,4.0,6.0,0.0,0.0,1.0,10.0,10.0,8.0,7.0,1.0,25.0,9.0,6.0,6.0,4.0,1.0,25.0,85.0,BULL,BULL,BULL,False,,0.8,0.12,1.0
2016-04-07,7.0,5.0,5.0,4.0,4.0,1.0,25.0,4.0,6.0,0.0,0.0,1.0,10.0,5.0,8.0,7.0,1.0,20.0,9.0,6.0,6.0,4.0,1.0,25.0,80.0,BULL,BULL,BULL,False,,0.8,0.12,1.0
2016-04-08,7.0,5.0,5.0,4.0,4.0,1.0,25.0,4.0,6.0,0.0,0.0,1.0,10.0,5.0,8.0,7.0,1.0,20.0,9.0,6.0,6.0,4.0,1.0,25.0,80.0,BULL,BULL,BULL,False,,0.8,0.12,1.0
2016-04-11,7.0,5.0,5.0,4.0,4.0,1.0,25.0,4.0,6.0,0.0,0.0,1.0,10.0,5.0,8.0,7.0,1.0,20.0,9.0,6.0,6.0,4.0,1.0,25.0,80.0,BULL,BULL,BULL,False,,0.8,0.12,1.0
2016-04-12,7.0,5.0,5.0,4.0,4.0,1.0,25.0,4.0,6.0,0.0,0.0,1.0,10.0,10.0,8.0,7.0,1.0,25.0,9.0,6.0,6.0,4.0,1.0,25.0,85.0,BULL,BULL,BULL,False,,0.8,0.12,1.0
2016-04-13,7.0,5.0,5.0,4.0,4.0,1.0,25.0,8.0,,0.0,5.0,0.76,17.105263157894736,10.0,8.0,7.0,1.0,25.0,9.0,6.0,6.0,4.0,1.0,25.0,92.10526315789474,BULL,BULL,BULL,False,,0.8,0.12,1.0
2016-04-14,7.0,5.0,5.0,4.0,4.0,1.0,25.0,4.0,6.0,0.0,0.0,1.0,10.0,10.0,8.0,7.0,1.0,25.0,9.0,6.0,6.0,4.0,1.0,25.0,85.0,BULL,BULL,BULL,False,,0.8,0.12,1.0
2016-04-15,7.0,5.0,5.0,4.0,4.0,1.0,25.0,4.0,6.0,0.0,0.0,1.0,10.0,10.0,8.0,7.0,1.0,25.0,9.0,6.0,6.0,4.0,1.0,25.0,85.0,BULL,BULL,BULL,False,,0.8,0.12,1.0
2016-04-18,7.0,5.0,5.0,4.0,4.0,1.0,25.0,4.0,6.0,0.0,0.0,1.0,10.0,10.0,8.0,7.0,1.0,25.0,9.0,6.0,6.0,4.0,1.0,25.0,85.0,BULL,BULL,BULL,False,,0.8,0.12,1.0
2016-04-19,7.0,5.0,5.0,4.0,4.0,1.0,25.0,4.0,6.0,0.0,0.0,1.0,10.0,10.0,8.0,7.0,1.0,25.0,9.0,6.0,6.0,4.0,1.0,25.0,85.0,BULL,BULL,BULL,False,,0.8,0.12,1.0
2016-04-20,7.0,5.0,5.0,4.0,0.0,1.0,21.0,4.0,6.0,0.0,0.0,1.0,10.0,10.0,8.0,7.0,1.0,25.0,9.0,6.0,6.0,4.0,1.0,25.0,81.0,BULL,BULL,BULL,False,,0.8,0.12,1.0
2016-04-21,7.0,5.0,5.0,4.0,4.0,1.0,25.0,8.0,6.0,0.0,5.0,1.0,19.0,10.0,8.0,7.0,1.0,25.0,9.0,6.0,6.0,4.0,1.0,25.0,94.0,STRONG_BULL,BULL,BULL,False,,0.8,0.12,1.0
2016-04-22,7.0,5.0,5.0,4.0,0.0,1.0,21.0,8.0,6.0,0.0,5.0,1.0,19.0,10.0,8.0,7.0,1.0,25.0,9.0,6.0,6.0,4.0,1.0,25.0,90.0,STRONG_BULL,STRONG_BULL,STRONG_BULL,False,,1.0,0.15,1.15
2016-04-25,7.0,5.0,5.0,4.0,0.0,1.0,21.0,8.0,6.0,6.0,5.0,1.0,25.0,10.0,8.0,7.0,1.0,25.0,9.0,6.0,6.0,4.0,1.0,25.0,96.0,STRONG_BULL,STRONG_BULL,STRONG_BULL,False,,1.0,0.15,1.15
2016-04-26,7.0,5.0,5.0,4.0,0.0,1.0,21.0,8.0,6.0,6.0,5.0,1.0,25.0,10.0,8.0,7.0,1.0,25.0,9.0,6.0,6.0,4.0,1.0,25.0,96.0,STRONG_BULL,STRONG_BULL,STRONG_BULL,False,,1.0,0.15,1.15
2016-04-27,7.0,5.0,5.0,4.0,0.0,1.0,21.0,8.0,6.0,6.0,5.0,1.0,25.0,10.0,8.0,7.0,1.0,25.0,9.0,6.0,6.0,4.0,1.0,25.0,96.0,STRONG_BULL,STRONG_BULL,STRONG_BULL,False,,1.0,0.15,1.15
2016-04-28,7.0,5.0,5.0,4.0,0.0,1.0,21.0,8.0,6.0,6.0,5.0,1.0,25.0,5.0,8.0,7.0,1.0,20.0,9.0,6.0,6.0,4.0,1.0,25.0,91.0,STRONG_BULL,STRONG_BULL,STRONG_BULL,False,,1.0,0.15,1.15
2016-04-29,7.0,5.0,5.0,4.0,0.0,1.0,21.0,8.0,6.0,6.0,5.0,1.0,25.0,5.0,8.0,7.0,1.0,20.0,9.0,6.0,6.0,4.0,1.0,25.0,91.0,STRONG_BULL,STRONG_BULL,STRONG_BULL,False,,1.0,0.15,1.15
2016-05-02,7.0,5.0,5.0,4.0,0.0,1.0,21.0,8.0,6.0,6.0,5.0,1.0,25.0,10.0,8.0,7.0,1.0,25.0,9.0,6.0,6.0,4.0,1.0,25.0,96.0,STRONG_BULL,STRONG_BULL,STRONG_BULL,False,,1.0,0.15,1.15
2016-05-03,7.0,5.0,5.0,4.0,0.0,1.0,21.0,8.0,6.0,6.0,5.0,1.0,25.0,5.0,8.0,7.0,1.0,20.0,9.0,6.0,6.0,4.0,1.0,25.0,91.0,STRONG_BULL,STRONG_BULL,STRONG_BULL,False,,1.0,0.15,1.15
2016-05-04,7.0,5.0,5.0,4.0,0.0,1.0,21.0,8.0,6.0,6.0,5.0,1.0,25.0,5.0,8.0,7.0,1.0,20.0,9.0,6.0,6.0,4.0,1.0,25.0,91.0,STRONG_BULL,STRONG_BULL,STRONG_BULL,False,,1.0,0.15,1.15
2016-05-05,7.0,5.0,5.0,4.0,0.0,1.0,21.0,8.0,6.0,6.0,5.0,1.0,25.0,5.0,8.0,7.0,1.0,20.0,9.0,6.0,6.0,4.0,1.0,25.0,91.0,STRONG_BULL,STRONG_BULL,STRONG_BULL,False,,1.0,0.15,1.15
2016-05-06,7.0,5.0,5.0,4.0,0.0,1.0,21.0,8.0,6.0,6.0,5.0,1.0,25.0,10.0,8.0,7.0,1.0,25.0,9.0,6.0,6.0,4.0,1.0,25.0,96.0,STRONG_BULL,STRONG_BULL,STRONG_BULL,False,,1.0,0.15,1.15
2016-05-09,7.0,5.0,5.0,4.0,0.0,1.0,21.0,8.0,6.0,6.0,5.0,1.0,25.0,10.0,8.0,7.0,1.0,25.0,9.0,6.0,6.0,4.0,1.0,25.0,96.0,STRONG_BULL,STRONG_BULL,STRONG_BULL,False,,1.0,0.15,1.15
2016-05-10,7.0,5.0,5.0,4.0,0.0,1.0,21.0,8.0,6.0,6.0,5.0,1.0,25.0,10.0,8.0,7.0,1.0,25.0,9.0,6.0,6.0,4.0,1.0,25.0,96.0,STRONG_BULL,STRONG_BULL,STRONG_BULL,False,,1.0,0.15,1.15
2016-05-11,7.0,5.0,5.0,4.0,0.0,1.0,21.0,8.0,6.0,6.0,5.0,1.0,25.0,10.0,8.0,7.0,1.0,25.0,9.0,6.0,6.0,4.0,1.0,25.0,96.0,STRONG_BULL,STRONG_BULL,STRONG_BULL,False,,1.0,0.15,1.15
2016-05-12,7.0,5.0,5.0,4.0,0.0,1.0,21.0,8.0,6.0,6.0,5.0,1.0,25.0,10.0,8.0,7.0,1.0,25.0,9.0,6.0,6.0,4.0,1.0,25.0,96.0,STRONG_BULL,STRONG_BULL,STRONG_BULL,False,,1.0,0.15,1.15
2016-05-13,7.0,5.0,5.0,4.0,0.0,1.0,21.0,8.0,6.0,6.0,5.0,1.0,25.0,10.0,8.0,7.0,1.0,25.0,9.0,0.0,6.0,4.0,1.0,19.0,90.0,STRONG_BULL,STRONG_BULL,STRONG_BULL,False,,1.0,0.15,1.15
2016-05-16,7.0,5.0,5.0,4.0,0.0,1.0,21.0,8.0,6.0,6.0,5.0,1.0,25.0,10.0,8.0,7.0,1.0,25.0,9.0,6.0,6.0,4.0,1.0,25.0,96.0,STRONG_BULL,STRONG_BULL,STRONG_BULL,False,,1.0,0.15,1.15
2016-05-17,7.0,5.0,5.0,4.0,0.0,1.0,21.0,8.0,6.0,6.0,5.0,1.0,25.0,5.0,8.0,7.0,1.0,20.0,9.0,0.0,6.0,4.0,1.0,19.0,85.0,STRONG_BULL,STRONG_BULL,STRONG_BULL,False,,1.0,0.15,1.15
2016-05-18,7.0,5.0,5.0,4.0,0.0,1.0,21.0,4.0,6.0,6.0,0.0,1.0,16.0,5.0,8.0,7.0,1.0,20.0,9.0,6.0,6.0,0.0,1.0,21.0,78.0,BULL,STRONG_BULL,STRONG_BULL,False,,1.0,0.15,1.15
2016-05-19,7.0,0.0,5.0,4.0,0.0,1.0,16.0,8.0,6.0,6.0,5.0,1.0,25.0,5.0,8.0,7.0,1.0,20.0,9.0,0.0,6.0,0.0,1.0,15.0,76.0,BULL,BULL,BULL,False,,0.8,0.12,1.0
2016-05-20,7.0,5.0,5.0,4.0,0.0,1.0,21.0,4.0,6.0,6.0,0.0,1.0,16.0,10.0,8.0,7.0,1.0,25.0,9.0,0.0,6.0,0.0,1.0,15.0,77.0,BULL,BULL,BULL,False,,0.8,0.12,1.0
2016-05-23,7.0,5.0,5.0,4.0,0.0,1.0,21.0,4.0,6.0,0.0,0.0,1.0,10.0,5.0,8.0,7.0,1.0,20.0,9.0,6.0,6.0,0.0,1.0,21.0,72.0,BULL,BULL,BULL,False,,0.8,0.12,1.0
2016-05-24,7.0,5.0,5.0,4.0,4.0,1.0,25.0,4.0,6.0,0.0,0.0,1.0,10.0,10.0,8.0,7.0,1.0,25.0,9.0,6.0,6.0,0.0,1.0,21.0,81.0,BULL,BULL,BULL,False,,0.8,0.12,1.0
2016-05-25,7.0,5.0,5.0,4.0,4.0,1.0,25.0,4.0,6.0,0.0,0.0,1.0,10.0,10.0,8.0,7.0,1.0,25.0,9.0,0.0,6.0,0.0,1.0,15.0,75.0,BULL,BULL,BULL,False,,0.8,0.12,1.0
2016-05-26,7.0,5.0,5.0,4.0,4.0,1.0,25.0,4.0,6.0,0.0,0.0,1.0,10.0,10.0,8.0,7.0,1.0,25.0,9.0,6.0,6.0,0.0,1.0,21.0,81.0,BULL,BULL,BULL,False,,0.8,0.12,1.0
2016-05-27,7.0,5.0,5.0,4.0,4.0,1.0,25.0,4.0,6.0,0.0,0.0,1.0,10.0,10.0,8.0,7.0,1.0,25.0,9.0,6.0,6.0,0.0,1.0,21.0,81.0,BULL,BULL,BULL,False,,0.8,0.12,1.0
2016-05-31,7.0,5.0,5.0,4.0,4.0,1.0,25.0,4.0,6.0,0.0,0.0,1.0,10.0,10.0,8.0,7.0,1.0,25.0,9.0,6.0,6.0,0.0,1.0,21.0,81.0,BULL,BULL,BULL,False,,0.8,0.12,1.0
2016-06-01,7.0,5.0,5.0,4.0,4.0,1.0,25.0,8.0,6.0,0.0,5.0,1.0,19.0,10.0,8.0,7.0,1.0,25.0,9.0,6.0,6.0,0.0,1.0,21.0,90.0,STRONG_BULL,BULL,BULL,False,,0.8,0.12,1.0
2016-06-02,7.0,5.0,5.0,4.0,4.0,1.0,25.0,8.0,6.0,0.0,5.0,1.0,19.0,10.0,8.0,7.0,1.0,25.0,9.0,6.0,6.0,0.0,1.0,21.0,90.0,STRONG_BULL,STRONG_BULL,STRONG_BULL,False,,1.0,0.15,1.15
2016-06-03,7.0,5.0,5.0,4.0,4.0,1.0,25.0,8.0,6.0,6.0,5.0,1.0,25.0,10.0,8.0,7.0,1.0,25.0,9.0,6.0,6.0,4.0,1.0,25.0,100.0,STRONG_BULL,STRONG_BULL,STRONG_BULL,False,,1.0,0.15,1.15
2016-06-06,7.0,5.0,5.0,4.0,4.0,1.0,25.0,8.0,6.0,6.0,5.0,1.0,25.0,10.0,8.0,7.0,1.0,25.0,9.0,6.0,6.0,4.0,1.0,25.0,100.0,STRONG_BULL,STRONG_BULL,STRONG_BULL,False,,1.0,0.15,1.15
2016-06-07,7.0,5.0,5.0,4.0,4.0,1.0,25.0,8.0,6.0,6.0,5.0,1.0,25.0,10.0,8.0,7.0,1.0,25.0,9.0,6.0,6.0,4.0,1.0,25.0,100.0,STRONG_BULL,STRONG_BULL,STRONG_BULL,False,,1.0,0.15,1.15
2016-06-08,7.0,5.0,5.0,4.0,4.0,1.0,25.0,8.0,6.0,6.0,5.0,1.0,25.0,10.0,8.0,7.0,1.0,25.0,9.0,6.0,6.0,4.0,1.0,25.0,100.0,STRONG_BULL,STRONG_BULL,STRONG_BULL,False,,1.0,0.15,1.15
2016-06-09,7.0,5.0,5.0,4.0,4.0,1.0,25.0,8.0,6.0,6.0,5.0,1.0,25.0,10.0,8.0,7.0,1.0,25.0,9.0,6.0,6.0,4.0,1.0,25.0,100.0,STRONG_BULL,STRONG_BULL,STRONG_BULL,False,,1.0,0.15,1.15
2016-06-10,7.0,5.0,5.0,4.0,4.0,1.0,25.0,8.0,6.0,6.0,5.0,1.0,25.0,5.0,8.0,7.0,1.0,20.0,9.0,6.0,6.0,0.0,1.0,21.0,91.0,STRONG_BULL,STRONG_BULL,STRONG_BULL,False,,1.0,0.15,1.15
2016-06-13,7.0,5.0,5.0,4.0,4.0,1.0,25.0,8.0,6.0,6.0,5.0,1.0,25.0,2.0,0.0,7.0,1.0,9.0,0.0,6.0,6.0,4.0,1.0,16.0,75.0,BULL,STRONG_BULL,STRONG_BULL,False,,1.0,0.15,1.15
2016-06-14,7.0,5.0,5.0,4.0,4.0,1.0,25.0,8.0,3.0,6.0,5.0,1.0,22.0,2.0,0.0,7.0,1.0,9.0,0.0,6.0,6.0,0.0,1.0,12.0,68.0,BULL,BULL,BULL,False,,0.8,0.12,1.0
2016-06-15,7.0,5.0,5.0,4.0,4.0,1.0,25.0,8.0,6.0,6.0,5.0,1.0,25.0,2.0,0.0,7.0,1.0,9.0,0.0,6.0,6.0,0.0,1.0,12.0,71.0,BULL,BULL,BULL,False,,0.8,0.12,1.0
2016-06-16,7.0,5.0,5.0,4.0,4.0,1.0,25.0,8.0,6.0,6.0,5.0,1.0,25.0,5.0,0.0,7.0,1.0,12.0,0.0,6.0,6.0,0.0,1.0,12.0,74.0,BULL,BULL,BULL,False,,0.8,0.12,1.0
2016-06-17,7.0,5.0,5.0,4.0,0.0,1.0,21.0,8.0,6.0,6.0,5.0,1.0,25.0,5.0,0.0,7.0,1.0,12.0,0.0,6.0,6.0,4.0,1.0,16.0,74.0,BULL,BULL,BULL,False,,0.8,0.12,1.0
2016-06-20,7.0,5.0,5.0,4.0,0.0,1.0,21.0,8.0,6.0,6.0,5.0,1.0,25.0,5.0,0.0,7.0,1.0,12.0,0.0,6.0,6.0,4.0,1.0,16.0,74.0,BULL,BULL,CRISIS,True,TERM_BACKWARDATION,0.0,0.0,0.0
2016-06-21,7.0,5.0,5.0,4.0,0.0,1.0,21.0,8.0,6.0,6.0,5.0,1.0,25.0,5.0,0.0,7.0,1.0,12.0,9.0,6.0,6.0,4.0,1.0,25.0,83.0,STRONG_BULL,BULL,CRISIS,True,TERM_BACKWARDATION,0.0,0.0,0.0
2016-06-22,7.0,5.0,5.0,4.0,0.0,1.0,21.0,8.0,6.0,6.0,5.0,1.0,25.0,2.0,0.0,7.0,1.0,9.0,9.0,6.0,6.0,4.0,1.0,25.0,80.0,STRONG_BULL,STRONG_BULL,CRISIS,True,TERM_BACKWARDATION,0.0,0.0,0.0
2016-06-23,7.0,5.0,5.0,4.0,0.0,1.0,21.0,8.0,6.0,6.0,5.0,1.0,25.0,5.0,0.0,7.0,1.0,12.0,9.0,6.0,6.0,4.0,1.0,25.0,83.0,STRONG_BULL,STRONG_BULL,CRISIS,True,TERM_BACKWARDATION,0.0,0.0,0.0
2016-06-24,7.0,0.0,5.0,4.0,0.0,1.0,16.0,8.0,6.0,6.0,5.0,1.0,25.0,0.0,0.0,7.0,1.0,7.000000000000001,0.0,6.0,6.0,0.0,1.0,12.0,60.0,NEUTRAL,STRONG_BULL,CRISIS,True,TERM_BACKWARDATION|VIX_SPIKE,0.0,0.0,0.0
2016-06-27,0.0,0.0,5.0,4.0,0.0,1.0,9.0,4.0,3.0,6.0,0.0,1.0,13.0,2.0,0.0,7.0,1.0,9.0,0.0,6.0,6.0,0.0,1.0,12.0,43.0,CAUTION,STRONG_BULL,STRONG_BULL,False,,1.0,0.15,1.15
2016-06-28,7.0,0.0,5.0,4.0,0.0,1.0,16.0,4.0,6.0,0.0,0.0,1.0,10.0,5.0,8.0,7.0,1.0,20.0,0.0,0.0,6.0,0.0,1.0,6.0,52.0,NEUTRAL,STRONG_BULL,STRONG_BULL,False,,1.0,0.15,1.15
2016-06-29,7.0,5.0,5.0,4.0,0.0,1.0,21.0,4.0,6.0,0.0,0.0,1.0,10.0,5.0,8.0,3.0,1.0,16.0,0.0,0.0,6.0,0.0,1.0,6.0,53.0,NEUTRAL,NEUTRAL,NEUTRAL,False,,0.5,0.08,0.7
2016-06-30,7.0,5.0,5.0,4.0,0.0,1.0,21.0,4.0,6.0,0.0,0.0,1.0,10.0,5.0,8.0,3.0,1.0,16.0,0.0,0.0,6.0,0.0,1.0,6.0,53.0,NEUTRAL,NEUTRAL,NEUTRAL,False,,0.5,0.08,0.7
2016-07-01,7.0,5.0,5.0,4.0,0.0,1.0,21.0,4.0,6.0,0.0,0.0,1.0,10.0,10.0,8.0,3.0,1.0,21.0,0.0,6.0,6.0,0.0,1.0,12.0,64.0,NEUTRAL,NEUTRAL,NEUTRAL,False,,0.5,0.08,0.7
2016-07-05,7.0,5.0,5.0,4.0,0.0,1.0,21.0,4.0,6.0,0.0,0.0,1.0,10.0,10.0,8.0,3.0,1.0,21.0,0.0,0.0,6.0,0.0,1.0,6.0,58.0,NEUTRAL,NEUTRAL,NEUTRAL,False,,0.5,0.08,0.7
2016-07-06,7.0,5.0,5.0,4.0,0.0,1.0,21.0,4.0,6.0,0.0,0.0,1.0,10.0,10.0,8.0,3.0,1.0,21.0,0.0,0.0,6.0,0.0,1.0,6.0,58.0,NEUTRAL,NEUTRAL,NEUTRAL,False,,0.5,0.08,0.7
2016-07-07,7.0,5.0,5.0,4.0,0.0,1.0,21.0,4.0,6.0,0.0,0.0,1.0,10.0,10.0,8.0,3.0,1.0,21.0,0.0,0.0,6.0,0.0,1.0,6.0,58.0,NEUTRAL,NEUTRAL,NEUTRAL,False,,0.5,0.08,0.7
2016-07-08,7.0,5.0,5.0,4.0,0.0,1.0,21.0,4.0,6.0,0.0,0.0,1.0,10.0,10.0,8.0,3.0,1.0,21.0,9.0,6.0,6.0,0.0,1.0,21.0,73.0,BULL,NEUTRAL,NEUTRAL,False,,0.5,0.08,0.7
2016-07-11,7.0,5.0,5.0,4.0,0.0,1.0,21.0,4.0,6.0,0.0,0.0,1.0,10.0,10.0,8.0,3.0,1.0,21.0,9.0,6.0,6.0,0.0,1.0,21.0,73.0,BULL,BULL,BULL,False,,0.8,0.12,1.0
2016-07-12,7.0,5.0,5.0,4.0,0.0,1.0,21.0,8.0,6.0,0.0,5.0,1.0,19.0,10.0,8.0,3.0,1.0,21.0,9.0,6.0,6.0,0.0,1.0,21.0,82.0,STRONG_BULL,BULL,BULL,False,,0.8,0.12,1.0
2016-07-13,7.0,5.0,5.0,4.0,0.0,1.0,21.0,8.0,6.0,0.0,5.0,1.0,19.0,10.0,8.0,3.0,1.0,21.0,9.0,6.0,6.0,0.0,1.0,21.0,82.0,STRONG_BULL,STRONG_BULL,STRONG_BULL,False,,1.0,0.15,1.15
2016-07-14,7.0,5.0,5.0,4.0,0.0,1.0,21.0,8.0,6.0,0.0,5.0,1.0,19.0,10.0,8.0,3.0,1.0,21.0,9.0,6.0,6.0,0.0,1.0,21.0,82.0,STRONG_BULL,STRONG_BULL,STRONG_BULL,False,,1.0,0.15,1.15
2016-07-15,7.0,5.0,5.0,4.0,0.0,1.0,21.0,8.0,6.0,6.0,5.0,1.0,25.0,10.0,8.0,3.0,1.0,21.0,9.0,6.0,6.0,0.0,1.0,21.0,88.0,STRONG_BULL,STRONG_BULL,STRONG_BULL,False,,1.0,0.15,1.15
2016-07-18,7.0,5.0,5.0,4.0,4.0,1.0,25.0,4.0,6.0,6.0,0.0,1.0,16.0,10.0,8.0,3.0,1.0,21.0,9.0,6.0,6.0,0.0,1.0,21.0,83.0,BULL,STRONG_BULL,STRONG_BULL,False,,1.0,0.15,1.15
2016-07-19,7.0,5.0,5.0,4.0,4.0,1.0,25.0,4.0,3.0,6.0,0.0,1.0,13.0,10.0,8.0,3.0,1.0,21.0,9.0,6.0,6.0,0.0,1.0,21.0,80.0,BULL,BULL,BULL,False,,0.8,0.12,1.0
2016-07-20,7.0,5.0,5.0,4.0,4.0,1.0,25.0,4.0,6.0,0.0,0.0,1.0,10.0,10.0,8.0,3.0,1.0,21.0,9.0,6.0,6.0,0.0,1.0,21.0,77.0,BULL,BULL,BULL,False,,0.8,0.12,1.0
2016-07-21,7.0,5.0,5.0,4.0,4.0,1.0,25.0,4.0,3.0,0.0,0.0,1.0,7.000000000000001,10.0,8.0,3.0,1.0,21.0,9.0,6.0,6.0,0.0,1.0,21.0,74.0,BULL,BULL,BULL,False,,0.8,0.12,1.0
2016-07-22,7.0,5.0,5.0,4.0,4.0,1.0,25.0,4.0,3.0,0.0,0.0,1.0,7.000000000000001,10.0,8.0,3.0,1.0,21.0,9.0,6.0,6.0,0.0,1.0,21.0,74.0,BULL,BULL,BULL,False,,0.8,0.12,1.0
2016-07-25,7.0,5.0,5.0,4.0,4.0,1.0,25.0,8.0,3.0,0.0,5.0,1.0,16.0,10.0,8.0,7.0,1.0,25.0,9.0,6.0,6.0,0.0,1.0,21.0,87.0,BULL,BULL,BULL,False,,0.8,0.12,1.0
2016-07-26,7.0,5.0,5.0,4.0,4.0,1.0,25.0,8.0,6.0,6.0,5.0,1.0,25.0,10.0,8.0,7.0,1.0,25.0,9.0,6.0,6.0,0.0,1.0,21.0,96.0,STRONG_BULL,BULL,BULL,False,,0.8,0.12,1.0
2016-07-27,7.0,5.0,5.0,4.0,4.0,1.0,25.0,8.0,3.0,6.0,5.0,1.0,22.0,10.0,8.0,7.0,1.0,25.0,9.0,6.0,6.0,0.0,1.0,21.0,93.0,STRONG_BULL,STRONG_BULL,STRONG_BULL,False,,1.0,0.15,1.15
2016-07-28,7.0,5.0,5.0,4.0,4.0,1.0,25.0,8.0,6.0,6.0,5.0,1.0,25.0,10.0,8.0,7.0,1.0,25.0,9.0,6.0,6.0,0.0,1.0,21.0,96.0,STRONG_BULL,STRONG_BULL,STRONG_BULL,False,,1.0,0.15,1.15
2016-07-29,7.0,5.0,5.0,4.0,4.0,1.0,25.0,8.0,6.0,6.0,5.0,1.0,25.0,10.0,8.0,7.0,1.0,25.0,9.0,6.0,6.0,4.0,1.0,25.0,100.0,STRONG_BULL,STRONG_BULL,STRONG_BULL,False,,1.0,0.15,1.15
2016-08-01,7.0,5.0,5.0,4.0,4.0,1.0,25.0,8.0,3.0,6.0,5.0,1.0,22.0,10.0,8.0,7.0,1.0,25.0,9.0,6.0,6.0,0.0,1.0,21.0,93.0,STRONG_BULL,STRONG_BULL,STRONG_BULL,False,,1.0,0.15,1.15
2016-08-02,7.0,5.0,5.0,4.0,4.0,1.0,25.0,8.0,3.0,6.0,5.0,1.0,22.0,10.0,8.0,7.0,1.0,25.0,9.0,6.0,6.0,4.0,1.0,25.0,97.0,STRONG_BULL,STRONG_BULL,STRONG_BULL,False,,1.0,0.15,1.15
2016-08-03,7.0,5.0,5.0,4.0,4.0,1.0,25.0,8.0,6.0,6.0,5.0,1.0,25.0,10.0,8.0,7.0,1.0,25.0,9.0,6.0,6.0,4.0,1.0,25.0,100.0,STRONG_BULL,STRONG_BULL,STRONG_BULL,False,,1.0,0.15,1.15
2016-08-04,7.0,5.0,5.0,4.0,4.0,1.0,25.0,8.0,6.0,6.0,5.0,1.0,25.0,10.0,8.0,7.0,1.0,25.0,9.0,6.0,6.0,0.0,1.0,21.0,96.0,STRONG_BULL,STRONG_BULL,STRONG_BULL,False,,1.0,0.15,1.15
2016-08-05,7.0,5.0,5.0,4.0,4.0,1.0,25.0,8.0,6.0,6.0,5.0,1.0,25.0,10.0,8.0,7.0,1.0,25.0,9.0,6.0,6.0,0.0,1.0,21.0,96.0,STRONG_BULL,STRONG_BULL,STRONG_BULL,False,,1.0,0.15,1.15
2016-08-08,7.0,5.0,5.0,4.0,4.0,1.0,25.0,8.0,6.0,6.0,5.0,1.0,25.0,10.0,8.0,7.0,1.0,25.0,9.0,6.0,6.0,0.0,1.0,21.0,96.0,STRONG_BULL,STRONG_BULL,STRONG_BULL,False,,1.0,0.15,1.15
2016-08-09,7.0,5.0,5.0,4.0,4.0,1.0,25.0,4.0,6.0,6.0,0.0,1.0,16.0,10.0,8.0,7.0,1.0,25.0,9.0,6.0,6.0,0.0,1.0,21.0,87.0,BULL,STRONG_BULL,STRONG_BULL,False,,1.0,0.15,1.15
2016-08-10,7.0,5.0,5.0,4.0,4.0,1.0,25.0,4.0,6.0,0.0,0.0,1.0,10.0,10.0,8.0,7.0,1.0,25.0,9.0,6.0,6.0,0.0,1.0,21.0,81.0,BULL,BULL,BULL,False,,0.8,0.12,1.0
2016-08-11,7.0,5.0,5.0,4.0,4.0,1.0,25.0,4.0,6.0,0.0,0.0,1.0,10.0,10.0,8.0,7.0,1.0,25.0,9.0,6.0,6.0,0.0,1.0,21.0,81.0,BULL,BULL,BULL,False,,0.8,0.12,1.0
2016-08-12,7.0,5.0,5.0,4.0,4.0,1.0,25.0,4.0,6.0,0.0,0.0,1.0,10.0,10.0,8.0,7.0,1.0,25.0,9.0,6.0,6.0,0.0,1.0,21.0,81.0,BULL,BULL,BULL,False,,0.8,0.12,1.0
2016-08-15,7.0,5.0,5.0,4.0,4.0,1.0,25.0,8.0,6.0,0.0,5.0,1.0,19.0,10.0,8.0,7.0,1.0,25.0,9.0,6.0,6.0,4.0,1.0,25.0,94.0,STRONG_BULL,BULL,BULL,False,,0.8,0.12,1.0
2016-08-16,7.0,5.0,5.0,4.0,4.0,1.0,25.0,8.0,6.0,0.0,5.0,1.0,19.0,10.0,8.0,7.0,1.0,25.0,9.0,6.0,6.0,4.0,1.0,25.0,94.0,STRONG_BULL,STRONG_BULL,STRONG_BULL,False,,1.0,0.15,1.15
2016-08-17,7.0,5.0,5.0,4.0,4.0,1.0,25.0,4.0,6.0,0.0,0.0,1.0,10.0,10.0,8.0,7.0,1.0,25.0,9.0,6.0,6.0,4.0,1.0,25.0,85.0,BULL,STRONG_BULL,STRONG_BULL,False,,1.0,0.15,1.15
2016-08-18,7.0,5.0,5.0,4.0,4.0,1.0,25.0,8.0,6.0,6.0,5.0,1.0,25.0,10.0,8.0,7.0,1.0,25.0,9.0,6.0,6.0,4.0,1.0,25.0,100.0,STRONG_BULL,STRONG_BULL,STRONG_BULL,False,,1.0,0.15,1.15
2016-08-19,7.0,5.0,5.0,4.0,4.0,1.0,25.0,8.0,6.0,6.0,5.0,1.0,25.0,10.0,8.0,7.0,1.0,25.0,9.0,6.0,6.0,4.0,1.0,25.0,100.0,STRONG_BULL,STRONG_BULL,STRONG_BULL,False,,1.0,0.15,1.15
2016-08-22,7.0,5.0,5.0,4.0,4.0,1.0,25.0,8.0,6.0,6.0,5.0,1.0,25.0,10.0,8.0,7.0,1.0,25.0,9.0,6.0,6.0,4.0,1.0,25.0,100.0,STRONG_BULL,STRONG_BULL,STRONG_BULL,False,,1.0,0.15,1.15
2016-08-23,7.0,5.0,5.0,4.0,4.0,1.0,25.0,4.0,6.0,6.0,0.0,1.0,16.0,10.0,8.0,7.0,1.0,25.0,9.0,6.0,6.0,4.0,1.0,25.0,91.0,BULL,STRONG_BULL,STRONG_BULL,False,,1.0,0.15,1.15
2016-08-24,7.0,5.0,5.0,4.0,4.0,1.0,25.0,8.0,6.0,6.0,5.0,1.0,25.0,10.0,8.0,7.0,1.0,25.0,9.0,6.0,6.0,4.0,1.0,25.0,100.0,STRONG_BULL,STRONG_BULL,STRONG_BULL,False,,1.0,0.15,1.15
2016-08-25,7.0,5.0,5.0,4.0,4.0,1.0,25.0,8.0,6.0,6.0,5.0,1.0,25.0,10.0,8.0,7.0,1.0,25.0,9.0,6.0,6.0,4.0,1.0,25.0,100.0,STRONG_BULL,STRONG_BULL,STRONG_BULL,False,,1.0,0.15,1.15
2016-08-26,7.0,5.0,5.0,4.0,4.0,1.0,25.0,8.0,6.0,6.0,5.0,1.0,25.0,10.0,8.0,7.0,1.0,25.0,9.0,6.0,6.0,4.0,1.0,25.0,100.0,STRONG_BULL,STRONG_BULL,STRONG_BULL,False,,1.0,0.15,1.15
2016-08-29,7.0,5.0,5.0,4.0,4.0,1.0,25.0,8.0,6.0,6.0,5.0,1.0,25.0,10.0,8.0,7.0,1.0,25.0,9.0,6.0,6.0,4.0,1.0,25.0,100.0,STRONG_BULL,STRONG_BULL,STRONG_BULL,False,,1.0,0.15,1.15
2016-08-30,7.0,5.0,5.0,4.0,4.0,1.0,25.0,8.0,6.0,6.0,5.0,1.0,25.0,10.0,8.0,7.0,1.0,25.0,9.0,6.0,6.0,0.0,1.0,21.0,96.0,STRONG_BULL,STRONG_BULL,STRONG_BULL,False,,1.0,0.15,1.15
2016-08-31,7.0,5.0,5.0,4.0,4.0,1.0,25.0,8.0,3.0,6.0,5.0,1.0,22.0,10.0,8.0,7.0,1.0,25.0,9.0,6.0,6.0,0.0,1.0,21.0,93.0,STRONG_BULL,STRONG_BULL,STRONG_BULL,False,,1.0,0.15,1.15
2016-09-01,7.0,5.0,5.0,4.0,4.0,1.0,25.0,8.0,3.0,6.0,5.0,1.0,22.0,10.0,8.0,7.0,1.0,25.0,9.0,6.0,6.0,4.0,1.0,25.0,97.0,STRONG_BULL,STRONG_BULL,STRONG_BULL,False,,1.0,0.15,1.15
2016-09-02,7.0,5.0,5.0,4.0,4.0,1.0,25.0,8.0,3.0,6.0,5.0,1.0,22.0,10.0,8.0,7.0,1.0,25.0,9.0,6.0,6.0,4.0,1.0,25.0,97.0,STRONG_BULL,STRONG_BULL,STRONG_BULL,False,,1.0,0.15,1.15
2016-09-06,7.0,5.0,5.0,4.0,4.0,1.0,25.0,8.0,6.0,6.0,5.0,1.0,25.0,10.0,8.0,7.0,1.0,25.0,9.0,6.0,6.0,4.0,1.0,25.0,100.0,STRONG_BULL,STRONG_BULL,STRONG_BULL,False,,1.0,0.15,1.15
2016-09-07,7.0,5.0,5.0,4.0,4.0,1.0,25.0,8.0,6.0,6.0,5.0,1.0,25.0,10.0,8.0,7.0,1.0,25.0,9.0,6.0,6.0,4.0,1.0,25.0,100.0,STRONG_BULL,STRONG_BULL,STRONG_BULL,False,,1.0,0.15,1.15
2016-09-08,7.0,5.0,5.0,4.0,4.0,1.0,25.0,8.0,6.0,6.0,5.0,1.0,25.0,10.0,8.0,7.0,1.0,25.0,9.0,6.0,6.0,4.0,1.0,25.0,100.0,STRONG_BULL,STRONG_BULL,STRONG_BULL,False,,1.0,0.15,1.15
2016-09-09,7.0,0.0,5.0,4.0,4.0,1.0,20.0,8.0,6.0,6.0,5.0,1.0,25.0,5.0,4.0,7.0,1.0,16.0,9.0,6.0,6.0,4.0,1.0,25.0,86.0,STRONG_BULL,STRONG_BULL,STRONG_BULL,False,,1.0,0.15,1.15
2016-09-12,7.0,5.0,5.0,4.0,4.0,1.0,25.0,8.0,6.0,6.0,5.0,1.0,25.0,5.0,8.0,7.0,1.0,20.0,9.0,6.0,6.0,4.0,1.0,25.0,95.0,STRONG_BULL,STRONG_BULL,STRONG_BULL,False,,1.0,0.15,1.15
2016-09-13,7.0,0.0,5.0,4.0,4.0,1.0,20.0,4.0,3.0,6.0,0.0,1.0,13.0,5.0,0.0,7.0,1.0,12.0,9.0,6.0,6.0,4.0,1.0,25.0,70.0,BULL,STRONG_BULL,STRONG_BULL,False,,1.0,0.15,1.15
2016-09-14,7.0,0.0,5.0,4.0,4.0,1.0,20.0,4.0,3.0,6.0,0.0,1.0,13.0,5.0,0.0,7.0,1.0,12.0,9.0,6.0,6.0,4.0,1.0,25.0,70.0,BULL,BULL,BULL,False,,0.8,0.12,1.0
2016-09-15,7.0,0.0,5.0,4.0,4.0,1.0,20.0,4.0,3.0,0.0,0.0,1.0,7.000000000000001,5.0,8.0,7.0,1.0,20.0,9.0,6.0,6.0,4.0,1.0,25.0,72.0,BULL,BULL,BULL,False,,0.8,0.12,1.0
2016-09-16,7.0,0.0,5.0,4.0,4.0,1.0,20.0,4.0,3.0,0.0,0.0,1.0,7.000000000000001,5.0,8.0,7.0,1.0,20.0,9.0,6.0,6.0,0.0,1.0,21.0,68.0,BULL,BULL,BULL,False,,0.8,0.12,1.0
2016-09-19,7.0,0.0,5.0,4.0,4.0,1.0,20.0,4.0,3.0,0.0,0.0,1.0,7.000000000000001,5.0,8.0,7.0,1.0,20.0,9.0,6.0,6.0,0.0,1.0,21.0,68.0,BULL,BULL,BULL,False,,0.8,0.12,1.0
2016-09-20,7.0,0.0,5.0,4.0,4.0,1.0,20.0,4.0,3.0,0.0,0.0,1.0,7.000000000000001,5.0,4.0,7.0,1.0,16.0,9.0,6.0,6.0,0.0,1.0,21.0,64.0,NEUTRAL,BULL,BULL,False,,0.8,0.12,1.0
2016-09-21,7.0,5.0,5.0,4.0,4.0,1.0,25.0,4.0,6.0,0.0,0.0,1.0,10.0,10.0,8.0,7.0,1.0,25.0,9.0,6.0,6.0,4.0,1.0,25.0,85.0,BULL,BULL,BULL,False,,0.8,0.12,1.0
2016-09-22,7.0,5.0,5.0,4.0,4.0,1.0,25.0,4.0,6.0,0.0,0.0,1.0,10.0,10.0,8.0,7.0,1.0,25.0,9.0,6.0,6.0,4.0,1.0,25.0,85.0,BULL,BULL,BULL,False,,0.8,0.12,1.0
2016-09-23,7.0,5.0,5.0,4.0,4.0,1.0,25.0,4.0,6.0,0.0,0.0,1.0,10.0,10.0,8.0,7.0,1.0,25.0,9.0,6.0,6.0,4.0,1.0,25.0,85.0,BULL,BULL,BULL,False,,0.8,0.12,1.0
2016-09-26,7.0,0.0,5.0,4.0,4.0,1.0,20.0,4.0,6.0,0.0,0.0,1.0,10.0,10.0,8.0,7.0,1.0,25.0,9.0,6.0,6.0,4.0,1.0,25.0,80.0,BULL,BULL,BULL,False,,0.8,0.12,1.0
2016-09-27,7.0,5.0,5.0,4.0,4.0,1.0,25.0,4.0,6.0,0.0,0.0,1.0,10.0,10.0,8.0,7.0,1.0,25.0,9.0,6.0,6.0,4.0,1.0,25.0,85.0,BULL,BULL,BULL,False,,0.8,0.12,1.0
2016-09-28,7.0,5.0,5.0,4.0,4.0,1.0,25.0,4.0,6.0,0.0,0.0,1.0,10.0,10.0,8.0,7.0,1.0,25.0,9.0,6.0,6.0,4.0,1.0,25.0,85.0,BULL,BULL,BULL,False,,0.8,0.12,1.0
2016-09-29,7.0,5.0,5.0,4.0,4.0,1.0,25.0,8.0,6.0,0.0,5.0,1.0,19.0,10.0,8.0,7.0,1.0,25.0,9.0,6.0,6.0,4.0,1.0,25.0,94.0,STRONG_BULL,BULL,BULL,False,,0.8,0.12,1.0
2016-09-30,7.0,5.0,5.0,4.0,4.0,1.0,25.0,8.0,6.0,0.0,5.0,1.0,19.0,10.0,8.0,7.0,1.0,25.0,9.0,6.0,6.0,4.0,1.0,25.0,94.0,STRONG_BULL,STRONG_BULL,STRONG_BULL,False,,1.0,0.15,1.15
2016-10-03,7.0,5.0,5.0,4.0,4.0,1.0,25.0,4.0,6.0,0.0,0.0,1.0,10.0,10.0,8.0,7.0,1.0,25.0,9.0,6.0,6.0,0.0,1.0,21.0,81.0,BULL,STRONG_BULL,STRONG_BULL,False,,1.0,0.15,1.15
2016-10-04,7.0,0.0,5.0,4.0,4.0,1.0,20.0,4.0,6.0,0.0,0.0,1.0,10.0,10.0,8.0,7.0,1.0,25.0,9.0,6.0,6.0,0.0,1.0,21.0,76.0,BULL,BULL,BULL,False,,0.8,0.12,1.0
2016-10-05,7.0,5.0,5.0,4.0,4.0,1.0,25.0,4.0,3.0,0.0,0.0,1.0,7.000000000000001,10.0,8.0,7.0,1.0,25.0,9.0,6.0,6.0,0.0,1.0,21.0,78.0,BULL,BULL,BULL,False,,0.8,0.12,1.0
2016-10-06,7.0,5.0,5.0,4.0,4.0,1.0,25.0,4.0,3.0,0.0,0.0,1.0,7.000000000000001,10.0,8.0,7.0,1.0,25.0,9.0,6.0,6.0,0.0,1.0,21.0,78.0,BULL,BULL,BULL,False,,0.8,0.12,1.0
2016-10-07,7.0,5.0,5.0,4.0,4.0,1.0,25.0,4.0,3.0,0.0,0.0,1.0,7.000000000000001,10.0,8.0,7.0,1.0,25.0,9.0,6.0,6.0,0.0,1.0,21.0,78.0,BULL,BULL,BULL,False,,0.8,0.12,1.0
2016-10-10,7.0,5.0,5.0,4.0,4.0,1.0,25.0,4.0,3.0,0.0,0.0,1.0,7.000000000000001,10.0,8.0,7.0,1.0,25.0,9.0,6.0,6.0,,0.84,25.0,82.0,BULL,BULL,BULL,False,,0.8,0.12,1.0
2016-10-11,7.0,0.0,5.0,4.0,4.0,1.0,20.0,4.0,3.0,0.0,0.0,1.0,7.000000000000001,5.0,8.0,7.0,1.0,20.0,9.0,6.0,6.0,,0.84,25.0,72.0,BULL,BULL,BULL,False,,0.8,0.12,1.0
2016-10-12,7.0,0.0,5.0,4.0,4.0,1.0,20.0,4.0,3.0,0.0,0.0,1.0,7.000000000000001,5.0,8.0,7.0,1.0,20.0,9.0,6.0,6.0,,0.84,25.0,72.0,BULL,BULL,BULL,False,,0.8,0.12,1.0
2016-10-13,7.0,0.0,5.0,4.0,4.0,1.0,20.0,4.0,3.0,0.0,0.0,1.0,7.000000000000001,5.0,8.0,7.0,1.0,20.0,9.0,6.0,6.0,,0.84,25.0,72.0,BULL,BULL,BULL,False,,0.8,0.12,1.0
2016-10-14,7.0,0.0,5.0,4.0,0.0,1.0,16.0,4.0,3.0,0.0,0.0,1.0,7.000000000000001,5.0,8.0,7.0,1.0,20.0,9.0,6.0,6.0,,0.84,25.0,68.0,BULL,BULL,BULL,False,,0.8,0.12,1.0
2016-10-17,7.0,0.0,5.0,4.0,4.0,1.0,20.0,4.0,3.0,0.0,0.0,1.0,7.000000000000001,5.0,8.0,7.0,1.0,20.0,9.0,0.0,6.0,,0.84,17.857142857142858,64.85714285714286,NEUTRAL,BULL,BULL,False,,0.8,0.12,1.0
2016-10-18,7.0,0.0,5.0,4.0,4.0,1.0,20.0,4.0,3.0,0.0,0.0,1.0,7.000000000000001,5.0,8.0,7.0,1.0,20.0,9.0,6.0,6.0,,0.84,25.0,72.0,BULL,BULL,BULL,False,,0.8,0.12,1.0
2016-10-19,7.0,0.0,5.0,4.0,4.0,1.0,20.0,4.0,3.0,0.0,0.0,1.0,7.000000000000001,10.0,8.0,7.0,1.0,25.0,9.0,6.0,6.0,,0.84,25.0,77.0,BULL,BULL,BULL,False,,0.8,0.12,1.0
2016-10-20,7.0,0.0,5.0,4.0,4.0,1.0,20.0,4.0,3.0,0.0,0.0,1.0,7.000000000000001,10.0,8.0,7.0,1.0,25.0,9.0,0.0,6.0,,0.84,17.857142857142858,69.85714285714286,BULL,BULL,BULL,False,,0.8,0.12,1.0
2016-10-21,7.0,0.0,5.0,0.0,4.0,1.0,16.0,4.0,3.0,0.0,0.0,1.0,7.000000000000001,10.0,8.0,7.0,1.0,25.0,9.0,0.0,6.0,,0.84,17.857142857142858,65.85714285714286,BULL,BULL,BULL,False,,0.8,0.12,1.0
2016-10-24,7.0,5.0,5.0,0.0,4.0,1.0,21.0,4.0,3.0,0.0,0.0,1.0,7.000000000000001,10.0,8.0,7.0,1.0,25.0,9.0,0.0,6.0,,0.84,17.857142857142858,70.85714285714286,BULL,BULL,BULL,False,,0.8,0.12,1.0
2016-10-25,7.0,0.0,5.0,0.0,4.0,1.0,16.0,4.0,3.0,0.0,0.0,1.0,7.000000000000001,10.0,8.0,7.0,1.0,25.0,9.0,0.0,6.0,,0.84,17.857142857142858,65.85714285714286,BULL,BULL,BULL,False,,0.8,0.12,1.0
2016-10-26,7.0,0.0,5.0,0.0,4.0,1.0,16.0,4.0,3.0,0.0,0.0,1.0,7.000000000000001,10.0,8.0,7.0,1.0,25.0,9.0,0.0,6.0,,0.84,17.857142857142858,65.85714285714286,BULL,BULL,BULL,False,,0.8,0.12,1.0
2016-10-27,7.0,0.0,5.0,0.0,4.0,1.0,16.0,4.0,3.0,0.0,0.0,1.0,7.000000000000001,5.0,8.0,7.0,1.0,20.0,9.0,0.0,6.0,,0.84,17.857142857142858,60.85714285714286,NEUTRAL,BULL,BULL,False,,0.8,0.12,1.0
2016-10-28,7.0,0.0,5.0,0.0,4.0,1.0,16.0,4.0,3.0,0.0,0.0,1.0,7.000000000000001,5.0,4.0,7.0,1.0,16.0,9.0,0.0,6.0,,0.84,17.857142857142858,56.85714285714286,NEUTRAL,NEUTRAL,NEUTRAL,False,,0.5,0.08,0.7
2016-10-31,7.0,0.0,5.0,0.0,4.0,1.0,16.0,4.0,3.0,0.0,0.0,1.0,7.000000000000001,5.0,0.0,7.0,1.0,12.0,9.0,0.0,6.0,,0.84,17.857142857142858,52.85714285714286,NEUTRAL,NEUTRAL,CRISIS,True,TERM_BACKWARDATION,0.0,0.0,0.0
2016-11-01,7.0,0.0,5.0,0.0,0.0,1.0,12.0,4.0,3.0,0.0,0.0,1.0,7.000000000000001,2.0,0.0,7.0,1.0,9.0,9.0,0.0,6.0,,0.84,17.857142857142858,45.85714285714286,NEUTRAL,NEUTRAL,CRISIS,True,TERM_BACKWARDATION,0.0,0.0,0.0
2016-11-02,7.0,0.0,5.0,0.0,0.0,1.0,12.0,4.0,3.0,0.0,0.0,1.0,7.000000000000001,2.0,0.0,7.0,1.0,9.0,0.0,0.0,6.0,,0.84,7.142857142857142,35.14285714285714,CAUTION,NEUTRAL,CRISIS,True,TERM_BACKWARDATION,0.0,0.0,0.0
2016-11-03,0.0,0.0,5.0,0.0,0.0,1.0,5.0,4.0,3.0,0.0,0.0,1.0,7.000000000000001,2.0,0.0,7.0,1.0,9.0,0.0,0.0,6.0,,0.84,7.142857142857142,28.142857142857142,RISK_OFF,NEUTRAL,CRISIS,True,TERM_BACKWARDATION,0.0,0.0,0.0
2016-11-04,0.0,0.0,5.0,0.0,0.0,1.0,5.0,4.0,3.0,0.0,0.0,1.0,7.000000000000001,0.0,0.0,7.0,1.0,7.000000000000001,0.0,0.0,6.0,,0.84,7.142857142857142,26.142857142857142,RISK_OFF,RISK_OFF,CRISIS,True,TERM_BACKWARDATION,0.0,0.0,0.0
2016-11-07,7.0,0.0,5.0,0.0,0.0,1.0,12.0,4.0,3.0,0.0,0.0,1.0,7.000000000000001,2.0,0.0,7.0,1.0,9.0,9.0,0.0,6.0,,0.84,17.857142857142858,45.85714285714286,NEUTRAL,RISK_OFF,CRISIS,True,TERM_BACKWARDATION,0.0,0.0,0.0
2016-11-08,7.0,5.0,5.0,0.0,0.0,1.0,17.0,4.0,3.0,0.0,0.0,1.0,7.000000000000001,2.0,0.0,7.0,1.0,9.0,9.0,0.0,6.0,,0.84,17.857142857142858,50.85714285714286,NEUTRAL,NEUTRAL,CRISIS,True,TERM_BACKWARDATION,0.0,0.0,0.0
2016-11-09,7.0,5.0,5.0,0.0,0.0,1.0,17.0,4.0,3.0,0.0,0.0,1.0,7.000000000000001,10.0,8.0,7.0,1.0,25.0,9.0,6.0,6.0,,0.84,25.0,74.0,BULL,NEUTRAL,NEUTRAL,False,,0.5,0.08,0.7
2016-11-10,7.0,5.0,5.0,0.0,0.0,1.0,17.0,8.0,6.0,0.0,5.0,1.0,19.0,5.0,8.0,7.0,1.0,20.0,9.0,6.0,0.0,,0.84,17.857142857142858,73.85714285714286,BULL,BULL,BULL,False,,0.8,0.12,1.0
2016-11-11,7.0,5.0,5.0,0.0,0.0,1.0,17.0,8.0,6.0,6.0,5.0,1.0,25.0,10.0,8.0,7.0,1.0,25.0,9.0,6.0,,,0.6,25.0,92.0,STRONG_BULL,BULL,BULL,False,,0.8,0.12,1.0
2016-11-14,7.0,5.0,5.0,0.0,0.0,1.0,17.0,8.0,6.0,6.0,5.0,1.0,25.0,10.0,8.0,7.0,1.0,25.0,9.0,6.0,0.0,,0.84,17.857142857142858,84.85714285714286,STRONG_BULL,STRONG_BULL,STRONG_BULL,False,,1.0,0.15,1.15
2016-11-15,7.0,5.0,5.0,0.0,0.0,1.0,17.0,8.0,6.0,6.0,5.0,1.0,25.0,10.0,8.0,7.0,1.0,25.0,9.0,6.0,0.0,,0.84,17.857142857142858,84.85714285714286,STRONG_BULL,STRONG_BULL,STRONG_BULL,False,,1.0,0.15,1.15
2016-11-16,7.0,5.0,5.0,0.0,0.0,1.0,17.0,8.0,6.0,6.0,5.0,1.0,25.0,10.0,8.0,7.0,1.0,25.0,9.0,6.0,0.0,,0.84,17.857142857142858,84.85714285714286,STRONG_BULL,STRONG_BULL,STRONG_BULL,False,,1.0,0.15,1.15
2016-11-17,7.0,5.0,5.0,0.0,0.0,1.0,17.0,8.0,6.0,6.0,5.0,1.0,25.0,10.0,8.0,7.0,1.0,25.0,9.0,6.0,0.0,,0.84,17.857142857142858,84.85714285714286,STRONG_BULL,STRONG_BULL,STRONG_BULL,False,,1.0,0.15,1.15
2016-11-18,7.0,5.0,5.0,4.0,0.0,1.0,21.0,8.0,6.0,6.0,5.0,1.0,25.0,10.0,8.0,7.0,1.0,25.0,9.0,6.0,0.0,,0.84,17.857142857142858,88.85714285714286,STRONG_BULL,STRONG_BULL,STRONG_BULL,False,,1.0,0.15,1.15
2016-11-21,7.0,5.0,5.0,4.0,0.0,1.0,21.0,8.0,6.0,6.0,5.0,1.0,25.0,10.0,8.0,7.0,1.0,25.0,9.0,6.0,0.0,,0.84,17.857142857142858,88.85714285714286,STRONG_BULL,STRONG_BULL,STRONG_BULL,False,,1.0,0.15,1.15
2016-11-22,7.0,5.0,5.0,4.0,0.0,1.0,21.0,8.0,6.0,6.0,5.0,1.0,25.0,10.0,8.0,7.0,1.0,25.0,9.0,6.0,0.0,,0.84,17.857142857142858,88.85714285714286,STRONG_BULL,STRONG_BULL,STRONG_BULL,False,,1.0,0.15,1.15
2016-11-23,7.0,5.0,5.0,4.0,0.0,1.0,21.0,8.0,6.0,6.0,5.0,1.0,25.0,10.0,8.0,7.0,1.0,25.0,9.0,6.0,0.0,,0.84,17.857142857142858,88.85714285714286,STRONG_BULL,STRONG_BULL,STRONG_BULL,False,,1.0,0.15,1.15
2016-11-25,7.0,5.0,5.0,4.0,0.0,1.0,21.0,8.0,6.0,6.0,5.0,1.0,25.0,10.0,8.0,7.0,1.0,25.0,9.0,6.0,0.0,,0.84,17.857142857142858,88.85714285714286,STRONG_BULL,STRONG_BULL,STRONG_BULL,False,,1.0,0.15,1.15
2016-11-28,7.0,5.0,5.0,4.0,0.0,1.0,21.0,8.0,6.0,6.0,5.0,1.0,25.0,10.0,8.0,7.0,1.0,25.0,9.0,6.0,0.0,,0.84,17.857142857142858,88.85714285714286,STRONG_BULL,STRONG_BULL,STRONG_BULL,False,,1.0,0.15,1.15
2016-11-29,7.0,5.0,5.0,4.0,0.0,1.0,21.0,8.0,6.0,6.0,5.0,1.0,25.0,10.0,8.0,7.0,1.0,25.0,9.0,6.0,0.0,,0.84,17.857142857142858,88.85714285714286,STRONG_BULL,STRONG_BULL,STRONG_BULL,False,,1.0,0.15,1.15
2016-11-30,7.0,5.0,5.0,4.0,0.0,1.0,21.0,8.0,6.0,6.0,5.0,1.0,25.0,10.0,8.0,7.0,1.0,25.0,9.0,6.0,0.0,,0.84,17.857142857142858,88.85714285714286,STRONG_BULL,STRONG_BULL,STRONG_BULL,False,,1.0,0.15,1.15
2016-12-01,7.0,5.0,5.0,4.0,0.0,1.0,21.0,8.0,6.0,6.0,5.0,1.0,25.0,10.0,8.0,7.0,1.0,25.0,9.0,6.0,0.0,,0.84,17.857142857142858,88.85714285714286,STRONG_BULL,STRONG_BULL,STRONG_BULL,False,,1.0,0.15,1.15
2016-12-02,7.0,5.0,5.0,4.0,0.0,1.0,21.0,8.0,6.0,6.0,5.0,1.0,25.0,10.0,8.0,7.0,1.0,25.0,9.0,6.0,0.0,,0.84,17.857142857142858,88.85714285714286,STRONG_BULL,STRONG_BULL,STRONG_BULL,False,,1.0,0.15,1.15
2016-12-05,7.0,5.0,5.0,4.0,0.0,1.0,21.0,8.0,6.0,6.0,5.0,1.0,25.0,10.0,8.0,7.0,1.0,25.0,9.0,6.0,0.0,,0.84,17.857142857142858,88.85714285714286,STRONG_BULL,STRONG_BULL,STRONG_BULL,False,,1.0,0.15,1.15
2016-12-06,7.0,5.0,5.0,4.0,0.0,1.0,21.0,8.0,6.0,6.0,5.0,1.0,25.0,10.0,8.0,7.0,1.0,25.0,9.0,6.0,0.0,,0.84,17.857142857142858,88.85714285714286,STRONG_BULL,STRONG_BULL,STRONG_BULL,False,,1.0,0.15,1.15
2016-12-07,7.0,5.0,5.0,4.0,0.0,1.0,21.0,8.0,6.0,6.0,5.0,1.0,25.0,10.0,8.0,7.0,1.0,25.0,9.0,6.0,0.0,,0.84,17.857142857142858,88.85714285714286,STRONG_BULL,STRONG_BULL,STRONG_BULL,False,,1.0,0.15,1.15
2016-12-08,7.0,5.0,5.0,4.0,0.0,1.0,21.0,8.0,6.0,6.0,5.0,1.0,25.0,10.0,8.0,7.0,1.0,25.0,9.0,6.0,0.0,,0.84,17.857142857142858,88.85714285714286,STRONG_BULL,STRONG_BULL,STRONG_BULL,False,,1.0,0.15,1.15
2016-12-09,7.0,5.0,5.0,4.0,0.0,1.0,21.0,8.0,6.0,6.0,5.0,1.0,25.0,10.0,8.0,7.0,1.0,25.0,9.0,6.0,0.0,,0.84,17.857142857142858,88.85714285714286,STRONG_BULL,STRONG_BULL,STRONG_BULL,False,,1.0,0.15,1.15
2016-12-12,7.0,5.0,5.0,4.0,0.0,1.0,21.0,8.0,6.0,6.0,5.0,1.0,25.0,10.0,8.0,7.0,1.0,25.0,9.0,6.0,,,0.6,25.0,96.0,STRONG_BULL,STRONG_BULL,STRONG_BULL,False,,1.0,0.15,1.15
2016-12-13,7.0,5.0,5.0,4.0,0.0,1.0,21.0,4.0,6.0,6.0,0.0,1.0,16.0,10.0,8.0,7.0,1.0,25.0,9.0,6.0,6.0,,0.84,25.0,87.0,BULL,STRONG_BULL,STRONG_BULL,False,,1.0,0.15,1.15
2016-12-14,7.0,5.0,5.0,4.0,0.0,1.0,21.0,4.0,6.0,6.0,0.0,1.0,16.0,10.0,8.0,7.0,1.0,25.0,9.0,6.0,6.0,,0.84,25.0,87.0,BULL,BULL,BULL,False,,0.8,0.12,1.0
2016-12-15,7.0,5.0,5.0,4.0,0.0,1.0,21.0,4.0,6.0,6.0,0.0,1.0,16.0,10.0,8.0,7.0,1.0,25.0,9.0,6.0,0.0,,0.84,17.857142857142858,79.85714285714286,BULL,BULL,BULL,False,,0.8,0.12,1.0
2016-12-16,7.0,5.0,5.0,4.0,0.0,1.0,21.0,4.0,6.0,0.0,0.0,1.0,10.0,10.0,8.0,7.0,1.0,25.0,9.0,6.0,0.0,,0.84,17.857142857142858,73.85714285714286,BULL,BULL,BULL,False,,0.8,0.12,1.0
2016-12-19,7.0,5.0,5.0,4.0,0.0,1.0,21.0,4.0,6.0,0.0,0.0,1.0,10.0,10.0,8.0,7.0,1.0,25.0,9.0,6.0,6.0,,0.84,25.0,81.0,BULL,BULL,BULL,False,,0.8,0.12,1.0
2016-12-20,7.0,5.0,5.0,4.0,0.0,1.0,21.0,4.0,6.0,0.0,0.0,1.0,10.0,10.0,8.0,7.0,1.0,25.0,9.0,6.0,6.0,,0.84,25.0,81.0,BULL,BULL,BULL,False,,0.8,0.12,1.0
2016-12-21,7.0,5.0,5.0,4.0,0.0,1.0,21.0,4.0,6.0,0.0,0.0,1.0,10.0,10.0,8.0,7.0,1.0,25.0,9.0,6.0,6.0,,0.84,25.0,81.0,BULL,BULL,BULL,False,,0.8,0.12,1.0
2016-12-22,7.0,5.0,5.0,4.0,0.0,1.0,21.0,4.0,3.0,0.0,0.0,1.0,7.000000000000001,10.0,8.0,7.0,1.0,25.0,9.0,0.0,6.0,,0.84,17.857142857142858,70.85714285714286,BULL,BULL,BULL,False,,0.8,0.12,1.0
2016-12-23,7.0,5.0,5.0,4.0,0.0,1.0,21.0,4.0,3.0,0.0,0.0,1.0,7.000000000000001,10.0,8.0,7.0,1.0,25.0,9.0,6.0,6.0,,0.84,25.0,78.0,BULL,BULL,BULL,False,,0.8,0.12,1.0
2016-12-27,7.0,5.0,5.0,4.0,0.0,1.0,21.0,4.0,3.0,0.0,0.0,1.0,7.000000000000001,10.0,8.0,7.0,1.0,25.0,9.0,6.0,6.0,,0.84,25.0,78.0,BULL,BULL,BULL,False,,0.8,0.12,1.0
2016-12-28,7.0,5.0,5.0,4.0,0.0,1.0,21.0,4.0,3.0,0.0,0.0,1.0,7.000000000000001,10.0,8.0,7.0,1.0,25.0,9.0,6.0,6.0,,0.84,25.0,78.0,BULL,BULL,BULL,False,,0.8,0.12,1.0
2016-12-29,7.0,5.0,5.0,4.0,0.0,1.0,21.0,4.0,6.0,0.0,0.0,1.0,10.0,10.0,8.0,7.0,1.0,25.0,9.0,6.0,6.0,,0.84,25.0,81.0,BULL,BULL,BULL,False,,0.8,0.12,1.0
2016-12-30,7.0,5.0,5.0,4.0,4.0,1.0,25.0,4.0,6.0,0.0,0.0,1.0,10.0,5.0,8.0,7.0,1.0,20.0,9.0,6.0,6.0,,0.84,25.0,80.0,BULL,BULL,BULL,False,,0.8,0.12,1.0
2017-01-03,7.0,5.0,5.0,4.0,4.0,1.0,25.0,4.0,6.0,0.0,0.0,1.0,10.0,10.0,8.0,7.0,1.0,25.0,9.0,6.0,6.0,,0.84,25.0,85.0,BULL,BULL,BULL,False,,0.8,0.12,1.0
2017-01-04,7.0,5.0,5.0,4.0,4.0,1.0,25.0,4.0,6.0,0.0,0.0,1.0,10.0,10.0,8.0,7.0,1.0,25.0,9.0,6.0,6.0,,0.84,25.0,85.0,BULL,BULL,BULL,False,,0.8,0.12,1.0
2017-01-05,7.0,5.0,5.0,4.0,4.0,1.0,25.0,4.0,6.0,0.0,0.0,1.0,10.0,10.0,8.0,7.0,1.0,25.0,9.0,0.0,6.0,,0.84,17.857142857142858,77.85714285714286,BULL,BULL,BULL,False,,0.8,0.12,1.0
2017-01-06,7.0,5.0,5.0,4.0,4.0,1.0,25.0,4.0,6.0,0.0,0.0,1.0,10.0,10.0,8.0,7.0,1.0,25.0,9.0,0.0,6.0,,0.84,17.857142857142858,77.85714285714286,BULL,BULL,BULL,False,,0.8,0.12,1.0
2017-01-09,7.0,5.0,5.0,4.0,4.0,1.0,25.0,4.0,6.0,0.0,0.0,1.0,10.0,10.0,8.0,7.0,1.0,25.0,9.0,0.0,6.0,,0.84,17.857142857142858,77.85714285714286,BULL,BULL,BULL,False,,0.8,0.12,1.0
2017-01-10,7.0,5.0,5.0,4.0,4.0,1.0,25.0,4.0,6.0,0.0,0.0,1.0,10.0,10.0,8.0,7.0,1.0,25.0,9.0,0.0,6.0,,0.84,17.857142857142858,77.85714285714286,BULL,BULL,BULL,False,,0.8,0.12,1.0
2017-01-11,7.0,5.0,5.0,4.0,4.0,1.0,25.0,4.0,6.0,0.0,0.0,1.0,10.0,10.0,8.0,7.0,1.0,25.0,9.0,6.0,6.0,,0.84,25.0,85.0,BULL,BULL,BULL,False,,0.8,0.12,1.0
2017-01-12,7.0,5.0,5.0,4.0,4.0,1.0,25.0,4.0,6.0,0.0,0.0,1.0,10.0,10.0,8.0,7.0,1.0,25.0,9.0,6.0,6.0,,0.84,25.0,85.0,BULL,BULL,BULL,False,,0.8,0.12,1.0
2017-01-13,7.0,5.0,5.0,4.0,4.0,1.0,25.0,4.0,6.0,0.0,0.0,1.0,10.0,10.0,8.0,7.0,1.0,25.0,9.0,6.0,6.0,,0.84,25.0,85.0,BULL,BULL,BULL,False,,0.8,0.12,1.0
2017-01-17,7.0,5.0,5.0,4.0,4.0,1.0,25.0,4.0,6.0,0.0,0.0,1.0,10.0,10.0,8.0,7.0,1.0,25.0,9.0,0.0,6.0,,0.84,17.857142857142858,77.85714285714286,BULL,BULL,BULL,False,,0.8,0.12,1.0
2017-01-18,7.0,5.0,5.0,4.0,4.0,1.0,25.0,4.0,6.0,0.0,0.0,1.0,10.0,10.0,8.0,7.0,1.0,25.0,9.0,0.0,6.0,,0.84,17.857142857142858,77.85714285714286,BULL,BULL,BULL,False,,0.8,0.12,1.0
2017-01-19,7.0,5.0,5.0,4.0,4.0,1.0,25.0,4.0,6.0,0.0,0.0,1.0,10.0,10.0,8.0,7.0,1.0,25.0,9.0,0.0,6.0,,0.84,17.857142857142858,77.85714285714286,BULL,BULL,BULL,False,,0.8,0.12,1.0
2017-01-20,7.0,5.0,5.0,4.0,4.0,1.0,25.0,4.0,6.0,0.0,0.0,1.0,10.0,10.0,8.0,7.0,1.0,25.0,9.0,0.0,6.0,,0.84,17.857142857142858,77.85714285714286,BULL,BULL,BULL,False,,0.8,0.12,1.0
2017-01-23,7.0,5.0,5.0,4.0,4.0,1.0,25.0,4.0,6.0,0.0,0.0,1.0,10.0,10.0,8.0,7.0,1.0,25.0,9.0,0.0,6.0,,0.84,17.857142857142858,77.85714285714286,BULL,BULL,BULL,False,,0.8,0.12,1.0
2017-01-24,7.0,5.0,5.0,4.0,4.0,1.0,25.0,8.0,6.0,6.0,5.0,1.0,25.0,10.0,8.0,7.0,1.0,25.0,9.0,6.0,6.0,,0.84,25.0,100.0,STRONG_BULL,BULL,BULL,False,,0.8,0.12,1.0
2017-01-25,7.0,5.0,5.0,4.0,4.0,1.0,25.0,8.0,6.0,6.0,5.0,1.0,25.0,10.0,8.0,7.0,1.0,25.0,9.0,6.0,6.0,,0.84,25.0,100.0,STRONG_BULL,STRONG_BULL,STRONG_BULL,False,,1.0,0.15,1.15
2017-01-26,7.0,5.0,5.0,4.0,4.0,1.0,25.0,8.0,6.0,6.0,5.0,1.0,25.0,10.0,8.0,7.0,1.0,25.0,9.0,0.0,6.0,4.0,1.0,19.0,94.0,STRONG_BULL,STRONG_BULL,STRONG_BULL,False,,1.0,0.15,1.15
2017-01-27,7.0,5.0,5.0,4.0,4.0,1.0,25.0,8.0,6.0,6.0,5.0,1.0,25.0,10.0,8.0,7.0,1.0,25.0,9.0,0.0,6.0,4.0,1.0,19.0,94.0,STRONG_BULL,STRONG_BULL,STRONG_BULL,False,,1.0,0.15,1.15
2017-01-30,7.0,5.0,5.0,4.0,4.0,1.0,25.0,8.0,6.0,6.0,5.0,1.0,25.0,10.0,8.0,7.0,1.0,25.0,9.0,0.0,6.0,4.0,1.0,19.0,94.0,STRONG_BULL,STRONG_BULL,STRONG_BULL,False,,1.0,0.15,1.15
2017-01-31,7.0,5.0,5.0,4.0,4.0,1.0,25.0,8.0,6.0,6.0,5.0,1.0,25.0,10.0,8.0,7.0,1.0,25.0,9.0,0.0,6.0,4.0,1.0,19.0,94.0,STRONG_BULL,STRONG_BULL,STRONG_BULL,False,,1.0,0.15,1.15
2017-02-01,7.0,5.0,5.0,4.0,4.0,1.0,25.0,4.0,6.0,6.0,0.0,1.0,16.0,10.0,8.0,7.0,1.0,25.0,9.0,0.0,6.0,4.0,1.0,19.0,85.0,BULL,STRONG_BULL,STRONG_BULL,False,,1.0,0.15,1.15
2017-02-02,7.0,5.0,5.0,4.0,4.0,1.0,25.0,4.0,6.0,6.0,0.0,1.0,16.0,10.0,8.0,7.0,1.0,25.0,9.0,0.0,6.0,4.0,1.0,19.0,85.0,BULL,BULL,BULL,False,,0.8,0.12,1.0
2017-02-03,7.0,5.0,5.0,4.0,4.0,1.0,25.0,4.0,6.0,0.0,0.0,1.0,10.0,10.0,8.0,7.0,1.0,25.0,9.0,6.0,6.0,4.0,1.0,25.0,85.0,BULL,BULL,BULL,False,,0.8,0.12,1.0
2017-02-06,7.0,5.0,5.0,4.0,4.0,1.0,25.0,4.0,6.0,0.0,0.0,1.0,10.0,10.0,8.0,7.0,1.0,25.0,9.0,6.0,6.0,4.0,1.0,25.0,85.0,BULL,BULL,BULL,False,,0.8,0.12,1.0
2017-02-07,7.0,5.0,5.0,4.0,4.0,1.0,25.0,4.0,6.0,0.0,0.0,1.0,10.0,10.0,8.0,7.0,1.0,25.0,9.0,6.0,6.0,4.0,1.0,25.0,85.0,BULL,BULL,BULL,False,,0.8,0.12,1.0
2017-02-08,7.0,5.0,5.0,4.0,4.0,1.0,25.0,4.0,6.0,0.0,0.0,1.0,10.0,10.0,8.0,7.0,1.0,25.0,9.0,0.0,6.0,4.0,1.0,19.0,79.0,BULL,BULL,BULL,False,,0.8,0.12,1.0
2017-02-09,7.0,5.0,5.0,4.0,4.0,1.0,25.0,8.0,3.0,0.0,5.0,1.0,16.0,10.0,8.0,7.0,1.0,25.0,9.0,0.0,6.0,4.0,1.0,19.0,85.0,BULL,BULL,BULL,False,,0.8,0.12,1.0
2017-02-10,7.0,5.0,5.0,4.0,4.0,1.0,25.0,8.0,3.0,0.0,5.0,1.0,16.0,10.0,8.0,7.0,1.0,25.0,9.0,6.0,6.0,4.0,1.0,25.0,91.0,BULL,BULL,BULL,False,,0.8,0.12,1.0
2017-02-13,7.0,5.0,5.0,4.0,4.0,1.0,25.0,8.0,3.0,6.0,5.0,1.0,22.0,10.0,8.0,7.0,1.0,25.0,9.0,0.0,6.0,4.0,1.0,19.0,91.0,STRONG_BULL,BULL,BULL,False,,0.8,0.12,1.0
2017-02-14,7.0,5.0,5.0,4.0,4.0,1.0,25.0,4.0,3.0,0.0,0.0,1.0,7.000000000000001,10.0,8.0,7.0,1.0,25.0,9.0,6.0,6.0,4.0,1.0,25.0,82.0,BULL,BULL,BULL,False,,0.8,0.12,1.0
2017-02-15,7.0,5.0,5.0,4.0,4.0,1.0,25.0,4.0,3.0,0.0,0.0,1.0,7.000000000000001,10.0,8.0,7.0,1.0,25.0,9.0,6.0,6.0,4.0,1.0,25.0,82.0,BULL,BULL,BULL,False,,0.8,0.12,1.0
2017-02-16,7.0,5.0,5.0,4.0,4.0,1.0,25.0,4.0,3.0,0.0,0.0,1.0,7.000000000000001,10.0,8.0,7.0,1.0,25.0,9.0,6.0,6.0,4.0,1.0,25.0,82.0,BULL,BULL,BULL,False,,0.8,0.12,1.0
2017-02-17,7.0,5.0,5.0,4.0,4.0,1.0,25.0,4.0,3.0,0.0,0.0,1.0,7.000000000000001,10.0,8.0,7.0,1.0,25.0,9.0,6.0,6.0,4.0,1.0,25.0,82.0,BULL,BULL,BULL,False,,0.8,0.12,1.0
2017-02-21,7.0,5.0,5.0,4.0,4.0,1.0,25.0,4.0,3.0,0.0,0.0,1.0,7.000000000000001,10.0,8.0,7.0,1.0,25.0,9.0,6.0,6.0,4.0,1.0,25.0,82.0,BULL,BULL,BULL,False,,0.8,0.12,1.0
2017-02-22,7.0,5.0,5.0,4.0,4.0,1.0,25.0,4.0,3.0,0.0,0.0,1.0,7.000000000000001,10.0,8.0,7.0,1.0,25.0,9.0,0.0,6.0,4.0,1.0,19.0,76.0,BULL,BULL,BULL,False,,0.8,0.12,1.0
2017-02-23,7.0,5.0,5.0,4.0,4.0,1.0,25.0,4.0,3.0,0.0,0.0,1.0,7.000000000000001,10.0,8.0,7.0,1.0,25.0,9.0,0.0,6.0,4.0,1.0,19.0,76.0,BULL,BULL,BULL,False,,0.8,0.12,1.0
2017-02-24,7.0,5.0,5.0,4.0,4.0,1.0,25.0,4.0,3.0,0.0,0.0,1.0,7.000000000000001,10.0,8.0,7.0,1.0,25.0,9.0,0.0,6.0,4.0,1.0,19.0,76.0,BULL,BULL,BULL,False,,0.8,0.12,1.0
2017-02-27,7.0,5.0,5.0,4.0,4.0,1.0,25.0,4.0,3.0,0.0,0.0,1.0,7.000000000000001,10.0,8.0,7.0,1.0,25.0,9.0,6.0,6.0,4.0,1.0,25.0,82.0,BULL,BULL,BULL,False,,0.8,0.12,1.0
2017-02-28,7.0,5.0,5.0,4.0,4.0,1.0,25.0,4.0,3.0,0.0,0.0,1.0,7.000000000000001,10.0,8.0,7.0,1.0,25.0,9.0,0.0,6.0,4.0,1.0,19.0,76.0,BULL,BULL,BULL,False,,0.8,0.12,1.0
2017-03-01,7.0,5.0,5.0,4.0,4.0,1.0,25.0,4.0,3.0,0.0,0.0,1.0,7.000000000000001,10.0,8.0,7.0,1.0,25.0,9.0,0.0,6.0,0.0,1.0,15.0,72.0,BULL,BULL,BULL,False,,0.8,0.12,1.0
2017-03-02,7.0,5.0,5.0,4.0,0.0,1.0,21.0,4.0,3.0,0.0,0.0,1.0,7.000000000000001,10.0,8.0,7.0,1.0,25.0,9.0,0.0,6.0,0.0,1.0,15.0,68.0,BULL,BULL,BULL,False,,0.8,0.12,1.0
2017-03-03,7.0,5.0,5.0,4.0,0.0,1.0,21.0,4.0,3.0,0.0,0.0,1.0,7.000000000000001,10.0,8.0,7.0,1.0,25.0,9.0,0.0,6.0,0.0,1.0,15.0,68.0,BULL,BULL,BULL,False,,0.8,0.12,1.0
2017-03-06,7.0,5.0,5.0,4.0,4.0,1.0,25.0,4.0,3.0,0.0,0.0,1.0,7.000000000000001,10.0,8.0,7.0,1.0,25.0,9.0,0.0,6.0,0.0,1.0,15.0,72.0,BULL,BULL,BULL,False,,0.8,0.12,1.0
2017-03-07,7.0,5.0,5.0,4.0,4.0,1.0,25.0,4.0,3.0,0.0,0.0,1.0,7.000000000000001,10.0,8.0,7.0,1.0,25.0,9.0,0.0,6.0,0.0,1.0,15.0,72.0,BULL,BULL,BULL,False,,0.8,0.12,1.0
2017-03-08,7.0,5.0,5.0,4.0,4.0,1.0,25.0,4.0,3.0,0.0,0.0,1.0,7.000000000000001,10.0,8.0,7.0,1.0,25.0,9.0,0.0,6.0,0.0,1.0,15.0,72.0,BULL,BULL,BULL,False,,0.8,0.12,1.0
2017-03-09,7.0,5.0,5.0,4.0,4.0,1.0,25.0,4.0,3.0,0.0,0.0,1.0,7.000000000000001,10.0,8.0,7.0,1.0,25.0,9.0,0.0,6.0,0.0,1.0,15.0,72.0,BULL,BULL,BULL,False,,0.8,0.12,1.0
2017-03-10,7.0,5.0,5.0,4.0,4.0,1.0,25.0,4.0,3.0,0.0,0.0,1.0,7.000000000000001,10.0,8.0,7.0,1.0,25.0,9.0,0.0,6.0,0.0,1.0,15.0,72.0,BULL,BULL,BULL,False,,0.8,0.12,1.0
2017-03-13,7.0,5.0,5.0,4.0,4.0,1.0,25.0,4.0,3.0,0.0,0.0,1.0,7.000000000000001,10.0,8.0,7.0,1.0,25.0,9.0,0.0,6.0,0.0,1.0,15.0,72.0,BULL,BULL,BULL,False,,0.8,0.12,1.0
2017-03-14,7.0,5.0,5.0,4.0,4.0,1.0,25.0,4.0,3.0,0.0,0.0,1.0,7.000000000000001,10.0,8.0,7.0,1.0,25.0,0.0,0.0,6.0,0.0,1.0,6.0,63.0,NEUTRAL,BULL,BULL,False,,0.8,0.12,1.0
2017-03-15,7.0,5.0,5.0,4.0,4.0,1.0,25.0,4.0,3.0,0.0,0.0,1.0,7.000000000000001,10.0,8.0,7.0,1.0,25.0,9.0,0.0,6.0,4.0,1.0,19.0,76.0,BULL,BULL,BULL,False,,0.8,0.12,1.0
2017-03-16,7.0,5.0,5.0,4.0,4.0,1.0,25.0,4.0,3.0,0.0,0.0,1.0,7.000000000000001,10.0,8.0,7.0,1.0,25.0,9.0,0.0,6.0,4.0,1.0,19.0,76.0,BULL,BULL,BULL,False,,0.8,0.12,1.0
2017-03-17,7.0,5.0,5.0,4.0,4.0,1.0,25.0,4.0,3.0,0.0,0.0,1.0,7.000000000000001,10.0,8.0,7.0,1.0,25.0,9.0,0.0,6.0,4.0,1.0,19.0,76.0,BULL,BULL,BULL,False,,0.8,0.12,1.0
2017-03-20,7.0,5.0,5.0,4.0,4.0,1.0,25.0,4.0,3.0,0.0,0.0,1.0,7.000000000000001,10.0,8.0,7.0,1.0,25.0,0.0,0.0,6.0,4.0,1.0,10.0,67.0,BULL,BULL,BULL,False,,0.8,0.12,1.0
2017-03-21,7.0,5.0,5.0,4.0,4.0,1.0,25.0,4.0,3.0,0.0,0.0,1.0,7.000000000000001,10.0,4.0,7.0,1.0,21.0,0.0,0.0,6.0,4.0,1.0,10.0,63.0,NEUTRAL,BULL,BULL,False,,0.8,0.12,1.0
2017-03-22,7.0,5.0,5.0,4.0,4.0,1.0,25.0,4.0,3.0,0.0,0.0,1.0,7.000000000000001,5.0,4.0,7.0,1.0,16.0,0.0,0.0,6.0,4.0,1.0,10.0,58.0,NEUTRAL,NEUTRAL,NEUTRAL,False,,0.5,0.08,0.7
2017-03-23,7.0,5.0,5.0,4.0,4.0,1.0,25.0,4.0,3.0,0.0,0.0,1.0,7.000000000000001,5.0,0.0,7.0,1.0,12.0,0.0,0.0,6.0,4.0,1.0,10.0,54.0,NEUTRAL,NEUTRAL,NEUTRAL,False,,0.5,0.08,0.7
2017-03-24,7.0,5.0,5.0,4.0,4.0,1.0,25.0,4.0,3.0,0.0,0.0,1.0,7.000000000000001,5.0,8.0,7.0,1.0,20.0,0.0,0.0,6.0,4.0,1.0,10.0,62.0,NEUTRAL,NEUTRAL,NEUTRAL,False,,0.5,0.08,0.7
2017-03-27,7.0,5.0,5.0,4.0,4.0,1.0,25.0,4.0,3.0,0.0,0.0,1.0,7.000000000000001,10.0,8.0,7.0,1.0,25.0,0.0,0.0,6.0,4.0,1.0,10.0,67.0,BULL,NEUTRAL,NEUTRAL,False,,0.5,0.08,0.7
2017-03-28,7.0,5.0,5.0,4.0,4.0,1.0,25.0,4.0,3.0,0.0,0.0,1.0,7.000000000000001,10.0,8.0,7.0,1.0,25.0,0.0,0.0,6.0,4.0,1.0,10.0,67.0,BULL,BULL,BULL,False,,0.8,0.12,1.0
2017-03-29,7.0,5.0,5.0,4.0,4.0,1.0,25.0,8.0,3.0,0.0,5.0,1.0,16.0,10.0,8.0,7.0,1.0,25.0,0.0,0.0,6.0,4.0,1.0,10.0,76.0,BULL,BULL,BULL,False,,0.8,0.12,1.0
2017-03-30,7.0,5.0,5.0,4.0,4.0,1.0,25.0,4.0,3.0,0.0,0.0,1.0,7.000000000000001,10.0,8.0,7.0,1.0,25.0,9.0,6.0,6.0,4.0,1.0,25.0,82.0,BULL,BULL,BULL,False,,0.8,0.12,1.0
2017-03-31,7.0,5.0,5.0,4.0,4.0,1.0,25.0,8.0,3.0,0.0,5.0,1.0,16.0,10.0,8.0,7.0,1.0,25.0,9.0,6.0,6.0,4.0,1.0,25.0,91.0,BULL,BULL,BULL,False,,0.8,0.12,1.0
2017-04-03,7.0,5.0,5.0,4.0,4.0,1.0,25.0,8.0,3.0,0.0,5.0,1.0,16.0,10.0,8.0,7.0,1.0,25.0,0.0,6.0,6.0,4.0,1.0,16.0,82.0,BULL,BULL,BULL,False,,0.8,0.12,1.0
2017-04-04,7.0,5.0,5.0,4.0,4.0,1.0,25.0,8.0,3.0,6.0,5.0,1.0,22.0,10.0,8.0,7.0,1.0,25.0,0.0,6.0,6.0,4.0,1.0,16.0,88.0,STRONG_BULL,BULL,BULL,False,,0.8,0.12,1.0
2017-04-05,7.0,5.0,5.0,4.0,4.0,1.0,25.0,8.0,3.0,6.0,5.0,1.0,22.0,5.0,8.0,7.0,1.0,20.0,0.0,6.0,6.0,4.0,1.0,16.0,83.0,STRONG_BULL,STRONG_BULL,STRONG_BULL,False,,1.0,0.15,1.15
2017-04-06,7.0,5.0,5.0,4.0,4.0,1.0,25.0,8.0,3.0,6.0,5.0,1.0,22.0,10.0,8.0,7.0,1.0,25.0,0.0,6.0,6.0,4.0,1.0,16.0,88.0,STRONG_BULL,STRONG_BULL,STRONG_BULL,False,,1.0,0.15,1.15
2017-04-07,7.0,5.0,5.0,4.0,4.0,1.0,25.0,8.0,3.0,6.0,5.0,1.0,22.0,5.0,8.0,7.0,1.0,20.0,0.0,6.0,6.0,0.0,1.0,12.0,79.0,BULL,STRONG_BULL,STRONG_BULL,False,,1.0,0.15,1.15
2017-04-10,7.0,5.0,5.0,4.0,4.0,1.0,25.0,8.0,3.0,6.0,5.0,1.0,22.0,5.0,8.0,7.0,1.0,20.0,0.0,6.0,6.0,0.0,1.0,12.0,79.0,BULL,BULL,BULL,False,,0.8,0.12,1.0
2017-04-11,7.0,5.0,5.0,4.0,4.0,1.0,25.0,8.0,3.0,6.0,5.0,1.0,22.0,2.0,8.0,7.0,1.0,17.0,0.0,6.0,6.0,0.0,1.0,12.0,76.0,BULL,BULL,BULL,False,,0.8,0.12,1.0
2017-04-12,7.0,5.0,5.0,4.0,4.0,1.0,25.0,8.0,3.0,6.0,5.0,1.0,22.0,2.0,8.0,7.0,1.0,17.0,0.0,6.0,6.0,0.0,1.0,12.0,76.0,BULL,BULL,BULL,False,,0.8,0.12,1.0
2017-04-13,7.0,0.0,5.0,4.0,4.0,1.0,20.0,8.0,3.0,6.0,5.0,1.0,22.0,2.0,8.0,7.0,1.0,17.0,0.0,6.0,6.0,4.0,1.0,16.0,75.0,BULL,BULL,BULL,False,,0.8,0.12,1.0
2017-04-17,7.0,5.0,5.0,4.0,4.0,1.0,25.0,8.0,3.0,6.0,5.0,1.0,22.0,2.0,8.0,7.0,1.0,17.0,0.0,6.0,6.0,4.0,1.0,16.0,80.0,STRONG_BULL,BULL,BULL,False,,0.8,0.12,1.0
2017-04-18,7.0,5.0,5.0,4.0,4.0,1.0,25.0,8.0,3.0,6.0,5.0,1.0,22.0,2.0,4.0,7.0,1.0,13.0,0.0,6.0,6.0,4.0,1.0,16.0,76.0,BULL,BULL,BULL,False,,0.8,0.12,1.0
2017-04-19,7.0,5.0,5.0,4.0,4.0,1.0,25.0,8.0,3.0,6.0,5.0,1.0,22.0,2.0,0.0,7.0,1.0,9.0,0.0,6.0,6.0,4.0,1.0,16.0,72.0,BULL,BULL,BULL,False,,0.8,0.12,1.0
2017-04-20,7.0,5.0,5.0,4.0,4.0,1.0,25.0,8.0,3.0,6.0,5.0,1.0,22.0,5.0,0.0,7.0,1.0,12.0,0.0,6.0,6.0,4.0,1.0,16.0,75.0,BULL,BULL,BULL,False,,0.8,0.12,1.0
2017-04-21,7.0,5.0,5.0,4.0,4.0,1.0,25.0,8.0,3.0,6.0,5.0,1.0,22.0,2.0,0.0,7.0,1.0,9.0,0.0,6.0,6.0,4.0,1.0,16.0,72.0,BULL,BULL,CRISIS,True,TERM_BACKWARDATION,0.0,0.0,0.0
2017-04-24,7.0,5.0,5.0,4.0,4.0,1.0,25.0,8.0,3.0,6.0,5.0,1.0,22.0,10.0,8.0,7.0,1.0,25.0,0.0,6.0,6.0,4.0,1.0,16.0,88.0,STRONG_BULL,BULL,BULL,False,,0.8,0.12,1.0
2017-04-25,7.0,5.0,5.0,4.0,4.0,1.0,25.0,8.0,3.0,6.0,5.0,1.0,22.0,10.0,8.0,7.0,1.0,25.0,9.0,6.0,6.0,4.0,1.0,25.0,97.0,STRONG_BULL,STRONG_BULL,STRONG_BULL,False,,1.0,0.15,1.15
2017-04-26,7.0,5.0,5.0,4.0,4.0,1.0,25.0,8.0,3.0,6.0,5.0,1.0,22.0,10.0,8.0,7.0,1.0,25.0,9.0,6.0,6.0,4.0,1.0,25.0,97.0,STRONG_BULL,STRONG_BULL,STRONG_BULL,False,,1.0,0.15,1.15
2017-04-27,7.0,5.0,5.0,4.0,4.0,1.0,25.0,4.0,3.0,6.0,0.0,1.0,13.0,10.0,8.0,7.0,1.0,25.0,9.0,6.0,6.0,4.0,1.0,25.0,88.0,BULL,STRONG_BULL,STRONG_BULL,False,,1.0,0.15,1.15
2017-04-28,7.0,5.0,5.0,4.0,4.0,1.0,25.0,4.0,3.0,6.0,0.0,1.0,13.0,10.0,8.0,7.0,1.0,25.0,0.0,6.0,6.0,4.0,1.0,16.0,79.0,BULL,BULL,BULL,False,,0.8,0.12,1.0
2017-05-01,7.0,5.0,5.0,4.0,4.0,1.0,25.0,4.0,3.0,0.0,0.0,1.0,7.000000000000001,10.0,8.0,7.0,1.0,25.0,9.0,6.0,6.0,4.0,1.0,25.0,82.0,BULL,BULL,BULL,False,,0.8,0.12,1.0
2017-05-02,7.0,5.0,5.0,4.0,4.0,1.0,25.0,4.0,3.0,0.0,0.0,1.0,7.000000000000001,10.0,8.0,7.0,1.0,25.0,9.0,6.0,6.0,4.0,1.0,25.0,82.0,BULL,BULL,BULL,False,,0.8,0.12,1.0
2017-05-03,7.0,5.0,5.0,4.0,4.0,1.0,25.0,4.0,3.0,0.0,0.0,1.0,7.000000000000001,10.0,8.0,7.0,1.0,25.0,9.0,6.0,6.0,4.0,1.0,25.0,82.0,BULL,BULL,BULL,False,,0.8,0.12,1.0
2017-05-04,7.0,5.0,5.0,4.0,4.0,1.0,25.0,4.0,3.0,0.0,0.0,1.0,7.000000000000001,10.0,8.0,7.0,1.0,25.0,9.0,6.0,6.0,4.0,1.0,25.0,82.0,BULL,BULL,BULL,False,,0.8,0.12,1.0
2017-05-05,7.0,5.0,5.0,4.0,4.0,1.0,25.0,4.0,3.0,0.0,0.0,1.0,7.000000000000001,10.0,8.0,7.0,1.0,25.0,9.0,6.0,6.0,4.0,1.0,25.0,82.0,BULL,BULL,BULL,False,,0.8,0.12,1.0
2017-05-08,7.0,5.0,5.0,4.0,4.0,1.0,25.0,4.0,3.0,0.0,0.0,1.0,7.000000000000001,10.0,8.0,7.0,1.0,25.0,9.0,6.0,6.0,4.0,1.0,25.0,82.0,BULL,BULL,BULL,False,,0.8,0.12,1.0
2017-05-09,7.0,5.0,5.0,4.0,4.0,1.0,25.0,4.0,3.0,0.0,0.0,1.0,7.000000000000001,10.0,8.0,7.0,1.0,25.0,9.0,6.0,6.0,4.0,1.0,25.0,82.0,BULL,BULL,BULL,False,,0.8,0.12,1.0
2017-05-10,7.0,5.0,5.0,4.0,4.0,1.0,25.0,4.0,3.0,0.0,0.0,1.0,7.000000000000001,10.0,8.0,7.0,1.0,25.0,9.0,6.0,6.0,4.0,1.0,25.0,82.0,BULL,BULL,BULL,False,,0.8,0.12,1.0
2017-05-11,7.0,5.0,5.0,4.0,4.0,1.0,25.0,4.0,3.0,0.0,0.0,1.0,7.000000000000001,10.0,8.0,7.0,1.0,25.0,9.0,6.0,6.0,4.0,1.0,25.0,82.0,BULL,BULL,BULL,False,,0.8,0.12,1.0
2017-05-12,7.0,5.0,5.0,4.0,4.0,1.0,25.0,4.0,3.0,0.0,0.0,1.0,7.000000000000001,10.0,8.0,7.0,1.0,25.0,9.0,6.0,6.0,4.0,1.0,25.0,82.0,BULL,BULL,BULL,False,,0.8,0.12,1.0
2017-05-15,7.0,5.0,5.0,4.0,4.0,1.0,25.0,4.0,3.0,0.0,0.0,1.0,7.000000000000001,10.0,8.0,7.0,1.0,25.0,9.0,6.0,6.0,4.0,1.0,25.0,82.0,BULL,BULL,BULL,False,,0.8,0.12,1.0
2017-05-16,7.0,5.0,5.0,4.0,4.0,1.0,25.0,4.0,3.0,0.0,0.0,1.0,7.000000000000001,10.0,8.0,7.0,1.0,25.0,9.0,6.0,6.0,4.0,1.0,25.0,82.0,BULL,BULL,BULL,False,,0.8,0.12,1.0
2017-05-17,7.0,0.0,5.0,4.0,4.0,1.0,20.0,4.0,3.0,0.0,0.0,1.0,7.000000000000001,2.0,0.0,7.0,1.0,9.0,0.0,0.0,6.0,4.0,1.0,10.0,46.0,NEUTRAL,BULL,CRISIS,True,TERM_BACKWARDATION|VIX_SPIKE,0.0,0.0,0.0
2017-05-18,7.0,5.0,5.0,4.0,4.0,1.0,25.0,4.0,3.0,0.0,0.0,1.0,7.000000000000001,2.0,0.0,7.0,1.0,9.0,0.0,0.0,6.0,4.0,1.0,10.0,51.0,NEUTRAL,NEUTRAL,CRISIS,True,TERM_BACKWARDATION,0.0,0.0,0.0
2017-05-19,7.0,5.0,5.0,4.0,4.0,1.0,25.0,4.0,3.0,0.0,0.0,1.0,7.000000000000001,10.0,8.0,7.0,1.0,25.0,9.0,0.0,6.0,4.0,1.0,19.0,76.0,BULL,NEUTRAL,NEUTRAL,False,,0.5,0.08,0.7
2017-05-22,7.0,5.0,5.0,4.0,4.0,1.0,25.0,4.0,3.0,0.0,0.0,1.0,7.000000000000001,10.0,8.0,7.0,1.0,25.0,9.0,0.0,6.0,4.0,1.0,19.0,76.0,BULL,BULL,BULL,False,,0.8,0.12,1.0
2017-05-23,7.0,5.0,5.0,4.0,4.0,1.0,25.0,4.0,3.0,0.0,0.0,1.0,7.000000000000001,10.0,8.0,7.0,1.0,25.0,9.0,0.0,6.0,4.0,1.0,19.0,76.0,BULL,BULL,BULL,False,,0.8,0.12,1.0
2017-05-24,7.0,5.0,5.0,4.0,4.0,1.0,25.0,4.0,3.0,0.0,0.0,1.0,7.000000000000001,10.0,8.0,7.0,1.0,25.0,9.0,0.0,6.0,4.0,1.0,19.0,76.0,BULL,BULL,BULL,False,,0.8,0.12,1.0
2017-05-25,7.0,5.0,5.0,4.0,4.0,1.0,25.0,4.0,3.0,0.0,0.0,1.0,7.000000000000001,10.0,8.0,7.0,1.0,25.0,9.0,0.0,6.0,4.0,1.0,19.0,76.0,BULL,BULL,BULL,False,,0.8,0.12,1.0
2017-05-26,7.0,5.0,5.0,4.0,4.0,1.0,25.0,4.0,3.0,0.0,0.0,1.0,7.000000000000001,10.0,8.0,7.0,1.0,25.0,9.0,0.0,6.0,4.0,1.0,19.0,76.0,BULL,BULL,BULL,False,,0.8,0.12,1.0
2017-05-30,7.0,5.0,5.0,4.0,4.0,1.0,25.0,4.0,3.0,0.0,0.0,1.0,7.000000000000001,10.0,8.0,7.0,1.0,25.0,9.0,0.0,6.0,4.0,1.0,19.0,76.0,BULL,BULL,BULL,False,,0.8,0.12,1.0
2017-05-31,7.0,5.0,5.0,4.0,4.0,1.0,25.0,4.0,3.0,0.0,0.0,1.0,7.000000000000001,10.0,8.0,7.0,1.0,25.0,9.0,0.0,6.0,4.0,1.0,19.0,76.0,BULL,BULL,BULL,False,,0.8,0.12,1.0
2017-06-01,7.0,5.0,5.0,4.0,4.0,1.0,25.0,4.0,3.0,0.0,0.0,1.0,7.000000000000001,10.0,8.0,7.0,1.0,25.0,9.0,0.0,6.0,4.0,1.0,19.0,76.0,BULL,BULL,BULL,False,,0.8,0.12,1.0
2017-06-02,7.0,5.0,5.0,4.0,4.0,1.0,25.0,4.0,3.0,0.0,0.0,1.0,7.000000000000001,10.0,8.0,7.0,1.0,25.0,9.0,6.0,6.0,4.0,1.0,25.0,82.0,BULL,BULL,BULL,False,,0.8,0.12,1.0
2017-06-05,7.0,5.0,5.0,4.0,4.0,1.0,25.0,4.0,3.0,0.0,0.0,1.0,7.000000000000001,10.0,8.0,7.0,1.0,25.0,9.0,0.0,6.0,4.0,1.0,19.0,76.0,BULL,BULL,BULL,False,,0.8,0.12,1.0
2017-06-06,7.0,5.0,5.0,4.0,4.0,1.0,25.0,4.0,3.0,0.0,0.0,1.0,7.000000000000001,10.0,8.0,7.0,1.0,25.0,0.0,0.0,6.0,4.0,1.0,10.0,67.0,BULL,BULL,BULL,False,,0.8,0.12,1.0
2017-06-07,7.0,5.0,5.0,4.0,4.0,1.0,25.0,4.0,3.0,0.0,0.0,1.0,7.000000000000001,10.0,8.0,7.0,1.0,25.0,0.0,0.0,6.0,4.0,1.0,10.0,67.0,BULL,BULL,BULL,False,,0.8,0.12,1.0
2017-06-08,7.0,5.0,5.0,4.0,4.0,1.0,25.0,4.0,3.0,0.0,0.0,1.0,7.000000000000001,10.0,8.0,7.0,1.0,25.0,0.0,6.0,6.0,4.0,1.0,16.0,73.0,BULL,BULL,BULL,False,,0.8,0.12,1.0
2017-06-09,7.0,5.0,5.0,4.0,0.0,1.0,21.0,4.0,3.0,0.0,0.0,1.0,7.000000000000001,10.0,8.0,7.0,1.0,25.0,9.0,6.0,6.0,4.0,1.0,25.0,78.0,BULL,BULL,BULL,False,,0.8,0.12,1.0
2017-06-12,7.0,5.0,5.0,4.0,0.0,1.0,21.0,8.0,3.0,0.0,5.0,1.0,16.0,10.0,8.0,7.0,1.0,25.0,9.0,6.0,6.0,4.0,1.0,25.0,87.0,BULL,BULL,BULL,False,,0.8,0.12,1.0
2017-06-13,7.0,5.0,5.0,4.0,0.0,1.0,21.0,8.0,3.0,0.0,5.0,1.0,16.0,10.0,8.0,7.0,1.0,25.0,9.0,6.0,6.0,4.0,1.0,25.0,87.0,BULL,BULL,BULL,False,,0.8,0.12,1.0
2017-06-14,7.0,5.0,5.0,4.0,0.0,1.0,21.0,8.0,3.0,0.0,5.0,1.0,16.0,10.0,8.0,7.0,1.0,25.0,0.0,6.0,6.0,4.0,1.0,16.0,78.0,BULL,BULL,BULL,False,,0.8,0.12,1.0
2017-06-15,7.0,5.0,5.0,4.0,0.0,1.0,21.0,8.0,3.0,6.0,5.0,1.0,22.0,10.0,8.0,7.0,1.0,25.0,0.0,6.0,6.0,4.0,1.0,16.0,84.0,STRONG_BULL,BULL,BULL,False,,0.8,0.12,1.0
2017-06-16,7.0,5.0,5.0,4.0,0.0,1.0,21.0,8.0,3.0,6.0,5.0,1.0,22.0,10.0,8.0,7.0,1.0,25.0,0.0,6.0,6.0,4.0,1.0,16.0,84.0,STRONG_BULL,STRONG_BULL,STRONG_BULL,False,,1.0,0.15,1.15
2017-06-19,7.0,5.0,5.0,4.0,0.0,1.0,21.0,4.0,3.0,6.0,0.0,1.0,13.0,10.0,8.0,7.0,1.0,25.0,9.0,6.0,6.0,4.0,1.0,25.0,84.0,BULL,STRONG_BULL,STRONG_BULL,False,,1.0,0.15,1.15
2017-06-20,7.0,5.0,5.0,4.0,0.0,1.0,21.0,4.0,3.0,6.0,0.0,1.0,13.0,10.0,8.0,7.0,1.0,25.0,0.0,6.0,6.0,4.0,1.0,16.0,75.0,BULL,BULL,BULL,False,,0.8,0.12,1.0
2017-06-21,7.0,5.0,5.0,4.0,0.0,1.0,21.0,4.0,3.0,0.0,0.0,1.0,7.000000000000001,10.0,8.0,7.0,1.0,25.0,0.0,6.0,6.0,4.0,1.0,16.0,69.0,BULL,BULL,BULL,False,,0.8,0.12,1.0
2017-06-22,7.0,5.0,5.0,4.0,0.0,1.0,21.0,4.0,3.0,0.0,0.0,1.0,7.000000000000001,10.0,8.0,7.0,1.0,25.0,0.0,6.0,6.0,4.0,1.0,16.0,69.0,BULL,BULL,BULL,False,,0.8,0.12,1.0
2017-06-23,7.0,5.0,5.0,4.0,0.0,1.0,21.0,4.0,3.0,0.0,0.0,1.0,7.000000000000001,10.0,8.0,7.0,1.0,25.0,0.0,6.0,6.0,4.0,1.0,16.0,69.0,BULL,BULL,BULL,False,,0.8,0.12,1.0
2017-06-26,7.0,5.0,5.0,4.0,0.0,1.0,21.0,8.0,3.0,0.0,5.0,1.0,16.0,10.0,8.0,7.0,1.0,25.0,0.0,6.0,6.0,4.0,1.0,16.0,78.0,BULL,BULL,BULL,False,,0.8,0.12,1.0
2017-06-27,7.0,5.0,5.0,4.0,0.0,1.0,21.0,8.0,3.0,6.0,5.0,1.0,22.0,10.0,8.0,7.0,1.0,25.0,0.0,6.0,6.0,4.0,1.0,16.0,84.0,STRONG_BULL,BULL,BULL,False,,0.8,0.12,1.0
2017-06-28,7.0,5.0,5.0,4.0,0.0,1.0,21.0,8.0,3.0,6.0,5.0,1.0,22.0,10.0,8.0,7.0,1.0,25.0,9.0,6.0,6.0,4.0,1.0,25.0,93.0,STRONG_BULL,STRONG_BULL,STRONG_BULL,False,,1.0,0.15,1.15
2017-06-29,7.0,5.0,5.0,4.0,0.0,1.0,21.0,8.0,3.0,6.0,5.0,1.0,22.0,10.0,8.0,7.0,1.0,25.0,9.0,6.0,6.0,4.0,1.0,25.0,93.0,STRONG_BULL,STRONG_BULL,STRONG_BULL,False,,1.0,0.15,1.15
2017-06-30,7.0,5.0,5.0,4.0,0.0,1.0,21.0,8.0,3.0,6.0,5.0,1.0,22.0,10.0,8.0,7.0,1.0,25.0,9.0,6.0,6.0,4.0,1.0,25.0,93.0,STRONG_BULL,STRONG_BULL,STRONG_BULL,False,,1.0,0.15,1.15
2017-07-03,7.0,5.0,5.0,4.0,0.0,1.0,21.0,8.0,3.0,6.0,5.0,1.0,22.0,10.0,8.0,7.0,1.0,25.0,9.0,6.0,6.0,4.0,1.0,25.0,93.0,STRONG_BULL,STRONG_BULL,STRONG_BULL,False,,1.0,0.15,1.15
2017-07-05,7.0,5.0,5.0,4.0,0.0,1.0,21.0,8.0,3.0,6.0,5.0,1.0,22.0,10.0,8.0,7.0,1.0,25.0,9.0,6.0,6.0,4.0,1.0,25.0,93.0,STRONG_BULL,STRONG_BULL,STRONG_BULL,False,,1.0,0.15,1.15
2017-07-06,7.0,5.0,5.0,4.0,0.0,1.0,21.0,8.0,3.0,6.0,5.0,1.0,22.0,5.0,8.0,7.0,1.0,20.0,9.0,6.0,6.0,4.0,1.0,25.0,88.0,STRONG_BULL,STRONG_BULL,STRONG_BULL,False,,1.0,0.15,1.15
2017-07-07,7.0,5.0,5.0,4.0,0.0,1.0,21.0,8.0,3.0,6.0,5.0,1.0,22.0,10.0,8.0,7.0,1.0,25.0,9.0,6.0,6.0,4.0,1.0,25.0,93.0,STRONG_BULL,STRONG_BULL,STRONG_BULL,False,,1.0,0.15,1.15
2017-07-10,7.0,5.0,5.0,4.0,0.0,1.0,21.0,4.0,3.0,6.0,0.0,1.0,13.0,10.0,8.0,7.0,1.0,25.0,9.0,6.0,6.0,4.0,1.0,25.0,84.0,BULL,STRONG_BULL,STRONG_BULL,False,,1.0,0.15,1.15
2017-07-11,7.0,5.0,5.0,4.0,4.0,1.0,25.0,4.0,3.0,6.0,0.0,1.0,13.0,10.0,8.0,7.0,1.0,25.0,9.0,6.0,6.0,4.0,1.0,25.0,88.0,BULL,BULL,BULL,False,,0.8,0.12,1.0
2017-07-12,7.0,5.0,5.0,4.0,4.0,1.0,25.0,4.0,3.0,6.0,0.0,1.0,13.0,10.0,8.0,7.0,1.0,25.0,9.0,6.0,6.0,4.0,1.0,25.0,88.0,BULL,BULL,BULL,False,,0.8,0.12,1.0
2017-07-13,7.0,5.0,5.0,4.0,4.0,1.0,25.0,4.0,3.0,0.0,0.0,1.0,7.000000000000001,10.0,8.0,7.0,1.0,25.0,9.0,6.0,6.0,4.0,1.0,25.0,82.0,BULL,BULL,BULL,False,,0.8,0.12,1.0
2017-07-14,7.0,5.0,5.0,4.0,4.0,1.0,25.0,4.0,3.0,0.0,0.0,1.0,7.000000000000001,10.0,8.0,7.0,1.0,25.0,9.0,6.0,6.0,4.0,1.0,25.0,82.0,BULL,BULL,BULL,False,,0.8,0.12,1.0
2017-07-17,7.0,5.0,5.0,4.0,4.0,1.0,25.0,4.0,3.0,0.0,0.0,1.0,7.000000000000001,10.0,8.0,7.0,1.0,25.0,9.0,6.0,6.0,4.0,1.0,25.0,82.0,BULL,BULL,BULL,False,,0.8,0.12,1.0
2017-07-18,7.0,5.0,5.0,4.0,4.0,1.0,25.0,4.0,3.0,0.0,0.0,1.0,7.000000000000001,10.0,8.0,7.0,1.0,25.0,9.0,6.0,6.0,4.0,1.0,25.0,82.0,BULL,BULL,BULL,False,,0.8,0.12,1.0
2017-07-19,7.0,5.0,5.0,4.0,4.0,1.0,25.0,8.0,3.0,0.0,5.0,1.0,16.0,10.0,8.0,7.0,1.0,25.0,9.0,6.0,6.0,4.0,1.0,25.0,91.0,BULL,BULL,BULL,False,,0.8,0.12,1.0
2017-07-20,7.0,5.0,5.0,4.0,4.0,1.0,25.0,8.0,3.0,0.0,5.0,1.0,16.0,10.0,8.0,7.0,1.0,25.0,9.0,6.0,6.0,4.0,1.0,25.0,91.0,BULL,BULL,BULL,False,,0.8,0.12,1.0
2017-07-21,7.0,5.0,5.0,4.0,4.0,1.0,25.0,8.0,3.0,6.0,5.0,1.0,22.0,10.0,8.0,7.0,1.0,25.0,9.0,6.0,6.0,4.0,1.0,25.0,97.0,STRONG_BULL,BULL,BULL,False,,0.8,0.12,1.0
2017-07-24,7.0,5.0,5.0,4.0,4.0,1.0,25.0,8.0,3.0,6.0,5.0,1.0,22.0,10.0,8.0,7.0,1.0,25.0,9.0,6.0,6.0,4.0,1.0,25.0,97.0,STRONG_BULL,STRONG_BULL,STRONG_BULL,False,,1.0,0.15,1.15
2017-07-25,7.0,5.0,5.0,4.0,4.0,1.0,25.0,8.0,3.0,6.0,5.0,1.0,22.0,10.0,8.0,7.0,1.0,25.0,9.0,6.0,6.0,4.0,1.0,25.0,97.0,STRONG_BULL,STRONG_BULL,STRONG_BULL,False,,1.0,0.15,1.15
2017-07-26,7.0,5.0,5.0,4.0,4.0,1.0,25.0,4.0,3.0,6.0,0.0,1.0,13.0,10.0,8.0,7.0,1.0,25.0,9.0,6.0,6.0,4.0,1.0,25.0,88.0,BULL,STRONG_BULL,STRONG_BULL,False,,1.0,0.15,1.15
2017-07-27,7.0,5.0,5.0,4.0,4.0,1.0,25.0,4.0,3.0,6.0,0.0,1.0,13.0,10.0,8.0,7.0,1.0,25.0,9.0,6.0,6.0,4.0,1.0,25.0,88.0,BULL,BULL,BULL,False,,0.8,0.12,1.0
2017-07-28,7.0,5.0,5.0,4.0,4.0,1.0,25.0,4.0,3.0,0.0,0.0,1.0,7.000000000000001,10.0,8.0,7.0,1.0,25.0,9.0,0.0,6.0,4.0,1.0,19.0,76.0,BULL,BULL,BULL,False,,0.8,0.12,1.0
2017-07-31,7.0,5.0,5.0,4.0,4.0,1.0,25.0,4.0,3.0,0.0,0.0,1.0,7.000000000000001,10.0,8.0,7.0,1.0,25.0,9.0,0.0,6.0,4.0,1.0,19.0,76.0,BULL,BULL,BULL,False,,0.8,0.12,1.0
2017-08-01,7.0,5.0,5.0,4.0,4.0,1.0,25.0,4.0,3.0,0.0,0.0,1.0,7.000000000000001,10.0,8.0,7.0,1.0,25.0,9.0,0.0,6.0,4.0,1.0,19.0,76.0,BULL,BULL,BULL,False,,0.8,0.12,1.0
2017-08-02,7.0,5.0,5.0,4.0,4.0,1.0,25.0,4.0,3.0,0.0,0.0,1.0,7.000000000000001,10.0,8.0,7.0,1.0,25.0,9.0,0.0,6.0,4.0,1.0,19.0,76.0,BULL,BULL,BULL,False,,0.8,0.12,1.0
2017-08-03,7.0,5.0,5.0,4.0,4.0,1.0,25.0,4.0,3.0,0.0,0.0,1.0,7.000000000000001,10.0,8.0,7.0,1.0,25.0,9.0,0.0,6.0,4.0,1.0,19.0,76.0,BULL,BULL,BULL,False,,0.8,0.12,1.0
2017-08-04,7.0,5.0,5.0,4.0,4.0,1.0,25.0,4.0,3.0,0.0,0.0,1.0,7.000000000000001,10.0,8.0,7.0,1.0,25.0,9.0,0.0,6.0,4.0,1.0,19.0,76.0,BULL,BULL,BULL,False,,0.8,0.12,1.0
2017-08-07,7.0,5.0,5.0,4.0,4.0,1.0,25.0,4.0,3.0,0.0,0.0,1.0,7.000000000000001,10.0,8.0,7.0,1.0,25.0,9.0,0.0,6.0,4.0,1.0,19.0,76.0,BULL,BULL,BULL,False,,0.8,0.12,1.0
2017-08-08,7.0,5.0,5.0,4.0,4.0,1.0,25.0,4.0,3.0,0.0,0.0,1.0,7.000000000000001,10.0,8.0,7.0,1.0,25.0,9.0,0.0,6.0,4.0,1.0,19.0,76.0,BULL,BULL,BULL,False,,0.8,0.12,1.0
2017-08-09,7.0,5.0,5.0,4.0,4.0,1.0,25.0,4.0,3.0,0.0,0.0,1.0,7.000000000000001,10.0,8.0,7.0,1.0,25.0,0.0,0.0,6.0,4.0,1.0,10.0,67.0,BULL,BULL,BULL,False,,0.8,0.12,1.0
2017-08-10,7.0,0.0,5.0,4.0,4.0,1.0,20.0,4.0,3.0,0.0,0.0,1.0,7.000000000000001,0.0,0.0,7.0,1.0,7.000000000000001,0.0,0.0,6.0,4.0,1.0,10.0,44.0,CAUTION,BULL,BULL,True,VIX_SPIKE,0.8,0.12,1.0
2017-08-11,7.0,5.0,5.0,4.0,4.0,1.0,25.0,4.0,3.0,0.0,0.0,1.0,7.000000000000001,0.0,8.0,7.0,1.0,15.0,0.0,0.0,6.0,4.0,1.0,10.0,57.0,NEUTRAL,BULL,BULL,False,,0.8,0.12,1.0
2017-08-14,7.0,5.0,5.0,4.0,4.0,1.0,25.0,4.0,3.0,0.0,0.0,1.0,7.000000000000001,5.0,8.0,7.0,1.0,20.0,0.0,0.0,6.0,4.0,1.0,10.0,62.0,NEUTRAL,NEUTRAL,NEUTRAL,False,,0.5,0.08,0.7
2017-08-15,7.0,5.0,5.0,4.0,4.0,1.0,25.0,4.0,3.0,0.0,0.0,1.0,7.000000000000001,5.0,8.0,7.0,1.0,20.0,0.0,0.0,6.0,4.0,1.0,10.0,62.0,NEUTRAL,NEUTRAL,NEUTRAL,False,,0.5,0.08,0.7
2017-08-16,7.0,5.0,5.0,4.0,4.0,1.0,25.0,4.0,3.0,0.0,0.0,1.0,7.000000000000001,5.0,8.0,7.0,1.0,20.0,0.0,0.0,6.0,4.0,1.0,10.0,62.0,NEUTRAL,NEUTRAL,NEUTRAL,False,,0.5,0.08,0.7
2017-08-17,7.0,0.0,5.0,4.0,0.0,1.0,16.0,4.0,3.0,0.0,0.0,1.0,7.000000000000001,0.0,4.0,7.0,1.0,11.0,0.0,0.0,6.0,4.0,1.0,10.0,44.0,CAUTION,NEUTRAL,NEUTRAL,False,,0.5,0.08,0.7
2017-08-18,7.0,0.0,5.0,4.0,0.0,1.0,16.0,4.0,3.0,0.0,0.0,1.0,7.000000000000001,2.0,8.0,7.0,1.0,17.0,0.0,0.0,6.0,4.0,1.0,10.0,50.0,NEUTRAL,NEUTRAL,NEUTRAL,False,,0.5,0.08,0.7
2017-08-21,7.0,0.0,5.0,4.0,0.0,1.0,16.0,4.0,3.0,0.0,0.0,1.0,7.000000000000001,2.0,8.0,7.0,1.0,17.0,0.0,0.0,6.0,4.0,1.0,10.0,50.0,NEUTRAL,NEUTRAL,NEUTRAL,False,,0.5,0.08,0.7
2017-08-22,7.0,5.0,5.0,4.0,0.0,1.0,21.0,4.0,3.0,0.0,0.0,1.0,7.000000000000001,10.0,8.0,7.0,1.0,25.0,0.0,0.0,6.0,4.0,1.0,10.0,63.0,NEUTRAL,NEUTRAL,NEUTRAL,False,,0.5,0.08,0.7
2017-08-23,7.0,5.0,5.0,4.0,0.0,1.0,21.0,4.0,3.0,0.0,0.0,1.0,7.000000000000001,5.0,8.0,7.0,1.0,20.0,0.0,0.0,6.0,4.0,1.0,10.0,58.0,NEUTRAL,NEUTRAL,NEUTRAL,False,,0.5,0.08,0.7
2017-08-24,7.0,0.0,5.0,4.0,4.0,1.0,20.0,4.0,3.0,0.0,0.0,1.0,7.000000000000001,5.0,8.0,7.0,1.0,20.0,0.0,0.0,6.0,4.0,1.0,10.0,57.0,NEUTRAL,NEUTRAL,NEUTRAL,False,,0.5,0.08,0.7
2017-08-25,7.0,5.0,5.0,4.0,0.0,1.0,21.0,4.0,3.0,0.0,0.0,1.0,7.000000000000001,10.0,8.0,7.0,1.0,25.0,0.0,0.0,6.0,4.0,1.0,10.0,63.0,NEUTRAL,NEUTRAL,NEUTRAL,False,,0.5,0.08,0.7
2017-08-28,7.0,5.0,5.0,4.0,4.0,1.0,25.0,4.0,3.0,0.0,0.0,1.0,7.000000000000001,10.0,8.0,7.0,1.0,25.0,0.0,0.0,6.0,4.0,1.0,10.0,67.0,BULL,NEUTRAL,NEUTRAL,False,,0.5,0.08,0.7
2017-08-29,7.0,5.0,5.0,4.0,4.0,1.0,25.0,4.0,3.0,0.0,0.0,1.0,7.000000000000001,5.0,8.0,7.0,1.0,20.0,0.0,0.0,6.0,4.0,1.0,10.0,62.0,NEUTRAL,NEUTRAL,NEUTRAL,False,,0.5,0.08,0.7
2017-08-30,7.0,5.0,5.0,4.0,4.0,1.0,25.0,4.0,3.0,0.0,0.0,1.0,7.000000000000001,10.0,8.0,7.0,1.0,25.0,0.0,6.0,6.0,4.0,1.0,16.0,73.0,BULL,NEUTRAL,NEUTRAL,False,,0.5,0.08,0.7
2017-08-31,7.0,5.0,5.0,4.0,4.0,1.0,25.0,4.0,3.0,0.0,0.0,1.0,7.000000000000001,10.0,8.0,7.0,1.0,25.0,0.0,6.0,6.0,4.0,1.0,16.0,73.0,BULL,BULL,BULL,False,,0.8,0.12,1.0
2017-09-01,7.0,5.0,5.0,4.0,4.0,1.0,25.0,4.0,3.0,0.0,0.0,1.0,7.000000000000001,10.0,8.0,7.0,1.0,25.0,0.0,6.0,6.0,4.0,1.0,16.0,73.0,BULL,BULL,BULL,False,,0.8,0.12,1.0
2017-09-05,7.0,5.0,5.0,4.0,4.0,1.0,25.0,4.0,3.0,0.0,0.0,1.0,7.000000000000001,5.0,8.0,7.0,1.0,20.0,0.0,6.0,6.0,4.0,1.0,16.0,68.0,BULL,BULL,BULL,False,,0.8,0.12,1.0
2017-09-06,7.0,5.0,5.0,4.0,4.0,1.0,25.0,4.0,3.0,0.0,0.0,1.0,7.000000000000001,5.0,8.0,7.0,1.0,20.0,0.0,6.0,6.0,4.0,1.0,16.0,68.0,BULL,BULL,BULL,False,,0.8,0.12,1.0
2017-09-07,7.0,5.0,5.0,4.0,4.0,1.0,25.0,4.0,3.0,0.0,0.0,1.0,7.000000000000001,5.0,8.0,7.0,1.0,20.0,0.0,6.0,6.0,4.0,1.0,16.0,68.0,BULL,BULL,BULL,False,,0.8,0.12,1.0
2017-09-08,7.0,5.0,5.0,4.0,4.0,1.0,25.0,8.0,3.0,0.0,5.0,1.0,16.0,5.0,8.0,7.0,1.0,20.0,0.0,6.0,6.0,4.0,1.0,16.0,77.0,BULL,BULL,BULL,False,,0.8,0.12,1.0
2017-09-11,7.0,5.0,5.0,4.0,4.0,1.0,25.0,8.0,3.0,0.0,5.0,1.0,16.0,10.0,8.0,7.0,1.0,25.0,0.0,6.0,6.0,4.0,1.0,16.0,82.0,BULL,BULL,BULL,False,,0.8,0.12,1.0
2017-09-12,7.0,5.0,5.0,4.0,4.0,1.0,25.0,8.0,3.0,0.0,5.0,1.0,16.0,10.0,8.0,7.0,1.0,25.0,0.0,6.0,6.0,4.0,1.0,16.0,82.0,BULL,BULL,BULL,False,,0.8,0.12,1.0
2017-09-13,7.0,5.0,5.0,4.0,4.0,1.0,25.0,8.0,3.0,6.0,5.0,1.0,22.0,10.0,8.0,7.0,1.0,25.0,9.0,6.0,6.0,4.0,1.0,25.0,97.0,STRONG_BULL,BULL,BULL,False,,0.8,0.12,1.0
2017-09-14,7.0,5.0,5.0,4.0,0.0,1.0,21.0,8.0,3.0,6.0,5.0,1.0,22.0,10.0,8.0,7.0,1.0,25.0,9.0,6.0,6.0,4.0,1.0,25.0,93.0,STRONG_BULL,STRONG_BULL,STRONG_BULL,False,,1.0,0.15,1.15
2017-09-15,7.0,5.0,5.0,4.0,4.0,1.0,25.0,8.0,3.0,6.0,5.0,1.0,22.0,10.0,8.0,7.0,1.0,25.0,9.0,6.0,6.0,4.0,1.0,25.0,97.0,STRONG_BULL,STRONG_BULL,STRONG_BULL,False,,1.0,0.15,1.15
2017-09-18,7.0,5.0,5.0,4.0,0.0,1.0,21.0,8.0,3.0,6.0,5.0,1.0,22.0,10.0,8.0,7.0,1.0,25.0,9.0,6.0,6.0,4.0,1.0,25.0,93.0,STRONG_BULL,STRONG_BULL,STRONG_BULL,False,,1.0,0.15,1.15
2017-09-19,7.0,5.0,5.0,4.0,4.0,1.0,25.0,8.0,3.0,6.0,5.0,1.0,22.0,10.0,8.0,7.0,1.0,25.0,9.0,6.0,6.0,4.0,1.0,25.0,97.0,STRONG_BULL,STRONG_BULL,STRONG_BULL,False,,1.0,0.15,1.15
2017-09-20,7.0,5.0,5.0,4.0,0.0,1.0,21.0,8.0,3.0,6.0,5.0,1.0,22.0,10.0,8.0,7.0,1.0,25.0,9.0,6.0,6.0,4.0,1.0,25.0,93.0,STRONG_BULL,STRONG_BULL,STRONG_BULL,False,,1.0,0.15,1.15
2017-09-21,7.0,5.0,5.0,4.0,0.0,1.0,21.0,8.0,3.0,6.0,5.0,1.0,22.0,10.0,8.0,7.0,1.0,25.0,9.0,6.0,6.0,4.0,1.0,25.0,93.0,STRONG_BULL,STRONG_BULL,STRONG_BULL,False,,1.0,0.15,1.15
2017-09-22,7.0,5.0,5.0,4.0,0.0,1.0,21.0,8.0,3.0,6.0,5.0,1.0,22.0,10.0,8.0,7.0,1.0,25.0,9.0,6.0,6.0,4.0,1.0,25.0,93.0,STRONG_BULL,STRONG_BULL,STRONG_BULL,False,,1.0,0.15,1.15
2017-09-25,7.0,5.0,5.0,4.0,0.0,1.0,21.0,8.0,3.0,6.0,5.0,1.0,22.0,10.0,8.0,7.0,1.0,25.0,9.0,6.0,6.0,4.0,1.0,25.0,93.0,STRONG_BULL,STRONG_BULL,STRONG_BULL,False,,1.0,0.15,1.15
2017-09-26,7.0,5.0,5.0,4.0,0.0,1.0,21.0,8.0,3.0,6.0,5.0,1.0,22.0,10.0,8.0,7.0,1.0,25.0,9.0,6.0,6.0,4.0,1.0,25.0,93.0,STRONG_BULL,STRONG_BULL,STRONG_BULL,False,,1.0,0.15,1.15
2017-09-27,7.0,5.0,5.0,4.0,0.0,1.0,21.0,8.0,3.0,6.0,5.0,1.0,22.0,10.0,8.0,7.0,1.0,25.0,9.0,6.0,6.0,0.0,1.0,21.0,89.0,STRONG_BULL,STRONG_BULL,STRONG_BULL,False,,1.0,0.15,1.15
2017-09-28,7.0,5.0,5.0,4.0,0.0,1.0,21.0,8.0,3.0,6.0,5.0,1.0,22.0,10.0,8.0,7.0,1.0,25.0,9.0,6.0,6.0,0.0,1.0,21.0,89.0,STRONG_BULL,STRONG_BULL,STRONG_BULL,False,,1.0,0.15,1.15
2017-09-29,7.0,5.0,5.0,4.0,0.0,1.0,21.0,8.0,3.0,6.0,5.0,1.0,22.0,10.0,8.0,7.0,1.0,25.0,9.0,6.0,6.0,0.0,1.0,21.0,89.0,STRONG_BULL,STRONG_BULL,STRONG_BULL,False,,1.0,0.15,1.15
2017-10-02,7.0,5.0,5.0,4.0,0.0,1.0,21.0,8.0,3.0,6.0,5.0,1.0,22.0,10.0,8.0,7.0,1.0,25.0,9.0,6.0,6.0,0.0,1.0,21.0,89.0,STRONG_BULL,STRONG_BULL,STRONG_BULL,False,,1.0,0.15,1.15
2017-10-03,7.0,5.0,5.0,4.0,0.0,1.0,21.0,8.0,3.0,6.0,5.0,1.0,22.0,10.0,8.0,7.0,1.0,25.0,9.0,6.0,6.0,0.0,1.0,21.0,89.0,STRONG_BULL,STRONG_BULL,STRONG_BULL,False,,1.0,0.15,1.15
2017-10-04,7.0,5.0,5.0,4.0,0.0,1.0,21.0,8.0,3.0,6.0,5.0,1.0,22.0,10.0,8.0,7.0,1.0,25.0,9.0,6.0,6.0,0.0,1.0,21.0,89.0,STRONG_BULL,STRONG_BULL,STRONG_BULL,False,,1.0,0.15,1.15
2017-10-05,7.0,5.0,5.0,4.0,0.0,1.0,21.0,8.0,3.0,6.0,5.0,1.0,22.0,10.0,8.0,7.0,1.0,25.0,9.0,6.0,6.0,0.0,1.0,21.0,89.0,STRONG_BULL,STRONG_BULL,STRONG_BULL,False,,1.0,0.15,1.15
2017-10-06,7.0,5.0,5.0,4.0,0.0,1.0,21.0,8.0,3.0,6.0,5.0,1.0,22.0,10.0,8.0,7.0,1.0,25.0,9.0,6.0,0.0,0.0,1.0,15.0,83.0,STRONG_BULL,STRONG_BULL,STRONG_BULL,False,,1.0,0.15,1.15
2017-10-09,7.0,5.0,5.0,4.0,0.0,1.0,21.0,8.0,3.0,6.0,5.0,1.0,22.0,10.0,8.0,7.0,1.0,25.0,9.0,6.0,6.0,0.0,1.0,21.0,89.0,STRONG_BULL,STRONG_BULL,STRONG_BULL,False,,1.0,0.15,1.15
2017-10-10,7.0,5.0,5.0,4.0,0.0,1.0,21.0,4.0,3.0,6.0,0.0,1.0,13.0,10.0,8.0,7.0,1.0,25.0,9.0,6.0,6.0,0.0,1.0,21.0,80.0,BULL,STRONG_BULL,STRONG_BULL,False,,1.0,0.15,1.15
2017-10-11,7.0,5.0,5.0,4.0,0.0,1.0,21.0,4.0,3.0,6.0,0.0,1.0,13.0,10.0,8.0,7.0,1.0,25.0,9.0,6.0,6.0,0.0,1.0,21.0,80.0,BULL,BULL,BULL,False,,0.8,0.12,1.0
2017-10-12,7.0,5.0,5.0,4.0,0.0,1.0,21.0,8.0,3.0,6.0,5.0,1.0,22.0,10.0,8.0,7.0,1.0,25.0,9.0,6.0,6.0,0.0,1.0,21.0,89.0,STRONG_BULL,BULL,BULL,False,,0.8,0.12,1.0
2017-10-13,7.0,5.0,5.0,4.0,0.0,1.0,21.0,4.0,3.0,0.0,0.0,1.0,7.000000000000001,10.0,8.0,7.0,1.0,25.0,9.0,6.0,6.0,0.0,1.0,21.0,74.0,BULL,BULL,BULL,False,,0.8,0.12,1.0
2017-10-16,7.0,5.0,5.0,4.0,4.0,1.0,25.0,4.0,3.0,0.0,0.0,1.0,7.000000000000001,10.0,8.0,7.0,1.0,25.0,9.0,6.0,6.0,0.0,1.0,21.0,78.0,BULL,BULL,BULL,False,,0.8,0.12,1.0
2017-10-17,7.0,5.0,5.0,4.0,4.0,1.0,25.0,8.0,3.0,0.0,5.0,1.0,16.0,10.0,8.0,7.0,1.0,25.0,9.0,6.0,6.0,0.0,1.0,21.0,87.0,BULL,BULL,BULL,False,,0.8,0.12,1.0
2017-10-18,7.0,5.0,5.0,4.0,4.0,1.0,25.0,4.0,3.0,0.0,0.0,1.0,7.000000000000001,10.0,8.0,7.0,1.0,25.0,9.0,6.0,6.0,0.0,1.0,21.0,78.0,BULL,BULL,BULL,False,,0.8,0.12,1.0
2017-10-19,7.0,5.0,5.0,4.0,4.0,1.0,25.0,4.0,3.0,0.0,0.0,1.0,7.000000000000001,10.0,8.0,7.0,1.0,25.0,9.0,6.0,6.0,0.0,1.0,21.0,78.0,BULL,BULL,BULL,False,,0.8,0.12,1.0
2017-10-20,7.0,5.0,5.0,4.0,0.0,1.0,21.0,4.0,3.0,0.0,0.0,1.0,7.000000000000001,10.0,8.0,7.0,1.0,25.0,9.0,6.0,6.0,0.0,1.0,21.0,74.0,BULL,BULL,BULL,False,,0.8,0.12,1.0
2017-10-23,7.0,5.0,5.0,4.0,4.0,1.0,25.0,4.0,3.0,0.0,0.0,1.0,7.000000000000001,5.0,8.0,7.0,1.0,20.0,9.0,6.0,6.0,0.0,1.0,21.0,73.0,BULL,BULL,BULL,False,,0.8,0.12,1.0
2017-10-24,7.0,5.0,5.0,4.0,4.0,1.0,25.0,4.0,3.0,0.0,0.0,1.0,7.000000000000001,5.0,8.0,7.0,1.0,20.0,9.0,6.0,6.0,0.0,1.0,21.0,73.0,BULL,BULL,BULL,False,,0.8,0.12,1.0
2017-10-25,7.0,5.0,5.0,4.0,0.0,1.0,21.0,4.0,3.0,0.0,0.0,1.0,7.000000000000001,5.0,8.0,7.0,1.0,20.0,9.0,0.0,6.0,0.0,1.0,15.0,63.0,NEUTRAL,BULL,BULL,False,,0.8,0.12,1.0
2017-10-26,7.0,5.0,5.0,4.0,0.0,1.0,21.0,4.0,3.0,0.0,0.0,1.0,7.000000000000001,5.0,8.0,7.0,1.0,20.0,9.0,0.0,6.0,0.0,1.0,15.0,63.0,NEUTRAL,NEUTRAL,NEUTRAL,False,,0.5,0.08,0.7
2017-10-27,7.0,5.0,5.0,4.0,4.0,1.0,25.0,4.0,3.0,0.0,0.0,1.0,7.000000000000001,10.0,8.0,7.0,1.0,25.0,9.0,0.0,6.0,0.0,1.0,15.0,72.0,BULL,NEUTRAL,NEUTRAL,False,,0.5,0.08,0.7
2017-10-30,7.0,5.0,5.0,4.0,4.0,1.0,25.0,4.0,3.0,0.0,0.0,1.0,7.000000000000001,10.0,8.0,7.0,1.0,25.0,9.0,0.0,6.0,0.0,1.0,15.0,72.0,BULL,BULL,BULL,False,,0.8,0.12,1.0
2017-10-31,7.0,5.0,5.0,4.0,4.0,1.0,25.0,4.0,3.0,0.0,0.0,1.0,7.000000000000001,10.0,8.0,7.0,1.0,25.0,9.0,0.0,6.0,0.0,1.0,15.0,72.0,BULL,BULL,BULL,False,,0.8,0.12,1.0
2017-11-01,7.0,5.0,5.0,4.0,4.0,1.0,25.0,4.0,3.0,0.0,0.0,1.0,7.000000000000001,10.0,8.0,7.0,1.0,25.0,9.0,0.0,6.0,0.0,1.0,15.0,72.0,BULL,BULL,BULL,False,,0.8,0.12,1.0
2017-11-02,7.0,5.0,5.0,4.0,4.0,1.0,25.0,4.0,3.0,0.0,0.0,1.0,7.000000000000001,10.0,8.0,7.0,1.0,25.0,9.0,0.0,6.0,0.0,1.0,15.0,72.0,BULL,BULL,BULL,False,,0.8,0.12,1.0
2017-11-03,7.0,5.0,5.0,4.0,4.0,1.0,25.0,4.0,3.0,0.0,0.0,1.0,7.000000000000001,10.0,8.0,7.0,1.0,25.0,9.0,0.0,6.0,0.0,1.0,15.0,72.0,BULL,BULL,BULL,False,,0.8,0.12,1.0
2017-11-06,7.0,5.0,5.0,4.0,4.0,1.0,25.0,4.0,3.0,0.0,0.0,1.0,7.000000000000001,10.0,8.0,7.0,1.0,25.0,9.0,0.0,6.0,0.0,1.0,15.0,72.0,BULL,BULL,BULL,False,,0.8,0.12,1.0
2017-11-07,7.0,5.0,5.0,4.0,4.0,1.0,25.0,4.0,3.0,0.0,0.0,1.0,7.000000000000001,10.0,8.0,7.0,1.0,25.0,0.0,0.0,6.0,0.0,1.0,6.0,63.0,NEUTRAL,BULL,BULL,False,,0.8,0.12,1.0
2017-11-08,7.0,5.0,5.0,4.0,4.0,1.0,25.0,4.0,3.0,0.0,0.0,1.0,7.000000000000001,10.0,8.0,7.0,1.0,25.0,0.0,0.0,6.0,0.0,1.0,6.0,63.0,NEUTRAL,NEUTRAL,NEUTRAL,False,,0.5,0.08,0.7
2017-11-09,7.0,5.0,5.0,4.0,4.0,1.0,25.0,4.0,3.0,0.0,0.0,1.0,7.000000000000001,10.0,8.0,7.0,1.0,25.0,0.0,0.0,6.0,0.0,1.0,6.0,63.0,NEUTRAL,NEUTRAL,NEUTRAL,False,,0.5,0.08,0.7
2017-11-10,7.0,5.0,5.0,4.0,4.0,1.0,25.0,4.0,3.0,0.0,0.0,1.0,7.000000000000001,5.0,8.0,7.0,1.0,20.0,0.0,0.0,6.0,0.0,1.0,6.0,58.0,NEUTRAL,NEUTRAL,NEUTRAL,False,,0.5,0.08,0.7
2017-11-13,7.0,5.0,5.0,4.0,4.0,1.0,25.0,4.0,3.0,0.0,0.0,1.0,7.000000000000001,5.0,8.0,7.0,1.0,20.0,0.0,0.0,6.0,0.0,1.0,6.0,58.0,NEUTRAL,NEUTRAL,NEUTRAL,False,,0.5,0.08,0.7
2017-11-14,7.0,5.0,5.0,4.0,4.0,1.0,25.0,4.0,3.0,0.0,0.0,1.0,7.000000000000001,5.0,8.0,7.0,1.0,20.0,0.0,0.0,6.0,0.0,1.0,6.0,58.0,NEUTRAL,NEUTRAL,NEUTRAL,False,,0.5,0.08,0.7
2017-11-15,7.0,5.0,5.0,4.0,4.0,1.0,25.0,4.0,3.0,0.0,0.0,1.0,7.000000000000001,0.0,8.0,7.0,1.0,15.0,0.0,0.0,6.0,0.0,1.0,6.0,53.0,NEUTRAL,NEUTRAL,NEUTRAL,False,,0.5,0.08,0.7
2017-11-16,7.0,5.0,5.0,4.0,4.0,1.0,25.0,4.0,3.0,0.0,0.0,1.0,7.000000000000001,5.0,8.0,7.0,1.0,20.0,9.0,0.0,6.0,0.0,1.0,15.0,67.0,BULL,NEUTRAL,NEUTRAL,False,,0.5,0.08,0.7
2017-11-17,7.0,5.0,5.0,4.0,4.0,1.0,25.0,4.0,6.0,0.0,0.0,1.0,10.0,5.0,8.0,7.0,1.0,20.0,0.0,0.0,6.0,0.0,1.0,6.0,61.0,NEUTRAL,NEUTRAL,NEUTRAL,False,,0.5,0.08,0.7
2017-11-20,7.0,5.0,5.0,4.0,4.0,1.0,25.0,4.0,3.0,0.0,0.0,1.0,7.000000000000001,10.0,8.0,7.0,1.0,25.0,0.0,6.0,6.0,0.0,1.0,12.0,69.0,BULL,NEUTRAL,NEUTRAL,False,,0.5,0.08,0.7
2017-11-21,7.0,5.0,5.0,4.0,4.0,1.0,25.0,4.0,3.0,0.0,0.0,1.0,7.000000000000001,10.0,8.0,7.0,1.0,25.0,9.0,6.0,6.0,0.0,1.0,21.0,78.0,BULL,BULL,BULL,False,,0.8,0.12,1.0
2017-11-22,7.0,5.0,5.0,4.0,4.0,1.0,25.0,4.0,6.0,0.0,0.0,1.0,10.0,10.0,8.0,7.0,1.0,25.0,0.0,6.0,6.0,4.0,1.0,16.0,76.0,BULL,BULL,BULL,False,,0.8,0.12,1.0
2017-11-24,7.0,5.0,5.0,4.0,4.0,1.0,25.0,4.0,3.0,0.0,0.0,1.0,7.000000000000001,10.0,8.0,7.0,1.0,25.0,9.0,6.0,6.0,4.0,1.0,25.0,82.0,BULL,BULL,BULL,False,,0.8,0.12,1.0
2017-11-27,7.0,5.0,5.0,4.0,4.0,1.0,25.0,8.0,3.0,0.0,5.0,1.0,16.0,10.0,8.0,7.0,1.0,25.0,0.0,6.0,6.0,4.0,1.0,16.0,82.0,BULL,BULL,BULL,False,,0.8,0.12,1.0
2017-11-28,7.0,5.0,5.0,4.0,4.0,1.0,25.0,8.0,3.0,0.0,5.0,1.0,16.0,10.0,8.0,7.0,1.0,25.0,0.0,6.0,6.0,4.0,1.0,16.0,82.0,BULL,BULL,BULL,False,,0.8,0.12,1.0
2017-11-29,7.0,5.0,5.0,4.0,0.0,1.0,21.0,8.0,6.0,6.0,5.0,1.0,25.0,10.0,8.0,7.0,1.0,25.0,9.0,6.0,6.0,4.0,1.0,25.0,96.0,STRONG_BULL,BULL,BULL,False,,0.8,0.12,1.0
2017-11-30,7.0,5.0,5.0,4.0,0.0,1.0,21.0,8.0,6.0,6.0,5.0,1.0,25.0,5.0,8.0,7.0,1.0,20.0,9.0,6.0,6.0,4.0,1.0,25.0,91.0,STRONG_BULL,STRONG_BULL,STRONG_BULL,False,,1.0,0.15,1.15
2017-12-01,7.0,5.0,5.0,4.0,0.0,1.0,21.0,8.0,6.0,6.0,5.0,1.0,25.0,5.0,8.0,7.0,1.0,20.0,0.0,6.0,6.0,4.0,1.0,16.0,82.0,STRONG_BULL,STRONG_BULL,STRONG_BULL,False,,1.0,0.15,1.15
2017-12-04,7.0,5.0,5.0,4.0,0.0,1.0,21.0,8.0,6.0,6.0,5.0,1.0,25.0,2.0,8.0,7.0,1.0,17.0,0.0,6.0,6.0,4.0,1.0,16.0,79.0,BULL,STRONG_BULL,STRONG_BULL,False,,1.0,0.15,1.15
2017-12-05,7.0,5.0,5.0,4.0,0.0,1.0,21.0,8.0,6.0,6.0,5.0,1.0,25.0,5.0,8.0,7.0,1.0,20.0,0.0,6.0,6.0,4.0,1.0,16.0,82.0,STRONG_BULL,STRONG_BULL,STRONG_BULL,False,,1.0,0.15,1.15
2017-12-06,7.0,5.0,5.0,4.0,0.0,1.0,21.0,8.0,3.0,6.0,5.0,1.0,22.0,5.0,8.0,7.0,1.0,20.0,0.0,6.0,6.0,4.0,1.0,16.0,79.0,BULL,STRONG_BULL,STRONG_BULL,False,,1.0,0.15,1.15
2017-12-07,7.0,5.0,5.0,4.0,0.0,1.0,21.0,8.0,3.0,6.0,5.0,1.0,22.0,10.0,8.0,7.0,1.0,25.0,0.0,6.0,6.0,0.0,1.0,12.0,80.0,STRONG_BULL,STRONG_BULL,STRONG_BULL,False,,1.0,0.15,1.15
2017-12-08,7.0,5.0,5.0,4.0,0.0,1.0,21.0,8.0,3.0,6.0,5.0,1.0,22.0,10.0,8.0,7.0,1.0,25.0,0.0,6.0,6.0,0.0,1.0,12.0,80.0,STRONG_BULL,STRONG_BULL,STRONG_BULL,False,,1.0,0.15,1.15
2017-12-11,7.0,5.0,5.0,4.0,0.0,1.0,21.0,8.0,3.0,6.0,5.0,1.0,22.0,10.0,8.0,7.0,1.0,25.0,9.0,6.0,6.0,0.0,1.0,21.0,89.0,STRONG_BULL,STRONG_BULL,STRONG_BULL,False,,1.0,0.15,1.15
2017-12-12,7.0,5.0,5.0,4.0,0.0,1.0,21.0,8.0,3.0,6.0,5.0,1.0,22.0,10.0,8.0,7.0,1.0,25.0,9.0,6.0,6.0,0.0,1.0,21.0,89.0,STRONG_BULL,STRONG_BULL,STRONG_BULL,False,,1.0,0.15,1.15
2017-12-13,7.0,5.0,5.0,4.0,0.0,1.0,21.0,8.0,3.0,6.0,5.0,1.0,22.0,10.0,8.0,7.0,1.0,25.0,0.0,6.0,6.0,4.0,1.0,16.0,84.0,STRONG_BULL,STRONG_BULL,STRONG_BULL,False,,1.0,0.15,1.15
2017-12-14,7.0,5.0,5.0,4.0,0.0,1.0,21.0,4.0,3.0,6.0,0.0,1.0,13.0,10.0,8.0,7.0,1.0,25.0,0.0,6.0,6.0,4.0,1.0,16.0,75.0,BULL,STRONG_BULL,STRONG_BULL,False,,1.0,0.15,1.15
2017-12-15,7.0,5.0,5.0,4.0,0.0,1.0,21.0,8.0,3.0,6.0,5.0,1.0,22.0,10.0,8.0,7.0,1.0,25.0,0.0,6.0,6.0,0.0,1.0,12.0,80.0,STRONG_BULL,STRONG_BULL,STRONG_BULL,False,,1.0,0.15,1.15
2017-12-18,7.0,5.0,5.0,4.0,0.0,1.0,21.0,4.0,3.0,6.0,0.0,1.0,13.0,10.0,8.0,7.0,1.0,25.0,0.0,6.0,6.0,4.0,1.0,16.0,75.0,BULL,STRONG_BULL,STRONG_BULL,False,,1.0,0.15,1.15
2017-12-19,7.0,5.0,5.0,4.0,0.0,1.0,21.0,4.0,3.0,0.0,0.0,1.0,7.000000000000001,10.0,8.0,7.0,1.0,25.0,9.0,0.0,6.0,4.0,1.0,19.0,72.0,BULL,BULL,BULL,False,,0.8,0.12,1.0
2017-12-20,7.0,5.0,5.0,4.0,0.0,1.0,21.0,8.0,3.0,0.0,5.0,1.0,16.0,10.0,8.0,7.0,1.0,25.0,9.0,0.0,6.0,4.0,1.0,19.0,81.0,BULL,BULL,BULL,False,,0.8,0.12,1.0
2017-12-21,7.0,5.0,5.0,4.0,0.0,1.0,21.0,8.0,3.0,0.0,5.0,1.0,16.0,10.0,8.0,7.0,1.0,25.0,9.0,0.0,6.0,4.0,1.0,19.0,81.0,BULL,BULL,BULL,False,,0.8,0.12,1.0
2017-12-22,7.0,5.0,5.0,4.0,0.0,1.0,21.0,8.0,3.0,0.0,5.0,1.0,16.0,10.0,8.0,7.0,1.0,25.0,9.0,0.0,6.0,4.0,1.0,19.0,81.0,BULL,BULL,BULL,False,,0.8,0.12,1.0
2017-12-26,7.0,5.0,5.0,4.0,0.0,1.0,21.0,8.0,3.0,6.0,5.0,1.0,22.0,10.0,8.0,7.0,1.0,25.0,9.0,6.0,6.0,4.0,1.0,25.0,93.0,STRONG_BULL,BULL,BULL,False,,0.8,0.12,1.0
2017-12-27,7.0,5.0,5.0,4.0,0.0,1.0,21.0,8.0,3.0,6.0,5.0,1.0,22.0,10.0,8.0,7.0,1.0,25.0,9.0,0.0,6.0,4.0,1.0,19.0,87.0,STRONG_BULL,STRONG_BULL,STRONG_BULL,False,,1.0,0.15,1.15
2017-12-28,7.0,5.0,5.0,4.0,0.0,1.0,21.0,4.0,3.0,6.0,0.0,1.0,13.0,10.0,8.0,7.0,1.0,25.0,9.0,0.0,6.0,4.0,1.0,19.0,78.0,BULL,STRONG_BULL,STRONG_BULL,False,,1.0,0.15,1.15
2017-12-29,7.0,5.0,5.0,4.0,0.0,1.0,21.0,8.0,3.0,6.0,5.0,1.0,22.0,5.0,8.0,7.0,1.0,20.0,9.0,0.0,6.0,4.0,1.0,19.0,82.0,STRONG_BULL,STRONG_BULL,STRONG_BULL,False,,1.0,0.15,1.15
2018-01-02,7.0,5.0,5.0,4.0,4.0,1.0,25.0,8.0,3.0,6.0,5.0,1.0,22.0,10.0,8.0,7.0,1.0,25.0,9.0,0.0,6.0,4.0,1.0,19.0,91.0,STRONG_BULL,STRONG_BULL,STRONG_BULL,False,,1.0,0.15,1.15
2018-01-03,7.0,5.0,5.0,4.0,4.0,1.0,25.0,4.0,3.0,6.0,0.0,1.0,13.0,10.0,8.0,7.0,1.0,25.0,9.0,0.0,6.0,4.0,1.0,19.0,82.0,BULL,STRONG_BULL,STRONG_BULL,False,,1.0,0.15,1.15
2018-01-04,7.0,5.0,5.0,4.0,4.0,1.0,25.0,4.0,3.0,0.0,0.0,1.0,7.000000000000001,10.0,8.0,7.0,1.0,25.0,9.0,6.0,6.0,4.0,1.0,25.0,82.0,BULL,BULL,BULL,False,,0.8,0.12,1.0
2018-01-05,7.0,5.0,5.0,4.0,4.0,1.0,25.0,4.0,3.0,0.0,0.0,1.0,7.000000000000001,10.0,8.0,7.0,1.0,25.0,9.0,6.0,6.0,4.0,1.0,25.0,82.0,BULL,BULL,BULL,False,,0.8,0.12,1.0
2018-01-08,7.0,5.0,5.0,4.0,4.0,1.0,25.0,4.0,3.0,0.0,0.0,1.0,7.000000000000001,10.0,8.0,7.0,1.0,25.0,9.0,0.0,6.0,4.0,1.0,19.0,76.0,BULL,BULL,BULL,False,,0.8,0.12,1.0
2018-01-09,7.0,5.0,5.0,4.0,4.0,1.0,25.0,4.0,3.0,0.0,0.0,1.0,7.000000000000001,10.0,8.0,7.0,1.0,25.0,9.0,0.0,6.0,4.0,1.0,19.0,76.0,BULL,BULL,BULL,False,,0.8,0.12,1.0
2018-01-10,7.0,5.0,5.0,4.0,4.0,1.0,25.0,4.0,3.0,0.0,0.0,1.0,7.000000000000001,10.0,8.0,7.0,1.0,25.0,9.0,6.0,6.0,4.0,1.0,25.0,82.0,BULL,BULL,BULL,False,,0.8,0.12,1.0
2018-01-11,7.0,5.0,5.0,4.0,4.0,1.0,25.0,8.0,3.0,0.0,5.0,1.0,16.0,10.0,8.0,7.0,1.0,25.0,9.0,6.0,6.0,4.0,1.0,25.0,91.0,BULL,BULL,BULL,False,,0.8,0.12,1.0
2018-01-12,7.0,5.0,5.0,4.0,4.0,1.0,25.0,8.0,3.0,0.0,5.0,1.0,16.0,10.0,8.0,7.0,1.0,25.0,9.0,6.0,6.0,4.0,1.0,25.0,91.0,BULL,BULL,BULL,False,,0.8,0.12,1.0
2018-01-16,7.0,5.0,5.0,4.0,4.0,1.0,25.0,4.0,3.0,0.0,0.0,1.0,7.000000000000001,2.0,8.0,7.0,1.0,17.0,9.0,6.0,6.0,4.0,1.0,25.0,74.0,BULL,BULL,BULL,False,,0.8,0.12,1.0
2018-01-17,7.0,5.0,5.0,4.0,4.0,1.0,25.0,4.0,3.0,0.0,0.0,1.0,7.000000000000001,2.0,8.0,7.0,1.0,17.0,9.0,6.0,6.0,4.0,1.0,25.0,74.0,BULL,BULL,BULL,False,,0.8,0.12,1.0
2018-01-18,7.0,5.0,5.0,4.0,4.0,1.0,25.0,4.0,3.0,0.0,0.0,1.0,7.000000000000001,2.0,8.0,7.0,1.0,17.0,9.0,0.0,6.0,4.0,1.0,19.0,68.0,BULL,BULL,BULL,False,,0.8,0.12,1.0
2018-01-19,7.0,5.0,5.0,4.0,4.0,1.0,25.0,4.0,3.0,0.0,0.0,1.0,7.000000000000001,5.0,8.0,7.0,1.0,20.0,9.0,6.0,6.0,4.0,1.0,25.0,77.0,BULL,BULL,BULL,False,,0.8,0.12,1.0
2018-01-22,7.0,5.0,5.0,4.0,4.0,1.0,25.0,4.0,3.0,0.0,0.0,1.0,7.000000000000001,5.0,8.0,7.0,1.0,20.0,9.0,0.0,6.0,4.0,1.0,19.0,71.0,BULL,BULL,BULL,False,,0.8,0.12,1.0
2018-01-23,7.0,5.0,5.0,4.0,4.0,1.0,25.0,4.0,3.0,0.0,0.0,1.0,7.000000000000001,5.0,8.0,7.0,1.0,20.0,9.0,0.0,6.0,4.0,1.0,19.0,71.0,BULL,BULL,BULL,False,,0.8,0.12,1.0
2018-01-24,7.0,5.0,5.0,4.0,4.0,1.0,25.0,4.0,3.0,0.0,0.0,1.0,7.000000000000001,2.0,8.0,7.0,1.0,17.0,9.0,0.0,6.0,4.0,1.0,19.0,68.0,BULL,BULL,BULL,False,,0.8,0.12,1.0
2018-01-25,7.0,5.0,5.0,4.0,4.0,1.0,25.0,4.0,3.0,0.0,0.0,1.0,7.000000000000001,2.0,8.0,7.0,1.0,17.0,9.0,0.0,6.0,4.0,1.0,19.0,68.0,BULL,BULL,BULL,False,,0.8,0.12,1.0
2018-01-26,7.0,5.0,5.0,4.0,4.0,1.0,25.0,4.0,3.0,0.0,0.0,1.0,7.000000000000001,5.0,8.0,7.0,1.0,20.0,9.0,0.0,6.0,4.0,1.0,19.0,71.0,BULL,BULL,BULL,False,,0.8,0.12,1.0
2018-01-29,7.0,5.0,5.0,4.0,4.0,1.0,25.0,4.0,3.0,0.0,0.0,1.0,7.000000000000001,0.0,4.0,7.0,1.0,11.0,9.0,0.0,6.0,4.0,1.0,19.0,62.0,NEUTRAL,BULL,BULL,False,,0.8,0.12,1.0
2018-01-30,7.0,5.0,5.0,4.0,4.0,1.0,25.0,4.0,3.0,0.0,0.0,1.0,7.000000000000001,0.0,0.0,7.0,1.0,7.000000000000001,9.0,0.0,0.0,4.0,1.0,13.0,52.0,NEUTRAL,NEUTRAL,CRISIS,True,VIX_PCTL_EXTREME,0.0,0.0,0.0
2018-01-31,7.0,5.0,5.0,4.0,4.0,1.0,25.0,4.0,3.0,0.0,0.0,1.0,7.000000000000001,0.0,8.0,7.0,1.0,15.0,9.0,0.0,6.0,4.0,1.0,19.0,66.0,BULL,NEUTRAL,NEUTRAL,False,,0.5,0.08,0.7
2018-02-01,7.0,5.0,5.0,4.0,4.0,1.0,25.0,4.0,3.0,0.0,0.0,1.0,7.000000000000001,0.0,8.0,7.0,1.0,15.0,9.0,0.0,0.0,4.0,1.0,13.0,60.0,NEUTRAL,NEUTRAL,NEUTRAL,False,,0.5,0.08,0.7
2018-02-02,7.0,5.0,5.0,4.0,4.0,1.0,25.0,4.0,3.0,0.0,0.0,1.0,7.000000000000001,0.0,0.0,7.0,1.0,7.000000000000001,9.0,0.0,0.0,4.0,1.0,13.0,52.0,NEUTRAL,NEUTRAL,CRISIS,True,VIX_PCTL_EXTREME|TERM_BACKWARDATION,0.0,0.0,0.0
2018-02-05,7.0,0.0,5.0,4.0,4.0,1.0,20.0,4.0,6.0,0.0,0.0,1.0,10.0,0.0,0.0,3.0,1.0,3.0,9.0,6.0,0.0,4.0,1.0,19.0,52.0,NEUTRAL,NEUTRAL,CRISIS,True,VIX_PCTL_EXTREME|TERM_BACKWARDATION|SPY_5D_CRASH|VIX_SPIKE,0.0,0.0,0.0
2018-02-06,7.0,0.0,5.0,4.0,4.0,1.0,20.0,4.0,3.0,0.0,0.0,1.0,7.000000000000001,0.0,0.0,3.0,1.0,3.0,9.0,0.0,6.0,4.0,1.0,19.0,49.0,NEUTRAL,NEUTRAL,CRISIS,True,VIX_PCTL_EXTREME|TERM_BACKWARDATION,0.0,0.0,0.0
2018-02-07,7.0,0.0,5.0,4.0,4.0,1.0,20.0,4.0,3.0,0.0,0.0,1.0,7.000000000000001,0.0,0.0,3.0,1.0,3.0,9.0,6.0,6.0,4.0,1.0,25.0,55.0,NEUTRAL,NEUTRAL,CRISIS,True,VIX_PCTL_EXTREME|TERM_BACKWARDATION,0.0,0.0,0.0
2018-02-08,7.0,0.0,5.0,4.0,4.0,1.0,20.0,4.0,6.0,0.0,0.0,1.0,10.0,0.0,0.0,3.0,1.0,3.0,9.0,6.0,0.0,4.0,1.0,19.0,52.0,NEUTRAL,NEUTRAL,CRISIS,True,VIX_PCTL_EXTREME|TERM_BACKWARDATION|SPY_5D_CRASH,0.0,0.0,0.0
2018-02-09,7.0,0.0,5.0,4.0,4.0,1.0,20.0,4.0,3.0,0.0,0.0,1.0,7.000000000000001,0.0,0.0,3.0,1.0,3.0,9.0,0.0,6.0,4.0,1.0,19.0,49.0,NEUTRAL,NEUTRAL,CRISIS,True,VIX_PCTL_EXTREME|TERM_BACKWARDATION,0.0,0.0,0.0
2018-02-12,7.0,0.0,5.0,4.0,4.0,1.0,20.0,4.0,3.0,0.0,0.0,1.0,7.000000000000001,0.0,0.0,3.0,1.0,3.0,9.0,0.0,0.0,4.0,1.0,13.0,43.0,CAUTION,NEUTRAL,CRISIS,True,VIX_PCTL_EXTREME|TERM_BACKWARDATION,0.0,0.0,0.0
2018-02-13,7.0,0.0,5.0,4.0,4.0,1.0,20.0,4.0,3.0,0.0,0.0,1.0,7.000000000000001,0.0,0.0,3.0,1.0,3.0,9.0,6.0,6.0,4.0,1.0,25.0,55.0,NEUTRAL,NEUTRAL,CRISIS,True,VIX_PCTL_EXTREME|TERM_BACKWARDATION,0.0,0.0,0.0
2018-02-14,7.0,0.0,5.0,4.0,4.0,1.0,20.0,4.0,3.0,0.0,0.0,1.0,7.000000000000001,0.0,4.0,3.0,1.0,7.000000000000001,9.0,6.0,0.0,4.0,1.0,19.0,53.0,NEUTRAL,NEUTRAL,CRISIS,True,VIX_PCTL_EXTREME,0.0,0.0,0.0
2018-02-15,7.0,5.0,5.0,4.0,4.0,1.0,25.0,4.0,3.0,0.0,0.0,1.0,7.000000000000001,0.0,4.0,3.0,1.0,7.000000000000001,9.0,6.0,6.0,4.0,1.0,25.0,64.0,NEUTRAL,NEUTRAL,CRISIS,True,VIX_PCTL_EXTREME,0.0,0.0,0.0
2018-02-16,7.0,5.0,5.0,4.0,4.0,1.0,25.0,4.0,3.0,0.0,0.0,1.0,7.000000000000001,0.0,4.0,3.0,1.0,7.000000000000001,9.0,6.0,6.0,4.0,1.0,25.0,64.0,NEUTRAL,NEUTRAL,CRISIS,True,VIX_PCTL_EXTREME,0.0,0.0,0.0
2018-02-20,7.0,5.0,5.0,4.0,4.0,1.0,25.0,4.0,3.0,0.0,0.0,1.0,7.000000000000001,0.0,0.0,3.0,1.0,3.0,9.0,6.0,6.0,4.0,1.0,25.0,60.0,NEUTRAL,NEUTRAL,CRISIS,True,VIX_PCTL_EXTREME,0.0,0.0,0.0
2018-02-21,7.0,0.0,5.0,4.0,4.0,1.0,20.0,4.0,3.0,0.0,0.0,1.0,7.000000000000001,0.0,4.0,3.0,1.0,7.000000000000001,9.0,6.0,0.0,4.0,1.0,19.0,53.0,NEUTRAL,NEUTRAL,CRISIS,True,VIX_PCTL_EXTREME,0.0,0.0,0.0
2018-02-22,7.0,5.0,5.0,4.0,4.0,1.0,25.0,4.0,3.0,0.0,0.0,1.0,7.000000000000001,0.0,4.0,3.0,1.0,7.000000000000001,9.0,6.0,6.0,4.0,1.0,25.0,64.0,NEUTRAL,NEUTRAL,CRISIS,True,VIX_PCTL_EXTREME,0.0,0.0,0.0
2018-02-23,7.0,5.0,5.0,4.0,4.0,1.0,25.0,4.0,3.0,0.0,0.0,1.0,7.000000000000001,0.0,8.0,3.0,1.0,11.0,9.0,6.0,6.0,4.0,1.0,25.0,68.0,BULL,NEUTRAL,NEUTRAL,False,,0.5,0.08,0.7
2018-02-26,7.0,5.0,5.0,4.0,4.0,1.0,25.0,4.0,3.0,0.0,0.0,1.0,7.000000000000001,0.0,8.0,3.0,1.0,11.0,9.0,6.0,6.0,4.0,1.0,25.0,68.0,BULL,BULL,BULL,False,,0.8,0.12,1.0
2018-02-27,7.0,5.0,5.0,4.0,4.0,1.0,25.0,4.0,3.0,0.0,0.0,1.0,7.000000000000001,0.0,4.0,3.0,1.0,7.000000000000001,9.0,6.0,6.0,4.0,1.0,25.0,64.0,NEUTRAL,BULL,BULL,False,,0.8,0.12,1.0
2018-02-28,7.0,5.0,5.0,0.0,4.0,1.0,21.0,4.0,3.0,0.0,0.0,1.0,7.000000000000001,0.0,4.0,3.0,1.0,7.000000000000001,9.0,6.0,6.0,4.0,1.0,25.0,60.0,NEUTRAL,NEUTRAL,CRISIS,True,VIX_PCTL_EXTREME,0.0,0.0,0.0
2018-03-01,7.0,0.0,5.0,0.0,4.0,1.0,16.0,4.0,3.0,0.0,0.0,1.0,7.000000000000001,0.0,0.0,3.0,1.0,3.0,0.0,6.0,6.0,4.0,1.0,16.0,42.0,CAUTION,NEUTRAL,CRISIS,True,VIX_PCTL_EXTREME|TERM_BACKWARDATION,0.0,0.0,0.0
2018-03-02,7.0,0.0,5.0,0.0,4.0,1.0,16.0,4.0,3.0,0.0,0.0,1.0,7.000000000000001,0.0,4.0,3.0,1.0,7.000000000000001,9.0,6.0,6.0,4.0,1.0,25.0,55.0,NEUTRAL,NEUTRAL,CRISIS,True,VIX_PCTL_EXTREME,0.0,0.0,0.0
2018-03-05,7.0,5.0,5.0,0.0,4.0,1.0,21.0,4.0,3.0,0.0,0.0,1.0,7.000000000000001,0.0,4.0,3.0,1.0,7.000000000000001,9.0,6.0,6.0,4.0,1.0,25.0,60.0,NEUTRAL,NEUTRAL,NEUTRAL,False,,0.5,0.08,0.7
2018-03-06,7.0,5.0,5.0,0.0,4.0,1.0,21.0,4.0,3.0,0.0,0.0,1.0,7.000000000000001,0.0,8.0,3.0,1.0,11.0,9.0,6.0,6.0,4.0,1.0,25.0,64.0,NEUTRAL,NEUTRAL,NEUTRAL,False,,0.5,0.08,0.7
2018-03-07,7.0,5.0,5.0,0.0,4.0,1.0,21.0,8.0,3.0,0.0,5.0,1.0,16.0,0.0,8.0,3.0,1.0,11.0,9.0,6.0,6.0,4.0,1.0,25.0,73.0,BULL,NEUTRAL,NEUTRAL,False,,0.5,0.08,0.7
2018-03-08,7.0,5.0,5.0,0.0,4.0,1.0,21.0,4.0,3.0,0.0,0.0,1.0,7.000000000000001,0.0,8.0,3.0,1.0,11.0,9.0,6.0,6.0,4.0,1.0,25.0,64.0,NEUTRAL,NEUTRAL,NEUTRAL,False,,0.5,0.08,0.7
2018-03-09,7.0,5.0,5.0,4.0,4.0,1.0,25.0,4.0,3.0,0.0,0.0,1.0,7.000000000000001,2.0,8.0,7.0,1.0,17.0,9.0,6.0,6.0,4.0,1.0,25.0,74.0,BULL,NEUTRAL,NEUTRAL,False,,0.5,0.08,0.7
2018-03-12,7.0,5.0,5.0,4.0,4.0,1.0,25.0,4.0,3.0,0.0,0.0,1.0,7.000000000000001,2.0,8.0,7.0,1.0,17.0,9.0,6.0,6.0,4.0,1.0,25.0,74.0,BULL,BULL,BULL,False,,0.8,0.12,1.0
2018-03-13,7.0,5.0,5.0,4.0,4.0,1.0,25.0,4.0,3.0,0.0,0.0,1.0,7.000000000000001,0.0,8.0,7.0,1.0,15.0,0.0,6.0,6.0,4.0,1.0,16.0,63.0,NEUTRAL,BULL,BULL,False,,0.8,0.12,1.0
2018-03-14,7.0,5.0,5.0,4.0,4.0,1.0,25.0,4.0,3.0,0.0,0.0,1.0,7.000000000000001,0.0,8.0,7.0,1.0,15.0,0.0,6.0,6.0,4.0,1.0,16.0,63.0,NEUTRAL,NEUTRAL,NEUTRAL,False,,0.5,0.08,0.7
2018-03-15,7.0,5.0,5.0,4.0,4.0,1.0,25.0,4.0,3.0,0.0,0.0,1.0,7.000000000000001,0.0,8.0,7.0,1.0,15.0,0.0,6.0,6.0,4.0,1.0,16.0,63.0,NEUTRAL,NEUTRAL,NEUTRAL,False,,0.5,0.08,0.7
2018-03-16,7.0,5.0,5.0,4.0,4.0,1.0,25.0,4.0,3.0,0.0,0.0,1.0,7.000000000000001,2.0,8.0,7.0,1.0,17.0,9.0,6.0,6.0,0.0,1.0,21.0,70.0,BULL,NEUTRAL,NEUTRAL,False,,0.5,0.08,0.7
2018-03-19,7.0,0.0,5.0,4.0,4.0,1.0,20.0,8.0,3.0,0.0,5.0,1.0,16.0,0.0,0.0,7.0,1.0,7.000000000000001,0.0,6.0,6.0,4.0,1.0,16.0,59.0,NEUTRAL,NEUTRAL,CRISIS,True,TERM_BACKWARDATION,0.0,0.0,0.0
2018-03-20,7.0,0.0,5.0,4.0,4.0,1.0,20.0,8.0,3.0,0.0,5.0,1.0,16.0,0.0,0.0,7.0,1.0,7.000000000000001,9.0,6.0,6.0,0.0,1.0,21.0,64.0,NEUTRAL,NEUTRAL,NEUTRAL,False,,0.5,0.08,0.7
2018-03-21,7.0,0.0,5.0,4.0,4.0,1.0,20.0,8.0,3.0,0.0,5.0,1.0,16.0,0.0,4.0,7.0,1.0,11.0,9.0,6.0,6.0,4.0,1.0,25.0,72.0,BULL,NEUTRAL,NEUTRAL,False,,0.5,0.08,0.7
2018-03-22,7.0,0.0,5.0,4.0,4.0,1.0,20.0,8.0,3.0,6.0,5.0,1.0,22.0,0.0,0.0,7.0,1.0,7.000000000000001,0.0,6.0,6.0,4.0,1.0,16.0,65.0,BULL,BULL,CRISIS,True,VIX_PCTL_EXTREME|TERM_BACKWARDATION,0.0,0.0,0.0
2018-03-23,7.0,0.0,5.0,4.0,4.0,1.0,20.0,8.0,3.0,6.0,5.0,1.0,22.0,0.0,0.0,7.0,1.0,7.000000000000001,0.0,6.0,6.0,4.0,1.0,16.0,65.0,BULL,BULL,CRISIS,True,VIX_PCTL_EXTREME|TERM_BACKWARDATION,0.0,0.0,0.0
2018-03-26,7.0,0.0,5.0,4.0,4.0,1.0,20.0,8.0,3.0,6.0,5.0,1.0,22.0,0.0,0.0,3.0,1.0,3.0,0.0,6.0,6.0,4.0,1.0,16.0,61.0,NEUTRAL,BULL,CRISIS,True,VIX_PCTL_EXTREME,0.0,0.0,0.0
2018-03-27,7.0,0.0,5.0,0.0,0.0,1.0,12.0,8.0,3.0,6.0,5.0,1.0,22.0,0.0,0.0,3.0,1.0,3.0,0.0,6.0,6.0,4.0,1.0,16.0,53.0,NEUTRAL,NEUTRAL,CRISIS,True,VIX_PCTL_EXTREME,0.0,0.0,0.0
2018-03-28,7.0,0.0,5.0,0.0,0.0,1.0,12.0,8.0,3.0,6.0,5.0,1.0,22.0,0.0,0.0,3.0,1.0,3.0,0.0,6.0,6.0,0.0,1.0,12.0,49.0,NEUTRAL,NEUTRAL,CRISIS,True,VIX_PCTL_EXTREME|TERM_BACKWARDATION,0.0,0.0,0.0
2018-03-29,7.0,0.0,5.0,0.0,0.0,1.0,12.0,8.0,3.0,6.0,5.0,1.0,22.0,0.0,0.0,3.0,1.0,3.0,0.0,6.0,6.0,0.0,1.0,12.0,49.0,NEUTRAL,NEUTRAL,NEUTRAL,False,,0.5,0.08,0.7
2018-04-02,7.0,0.0,5.0,0.0,0.0,1.0,12.0,8.0,3.0,6.0,5.0,1.0,22.0,0.0,0.0,3.0,1.0,3.0,0.0,6.0,6.0,0.0,1.0,12.0,49.0,NEUTRAL,NEUTRAL,CRISIS,True,VIX_PCTL_EXTREME|TERM_BACKWARDATION,0.0,0.0,0.0
2018-04-03,7.0,0.0,5.0,0.0,0.0,1.0,12.0,8.0,3.0,6.0,5.0,1.0,22.0,0.0,0.0,3.0,1.0,3.0,0.0,6.0,6.0,0.0,1.0,12.0,49.0,NEUTRAL,NEUTRAL,CRISIS,True,TERM_BACKWARDATION,0.0,0.0,0.0
2018-04-04,7.0,0.0,5.0,0.0,0.0,1.0,12.0,8.0,6.0,6.0,5.0,1.0,25.0,0.0,0.0,3.0,1.0,3.0,0.0,6.0,6.0,0.0,1.0,12.0,52.0,NEUTRAL,NEUTRAL,NEUTRAL,False,,0.5,0.08,0.7
2018-04-05,7.0,0.0,5.0,0.0,0.0,1.0,12.0,8.0,3.0,6.0,5.0,1.0,22.0,0.0,0.0,3.0,1.0,3.0,0.0,6.0,6.0,0.0,1.0,12.0,49.0,NEUTRAL,NEUTRAL,NEUTRAL,False,,0.5,0.08,0.7
2018-04-06,7.0,0.0,5.0,0.0,0.0,1.0,12.0,8.0,6.0,6.0,5.0,1.0,25.0,0.0,0.0,3.0,1.0,3.0,0.0,6.0,6.0,0.0,1.0,12.0,52.0,NEUTRAL,NEUTRAL,NEUTRAL,False,,0.5,0.08,0.7
2018-04-09,7.0,0.0,5.0,0.0,0.0,1.0,12.0,8.0,6.0,6.0,5.0,1.0,25.0,0.0,0.0,3.0,1.0,3.0,0.0,6.0,6.0,0.0,1.0,12.0,52.0,NEUTRAL,NEUTRAL,CRISIS,True,TERM_BACKWARDATION,0.0,0.0,0.0
2018-04-10,7.0,0.0,5.0,0.0,0.0,1.0,12.0,8.0,3.0,6.0,5.0,1.0,22.0,0.0,0.0,3.0,1.0,3.0,9.0,6.0,6.0,4.0,1.0,25.0,62.0,NEUTRAL,NEUTRAL,NEUTRAL,False,,0.5,0.08,0.7
2018-04-11,7.0,0.0,5.0,0.0,0.0,1.0,12.0,8.0,3.0,6.0,5.0,1.0,22.0,0.0,0.0,3.0,1.0,3.0,9.0,6.0,6.0,4.0,1.0,25.0,62.0,NEUTRAL,NEUTRAL,NEUTRAL,False,,0.5,0.08,0.7
2018-04-12,7.0,0.0,5.0,0.0,0.0,1.0,12.0,8.0,3.0,6.0,5.0,1.0,22.0,2.0,8.0,3.0,1.0,13.0,9.0,6.0,6.0,4.0,1.0,25.0,72.0,BULL,NEUTRAL,NEUTRAL,False,,0.5,0.08,0.7
2018-04-13,7.0,0.0,5.0,0.0,0.0,1.0,12.0,8.0,6.0,6.0,5.0,1.0,25.0,2.0,8.0,3.0,1.0,13.0,9.0,6.0,6.0,4.0,1.0,25.0,75.0,BULL,BULL,BULL,False,,0.8,0.12,1.0
2018-04-16,7.0,5.0,5.0,0.0,0.0,1.0,17.0,8.0,6.0,6.0,5.0,1.0,25.0,2.0,8.0,3.0,1.0,13.0,9.0,6.0,6.0,4.0,1.0,25.0,80.0,STRONG_BULL,BULL,BULL,False,,0.8,0.12,1.0
2018-04-17,7.0,5.0,5.0,0.0,0.0,1.0,17.0,8.0,3.0,6.0,5.0,1.0,22.0,2.0,8.0,3.0,1.0,13.0,9.0,6.0,6.0,4.0,1.0,25.0,77.0,BULL,BULL,BULL,False,,0.8,0.12,1.0
2018-04-18,7.0,5.0,5.0,0.0,0.0,1.0,17.0,8.0,6.0,6.0,5.0,1.0,25.0,2.0,8.0,3.0,1.0,13.0,9.0,6.0,6.0,4.0,1.0,25.0,80.0,STRONG_BULL,BULL,BULL,False,,0.8,0.12,1.0
2018-04-19,7.0,5.0,5.0,0.0,0.0,1.0,17.0,8.0,3.0,6.0,5.0,1.0,22.0,2.0,8.0,3.0,1.0,13.0,9.0,6.0,6.0,0.0,1.0,21.0,73.0,BULL,BULL,BULL,False,,0.8,0.12,1.0
2018-04-20,7.0,0.0,5.0,0.0,0.0,1.0,12.0,4.0,6.0,6.0,0.0,1.0,16.0,2.0,8.0,3.0,1.0,13.0,9.0,6.0,6.0,0.0,1.0,21.0,62.0,NEUTRAL,BULL,BULL,False,,0.8,0.12,1.0
2018-04-23,7.0,0.0,5.0,0.0,0.0,1.0,12.0,4.0,6.0,6.0,0.0,1.0,16.0,2.0,8.0,3.0,1.0,13.0,9.0,6.0,6.0,0.0,1.0,21.0,62.0,NEUTRAL,NEUTRAL,NEUTRAL,False,,0.5,0.08,0.7
2018-04-24,7.0,0.0,5.0,0.0,0.0,1.0,12.0,8.0,6.0,6.0,5.0,1.0,25.0,2.0,0.0,3.0,1.0,5.0,9.0,6.0,6.0,0.0,1.0,21.0,63.0,NEUTRAL,NEUTRAL,NEUTRAL,False,,0.5,0.08,0.7
2018-04-25,7.0,0.0,5.0,0.0,0.0,1.0,12.0,8.0,6.0,6.0,5.0,1.0,25.0,2.0,0.0,7.0,1.0,9.0,9.0,6.0,6.0,0.0,1.0,21.0,67.0,BULL,NEUTRAL,NEUTRAL,False,,0.5,0.08,0.7
2018-04-26,7.0,0.0,5.0,0.0,4.0,1.0,16.0,4.0,6.0,6.0,0.0,1.0,16.0,2.0,8.0,7.0,1.0,17.0,9.0,6.0,6.0,0.0,1.0,21.0,70.0,BULL,BULL,BULL,False,,0.8,0.12,1.0
2018-04-27,7.0,0.0,5.0,0.0,0.0,1.0,12.0,8.0,6.0,6.0,5.0,1.0,25.0,2.0,8.0,7.0,1.0,17.0,9.0,6.0,6.0,0.0,1.0,21.0,75.0,BULL,BULL,BULL,False,,0.8,0.12,1.0
2018-04-30,7.0,0.0,5.0,0.0,4.0,1.0,16.0,4.0,6.0,6.0,0.0,1.0,16.0,2.0,8.0,7.0,1.0,17.0,9.0,6.0,6.0,0.0,1.0,21.0,70.0,BULL,BULL,BULL,False,,0.8,0.12,1.0
2018-05-01,7.0,0.0,5.0,0.0,4.0,1.0,16.0,4.0,6.0,0.0,0.0,1.0,10.0,2.0,8.0,7.0,1.0,17.0,9.0,6.0,6.0,0.0,1.0,21.0,64.0,NEUTRAL,BULL,BULL,False,,0.8,0.12,1.0
2018-05-02,7.0,0.0,5.0,0.0,4.0,1.0,16.0,4.0,6.0,0.0,0.0,1.0,10.0,2.0,4.0,7.0,1.0,13.0,9.0,6.0,6.0,0.0,1.0,21.0,60.0,NEUTRAL,NEUTRAL,NEUTRAL,False,,0.5,0.08,0.7
2018-05-03,7.0,0.0,5.0,0.0,4.0,1.0,16.0,4.0,6.0,0.0,0.0,1.0,10.0,2.0,8.0,7.0,1.0,17.0,9.0,6.0,6.0,0.0,1.0,21.0,64.0,NEUTRAL,NEUTRAL,NEUTRAL,False,,0.5,0.08,0.7
2018-05-04,7.0,0.0,5.0,0.0,4.0,1.0,16.0,4.0,6.0,0.0,0.0,1.0,10.0,2.0,8.0,7.0,1.0,17.0,9.0,6.0,6.0,0.0,1.0,21.0,64.0,NEUTRAL,NEUTRAL,NEUTRAL,False,,0.5,0.08,0.7
2018-05-07,7.0,5.0,5.0,0.0,4.0,1.0,21.0,4.0,3.0,0.0,0.0,1.0,7.000000000000001,2.0,8.0,7.0,1.0,17.0,9.0,6.0,6.0,0.0,1.0,21.0,66.0,BULL,NEUTRAL,NEUTRAL,False,,0.5,0.08,0.7
2018-05-08,7.0,5.0,5.0,0.0,4.0,1.0,21.0,4.0,3.0,0.0,0.0,1.0,7.000000000000001,2.0,8.0,7.0,1.0,17.0,9.0,6.0,6.0,0.0,1.0,21.0,66.0,BULL,BULL,BULL,False,,0.8,0.12,1.0
2018-05-09,7.0,5.0,5.0,0.0,4.0,1.0,21.0,4.0,3.0,0.0,0.0,1.0,7.000000000000001,5.0,8.0,7.0,1.0,20.0,9.0,6.0,6.0,0.0,1.0,21.0,69.0,BULL,BULL,BULL,False,,0.8,0.12,1.0
2018-05-10,7.0,5.0,5.0,0.0,4.0,1.0,21.0,4.0,3.0,0.0,0.0,1.0,7.000000000000001,5.0,8.0,7.0,1.0,20.0,9.0,6.0,6.0,0.0,1.0,21.0,69.0,BULL,BULL,BULL,False,,0.8,0.12,1.0
2018-05-11,7.0,5.0,5.0,0.0,4.0,1.0,21.0,4.0,3.0,0.0,0.0,1.0,7.000000000000001,5.0,8.0,7.0,1.0,20.0,9.0,6.0,6.0,0.0,1.0,21.0,69.0,BULL,BULL,BULL,False,,0.8,0.12,1.0
2018-05-14,7.0,5.0,5.0,4.0,4.0,1.0,25.0,4.0,3.0,0.0,0.0,1.0,7.000000000000001,5.0,8.0,7.0,1.0,20.0,9.0,6.0,6.0,0.0,1.0,21.0,73.0,BULL,BULL,BULL,False,,0.8,0.12,1.0
2018-05-15,7.0,5.0,5.0,4.0,4.0,1.0,25.0,4.0,3.0,0.0,0.0,1.0,7.000000000000001,2.0,8.0,7.0,1.0,17.0,9.0,6.0,6.0,0.0,1.0,21.0,70.0,BULL,BULL,BULL,False,,0.8,0.12,1.0
2018-05-16,7.0,5.0,5.0,4.0,4.0,1.0,25.0,4.0,3.0,0.0,0.0,1.0,7.000000000000001,5.0,8.0,7.0,1.0,20.0,9.0,6.0,6.0,0.0,1.0,21.0,73.0,BULL,BULL,BULL,False,,0.8,0.12,1.0
2018-05-17,7.0,5.0,5.0,4.0,4.0,1.0,25.0,4.0,6.0,0.0,0.0,1.0,10.0,5.0,8.0,7.0,1.0,20.0,9.0,6.0,6.0,0.0,1.0,21.0,76.0,BULL,BULL,BULL,False,,0.8,0.12,1.0
2018-05-18,7.0,5.0,5.0,4.0,4.0,1.0,25.0,4.0,6.0,0.0,0.0,1.0,10.0,5.0,8.0,7.0,1.0,20.0,9.0,6.0,6.0,0.0,1.0,21.0,76.0,BULL,BULL,BULL,False,,0.8,0.12,1.0
2018-05-21,7.0,5.0,5.0,4.0,4.0,1.0,25.0,4.0,6.0,0.0,0.0,1.0,10.0,5.0,8.0,7.0,1.0,20.0,9.0,6.0,6.0,0.0,1.0,21.0,76.0,BULL,BULL,BULL,False,,0.8,0.12,1.0
2018-05-22,7.0,5.0,5.0,4.0,4.0,1.0,25.0,4.0,6.0,0.0,0.0,1.0,10.0,5.0,8.0,7.0,1.0,20.0,9.0,6.0,6.0,0.0,1.0,21.0,76.0,BULL,BULL,BULL,False,,0.8,0.12,1.0
2018-05-23,7.0,5.0,5.0,4.0,4.0,1.0,25.0,4.0,6.0,0.0,0.0,1.0,10.0,5.0,8.0,7.0,1.0,20.0,9.0,6.0,6.0,0.0,1.0,21.0,76.0,BULL,BULL,BULL,False,,0.8,0.12,1.0
2018-05-24,7.0,5.0,5.0,4.0,4.0,1.0,25.0,4.0,6.0,0.0,0.0,1.0,10.0,5.0,8.0,7.0,1.0,20.0,9.0,6.0,6.0,0.0,1.0,21.0,76.0,BULL,BULL,BULL,False,,0.8,0.12,1.0
2018-05-25,7.0,5.0,5.0,4.0,4.0,1.0,25.0,4.0,6.0,0.0,0.0,1.0,10.0,5.0,8.0,7.0,1.0,20.0,9.0,6.0,6.0,0.0,1.0,21.0,76.0,BULL,BULL,BULL,False,,0.8,0.12,1.0
2018-05-29,7.0,5.0,5.0,4.0,4.0,1.0,25.0,4.0,6.0,0.0,0.0,1.0,10.0,2.0,0.0,7.0,1.0,9.0,0.0,6.0,6.0,0.0,1.0,12.0,56.0,NEUTRAL,BULL,BULL,False,,0.8,0.12,1.0
2018-05-30,7.0,5.0,5.0,4.0,4.0,1.0,25.0,4.0,6.0,0.0,0.0,1.0,10.0,2.0,8.0,7.0,1.0,17.0,0.0,6.0,6.0,0.0,1.0,12.0,64.0,NEUTRAL,NEUTRAL,NEUTRAL,False,,0.5,0.08,0.7
2018-05-31,7.0,5.0,5.0,4.0,4.0,1.0,25.0,4.0,3.0,0.0,0.0,1.0,7.000000000000001,2.0,8.0,7.0,1.0,17.0,0.0,6.0,6.0,0.0,1.0,12.0,61.0,NEUTRAL,NEUTRAL,NEUTRAL,False,,0.5,0.08,0.7
2018-06-01,7.0,5.0,5.0,4.0,4.0,1.0,25.0,4.0,3.0,0.0,0.0,1.0,7.000000000000001,5.0,8.0,7.0,1.0,20.0,0.0,6.0,6.0,0.0,1.0,12.0,64.0,NEUTRAL,NEUTRAL,NEUTRAL,False,,0.5,0.08,0.7
2018-06-04,7.0,5.0,5.0,4.0,4.0,1.0,25.0,4.0,3.0,0.0,0.0,1.0,7.000000000000001,5.0,8.0,7.0,1.0,20.0,9.0,6.0,6.0,0.0,1.0,21.0,73.0,BULL,NEUTRAL,NEUTRAL,False,,0.5,0.08,0.7
2018-06-05,7.0,5.0,5.0,4.0,4.0,1.0,25.0,4.0,6.0,0.0,0.0,1.0,10.0,5.0,8.0,7.0,1.0,20.0,9.0,6.0,6.0,0.0,1.0,21.0,76.0,BULL,BULL,BULL,False,,0.8,0.12,1.0
2018-06-06,7.0,5.0,5.0,4.0,4.0,1.0,25.0,4.0,6.0,0.0,0.0,1.0,10.0,5.0,8.0,7.0,1.0,20.0,9.0,6.0,6.0,0.0,1.0,21.0,76.0,BULL,BULL,BULL,False,,0.8,0.12,1.0
2018-06-07,7.0,5.0,5.0,4.0,4.0,1.0,25.0,4.0,3.0,0.0,0.0,1.0,7.000000000000001,5.0,8.0,7.0,1.0,20.0,9.0,6.0,6.0,0.0,1.0,21.0,73.0,BULL,BULL,BULL,False,,0.8,0.12,1.0
2018-06-08,7.0,5.0,5.0,4.0,4.0,1.0,25.0,8.0,6.0,0.0,5.0,1.0,19.0,5.0,8.0,7.0,1.0,20.0,9.0,6.0,6.0,0.0,1.0,21.0,85.0,STRONG_BULL,BULL,BULL,False,,0.8,0.12,1.0
2018-06-11,7.0,5.0,5.0,4.0,4.0,1.0,25.0,8.0,6.0,0.0,5.0,1.0,19.0,5.0,8.0,7.0,1.0,20.0,9.0,6.0,6.0,0.0,1.0,21.0,85.0,STRONG_BULL,STRONG_BULL,STRONG_BULL,False,,1.0,0.15,1.15
2018-06-12,7.0,5.0,5.0,4.0,4.0,1.0,25.0,8.0,6.0,6.0,5.0,1.0,25.0,5.0,8.0,7.0,1.0,20.0,9.0,6.0,6.0,0.0,1.0,21.0,91.0,STRONG_BULL,STRONG_BULL,STRONG_BULL,False,,1.0,0.15,1.15
2018-06-13,7.0,5.0,5.0,4.0,4.0,1.0,25.0,8.0,3.0,6.0,5.0,1.0,22.0,5.0,8.0,7.0,1.0,20.0,9.0,6.0,6.0,0.0,1.0,21.0,88.0,STRONG_BULL,STRONG_BULL,STRONG_BULL,False,,1.0,0.15,1.15
2018-06-14,7.0,5.0,5.0,4.0,4.0,1.0,25.0,8.0,3.0,6.0,5.0,1.0,22.0,5.0,8.0,7.0,1.0,20.0,9.0,6.0,6.0,0.0,1.0,21.0,88.0,STRONG_BULL,STRONG_BULL,STRONG_BULL,False,,1.0,0.15,1.15
2018-06-15,7.0,5.0,5.0,4.0,4.0,1.0,25.0,4.0,3.0,6.0,0.0,1.0,13.0,5.0,8.0,7.0,1.0,20.0,9.0,6.0,6.0,0.0,1.0,21.0,79.0,BULL,STRONG_BULL,STRONG_BULL,False,,1.0,0.15,1.15
2018-06-18,7.0,5.0,5.0,4.0,4.0,1.0,25.0,4.0,3.0,6.0,0.0,1.0,13.0,5.0,8.0,7.0,1.0,20.0,9.0,6.0,6.0,0.0,1.0,21.0,79.0,BULL,BULL,BULL,False,,0.8,0.12,1.0
2018-06-19,7.0,5.0,5.0,4.0,4.0,1.0,25.0,8.0,3.0,6.0,5.0,1.0,22.0,5.0,8.0,7.0,1.0,20.0,9.0,6.0,6.0,0.0,1.0,21.0,88.0,STRONG_BULL,BULL,BULL,False,,0.8,0.12,1.0
2018-06-20,7.0,5.0,5.0,4.0,4.0,1.0,25.0,8.0,3.0,6.0,5.0,1.0,22.0,5.0,8.0,7.0,1.0,20.0,9.0,6.0,6.0,0.0,1.0,21.0,88.0,STRONG_BULL,STRONG_BULL,STRONG_BULL,False,,1.0,0.15,1.15
2018-06-21,7.0,5.0,5.0,4.0,4.0,1.0,25.0,8.0,3.0,6.0,5.0,1.0,22.0,2.0,8.0,7.0,1.0,17.0,9.0,6.0,6.0,0.0,1.0,21.0,85.0,STRONG_BULL,STRONG_BULL,STRONG_BULL,False,,1.0,0.15,1.15
2018-06-22,7.0,5.0,5.0,4.0,4.0,1.0,25.0,8.0,3.0,6.0,5.0,1.0,22.0,5.0,8.0,7.0,1.0,20.0,0.0,6.0,6.0,0.0,1.0,12.0,79.0,BULL,STRONG_BULL,STRONG_BULL,False,,1.0,0.15,1.15
2018-06-25,7.0,0.0,5.0,4.0,4.0,1.0,20.0,8.0,3.0,6.0,5.0,1.0,22.0,2.0,0.0,7.0,1.0,9.0,0.0,6.0,6.0,0.0,1.0,12.0,63.0,NEUTRAL,STRONG_BULL,STRONG_BULL,False,,1.0,0.15,1.15
2018-06-26,7.0,0.0,5.0,4.0,4.0,1.0,20.0,8.0,3.0,6.0,5.0,1.0,22.0,2.0,8.0,7.0,1.0,17.0,0.0,6.0,6.0,0.0,1.0,12.0,71.0,BULL,STRONG_BULL,STRONG_BULL,False,,1.0,0.15,1.15
2018-06-27,7.0,0.0,5.0,4.0,4.0,1.0,20.0,8.0,3.0,6.0,5.0,1.0,22.0,2.0,4.0,7.0,1.0,13.0,0.0,6.0,6.0,0.0,1.0,12.0,67.0,BULL,BULL,BULL,False,,0.8,0.12,1.0
2018-06-28,7.0,0.0,5.0,4.0,4.0,1.0,20.0,8.0,3.0,6.0,5.0,1.0,22.0,2.0,8.0,7.0,1.0,17.0,0.0,6.0,6.0,0.0,1.0,12.0,71.0,BULL,BULL,BULL,False,,0.8,0.12,1.0
2018-06-29,7.0,0.0,5.0,4.0,0.0,1.0,16.0,8.0,3.0,6.0,5.0,1.0,22.0,2.0,8.0,7.0,1.0,17.0,0.0,6.0,6.0,0.0,1.0,12.0,67.0,BULL,BULL,BULL,False,,0.8,0.12,1.0
2018-07-02,7.0,5.0,5.0,4.0,4.0,1.0,25.0,8.0,3.0,6.0,5.0,1.0,22.0,2.0,8.0,7.0,1.0,17.0,0.0,6.0,6.0,0.0,1.0,12.0,76.0,BULL,BULL,BULL,False,,0.8,0.12,1.0
2018-07-03,7.0,0.0,5.0,4.0,0.0,1.0,16.0,8.0,3.0,6.0,5.0,1.0,22.0,2.0,8.0,7.0,1.0,17.0,0.0,6.0,6.0,0.0,1.0,12.0,67.0,BULL,BULL,BULL,False,,0.8,0.12,1.0
2018-07-05,7.0,5.0,5.0,4.0,0.0,1.0,21.0,8.0,3.0,6.0,5.0,1.0,22.0,2.0,8.0,7.0,1.0,17.0,0.0,6.0,6.0,0.0,1.0,12.0,72.0,BULL,BULL,BULL,False,,0.8,0.12,1.0
2018-07-06,7.0,5.0,5.0,4.0,4.0,1.0,25.0,8.0,3.0,6.0,5.0,1.0,22.0,5.0,8.0,7.0,1.0,20.0,0.0,6.0,6.0,0.0,1.0,12.0,79.0,BULL,BULL,BULL,False,,0.8,0.12,1.0
2018-07-09,7.0,5.0,5.0,4.0,4.0,1.0,25.0,8.0,3.0,6.0,5.0,1.0,22.0,5.0,8.0,7.0,1.0,20.0,0.0,6.0,6.0,0.0,1.0,12.0,79.0,BULL,BULL,BULL,False,,0.8,0.12,1.0
2018-07-10,7.0,5.0,5.0,4.0,4.0,1.0,25.0,4.0,3.0,6.0,0.0,1.0,13.0,5.0,8.0,7.0,1.0,20.0,0.0,6.0,6.0,0.0,1.0,12.0,70.0,BULL,BULL,BULL,False,,0.8,0.12,1.0
2018-07-11,7.0,5.0,5.0,4.0,4.0,1.0,25.0,4.0,3.0,6.0,0.0,1.0,13.0,5.0,8.0,7.0,1.0,20.0,0.0,6.0,6.0,0.0,1.0,12.0,70.0,BULL,BULL,BULL,False,,0.8,0.12,1.0
2018-07-12,7.0,5.0,5.0,4.0,4.0,1.0,25.0,4.0,3.0,0.0,0.0,1.0,7.000000000000001,5.0,8.0,7.0,1.0,20.0,0.0,6.0,6.0,0.0,1.0,12.0,64.0,NEUTRAL,BULL,BULL,False,,0.8,0.12,1.0
2018-07-13,7.0,5.0,5.0,4.0,4.0,1.0,25.0,4.0,3.0,0.0,0.0,1.0,7.000000000000001,5.0,8.0,7.0,1.0,20.0,0.0,6.0,6.0,0.0,1.0,12.0,64.0,NEUTRAL,NEUTRAL,NEUTRAL,False,,0.5,0.08,0.7
2018-07-16,7.0,5.0,5.0,4.0,4.0,1.0,25.0,4.0,3.0,0.0,0.0,1.0,7.000000000000001,5.0,8.0,7.0,1.0,20.0,0.0,0.0,6.0,0.0,1.0,6.0,58.0,NEUTRAL,NEUTRAL,NEUTRAL,False,,0.5,0.08,0.7
2018-07-17,7.0,5.0,5.0,4.0,4.0,1.0,25.0,4.0,3.0,0.0,0.0,1.0,7.000000000000001,5.0,8.0,7.0,1.0,20.0,0.0,0.0,6.0,0.0,1.0,6.0,58.0,NEUTRAL,NEUTRAL,NEUTRAL,False,,0.5,0.08,0.7
2018-07-18,7.0,5.0,5.0,4.0,4.0,1.0,25.0,4.0,3.0,0.0,0.0,1.0,7.000000000000001,5.0,8.0,7.0,1.0,20.0,0.0,0.0,6.0,0.0,1.0,6.0,58.0,NEUTRAL,NEUTRAL,NEUTRAL,False,,0.5,0.08,0.7
2018-07-19,7.0,5.0,5.0,4.0,0.0,1.0,21.0,4.0,3.0,0.0,0.0,1.0,7.000000000000001,5.0,8.0,7.0,1.0,20.0,0.0,0.0,6.0,0.0,1.0,6.0,54.0,NEUTRAL,NEUTRAL,NEUTRAL,False,,0.5,0.08,0.7
2018-07-20,7.0,5.0,5.0,4.0,0.0,1.0,21.0,4.0,3.0,0.0,0.0,1.0,7.000000000000001,5.0,8.0,7.0,1.0,20.0,9.0,0.0,6.0,0.0,1.0,15.0,63.0,NEUTRAL,NEUTRAL,NEUTRAL,False,,0.5,0.08,0.7
2018-07-23,7.0,5.0,5.0,4.0,4.0,1.0,25.0,4.0,3.0,0.0,0.0,1.0,7.000000000000001,5.0,8.0,7.0,1.0,20.0,9.0,0.0,6.0,0.0,1.0,15.0,67.0,BULL,NEUTRAL,NEUTRAL,False,,0.5,0.08,0.7
2018-07-24,7.0,5.0,5.0,4.0,4.0,1.0,25.0,4.0,3.0,0.0,0.0,1.0,7.000000000000001,5.0,8.0,7.0,1.0,20.0,9.0,0.0,6.0,0.0,1.0,15.0,67.0,BULL,BULL,BULL,False,,0.8,0.12,1.0
2018-07-25,7.0,5.0,5.0,4.0,4.0,1.0,25.0,4.0,3.0,0.0,0.0,1.0,7.000000000000001,5.0,8.0,7.0,1.0,20.0,9.0,0.0,6.0,0.0,1.0,15.0,67.0,BULL,BULL,BULL,False,,0.8,0.12,1.0
2018-07-26,7.0,5.0,5.0,4.0,4.0,1.0,25.0,4.0,3.0,0.0,0.0,1.0,7.000000000000001,5.0,8.0,7.0,1.0,20.0,9.0,0.0,6.0,0.0,1.0,15.0,67.0,BULL,BULL,BULL,False,,0.8,0.12,1.0
2018-07-27,7.0,5.0,5.0,4.0,0.0,1.0,21.0,4.0,3.0,0.0,0.0,1.0,7.000000000000001,5.0,8.0,7.0,1.0,20.0,9.0,0.0,6.0,0.0,1.0,15.0,63.0,NEUTRAL,BULL,BULL,False,,0.8,0.12,1.0
2018-07-30,7.0,5.0,5.0,4.0,0.0,1.0,21.0,4.0,3.0,0.0,0.0,1.0,7.000000000000001,5.0,8.0,7.0,1.0,20.0,9.0,0.0,6.0,4.0,1.0,19.0,67.0,BULL,BULL,BULL,False,,0.8,0.12,1.0
2018-07-31,7.0,5.0,5.0,4.0,0.0,1.0,21.0,4.0,3.0,0.0,0.0,1.0,7.000000000000001,5.0,8.0,7.0,1.0,20.0,9.0,0.0,6.0,0.0,1.0,15.0,63.0,NEUTRAL,BULL,BULL,False,,0.8,0.12,1.0
2018-08-01,7.0,5.0,5.0,4.0,4.0,1.0,25.0,4.0,3.0,0.0,0.0,1.0,7.000000000000001,5.0,8.0,7.0,1.0,20.0,9.0,0.0,6.0,0.0,1.0,15.0,67.0,BULL,BULL,BULL,False,,0.8,0.12,1.0
2018-08-02,7.0,5.0,5.0,4.0,4.0,1.0,25.0,4.0,3.0,0.0,0.0,1.0,7.000000000000001,5.0,8.0,7.0,1.0,20.0,9.0,0.0,6.0,0.0,1.0,15.0,67.0,BULL,BULL,BULL,False,,0.8,0.12,1.0
2018-08-03,7.0,5.0,5.0,4.0,0.0,1.0,21.0,4.0,3.0,0.0,0.0,1.0,7.000000000000001,5.0,8.0,7.0,1.0,20.0,9.0,0.0,6.0,0.0,1.0,15.0,63.0,NEUTRAL,BULL,BULL,False,,0.8,0.12,1.0
2018-08-06,7.0,5.0,5.0,4.0,0.0,1.0,21.0,4.0,3.0,0.0,0.0,1.0,7.000000000000001,10.0,8.0,7.0,1.0,25.0,9.0,0.0,6.0,0.0,1.0,15.0,68.0,BULL,BULL,BULL,False,,0.8,0.12,1.0
2018-08-07,7.0,5.0,5.0,4.0,4.0,1.0,25.0,4.0,3.0,0.0,0.0,1.0,7.000000000000001,10.0,8.0,7.0,1.0,25.0,9.0,0.0,6.0,0.0,1.0,15.0,72.0,BULL,BULL,BULL,False,,0.8,0.12,1.0
2018-08-08,7.0,5.0,5.0,4.0,4.0,1.0,25.0,4.0,3.0,0.0,0.0,1.0,7.000000000000001,10.0,8.0,7.0,1.0,25.0,9.0,0.0,6.0,0.0,1.0,15.0,72.0,BULL,BULL,BULL,False,,0.8,0.12,1.0
2018-08-09,7.0,5.0,5.0,4.0,0.0,1.0,21.0,4.0,3.0,0.0,0.0,1.0,7.000000000000001,10.0,8.0,7.0,1.0,25.0,9.0,0.0,6.0,0.0,1.0,15.0,68.0,BULL,BULL,BULL,False,,0.8,0.12,1.0
2018-08-10,7.0,5.0,5.0,4.0,0.0,1.0,21.0,4.0,3.0,0.0,0.0,1.0,7.000000000000001,5.0,8.0,7.0,1.0,20.0,9.0,0.0,6.0,0.0,1.0,15.0,63.0,NEUTRAL,BULL,BULL,False,,0.8,0.12,1.0
2018-08-13,7.0,5.0,5.0,4.0,0.0,1.0,21.0,4.0,3.0,0.0,0.0,1.0,7.000000000000001,2.0,8.0,7.0,1.0,17.0,9.0,0.0,6.0,0.0,1.0,15.0,60.0,NEUTRAL,NEUTRAL,NEUTRAL,False,,0.5,0.08,0.7
2018-08-14,7.0,5.0,5.0,4.0,0.0,1.0,21.0,4.0,3.0,0.0,0.0,1.0,7.000000000000001,5.0,8.0,7.0,1.0,20.0,9.0,6.0,6.0,0.0,1.0,21.0,69.0,BULL,NEUTRAL,NEUTRAL,False,,0.5,0.08,0.7
2018-08-15,7.0,5.0,5.0,4.0,0.0,1.0,21.0,4.0,3.0,0.0,0.0,1.0,7.000000000000001,5.0,8.0,7.0,1.0,20.0,0.0,0.0,6.0,0.0,1.0,6.0,54.0,NEUTRAL,NEUTRAL,NEUTRAL,False,,0.5,0.08,0.7
2018-08-16,7.0,5.0,5.0,4.0,0.0,1.0,21.0,4.0,3.0,0.0,0.0,1.0,7.000000000000001,5.0,8.0,7.0,1.0,20.0,9.0,0.0,6.0,0.0,1.0,15.0,63.0,NEUTRAL,NEUTRAL,NEUTRAL,False,,0.5,0.08,0.7
2018-08-17,7.0,5.0,5.0,4.0,0.0,1.0,21.0,4.0,3.0,0.0,0.0,1.0,7.000000000000001,5.0,8.0,7.0,1.0,20.0,9.0,0.0,6.0,0.0,1.0,15.0,63.0,NEUTRAL,NEUTRAL,NEUTRAL,False,,0.5,0.08,0.7
2018-08-20,7.0,5.0,5.0,4.0,0.0,1.0,21.0,8.0,3.0,0.0,5.0,1.0,16.0,5.0,8.0,7.0,1.0,20.0,0.0,0.0,6.0,0.0,1.0,6.0,63.0,NEUTRAL,NEUTRAL,NEUTRAL,False,,0.5,0.08,0.7
2018-08-21,7.0,5.0,5.0,4.0,0.0,1.0,21.0,8.0,3.0,0.0,5.0,1.0,16.0,5.0,8.0,7.0,1.0,20.0,9.0,6.0,6.0,0.0,1.0,21.0,78.0,BULL,NEUTRAL,NEUTRAL,False,,0.5,0.08,0.7
2018-08-22,7.0,5.0,5.0,4.0,0.0,1.0,21.0,8.0,3.0,6.0,5.0,1.0,22.0,5.0,8.0,7.0,1.0,20.0,9.0,6.0,6.0,0.0,1.0,21.0,84.0,STRONG_BULL,NEUTRAL,NEUTRAL,False,,0.5,0.08,0.7
2018-08-23,7.0,5.0,5.0,4.0,0.0,1.0,21.0,4.0,3.0,6.0,0.0,1.0,13.0,5.0,8.0,7.0,1.0,20.0,9.0,6.0,6.0,0.0,1.0,21.0,75.0,BULL,NEUTRAL,NEUTRAL,False,,0.5,0.08,0.7
2018-08-24,7.0,5.0,5.0,4.0,4.0,1.0,25.0,4.0,3.0,6.0,0.0,1.0,13.0,5.0,8.0,7.0,1.0,20.0,9.0,6.0,6.0,0.0,1.0,21.0,79.0,BULL,BULL,BULL,False,,0.8,0.12,1.0
2018-08-27,7.0,5.0,5.0,4.0,4.0,1.0,25.0,4.0,3.0,0.0,0.0,1.0,7.000000000000001,5.0,8.0,7.0,1.0,20.0,9.0,6.0,6.0,4.0,1.0,25.0,77.0,BULL,BULL,BULL,False,,0.8,0.12,1.0
2018-08-28,7.0,5.0,5.0,4.0,4.0,1.0,25.0,4.0,3.0,0.0,0.0,1.0,7.000000000000001,5.0,8.0,7.0,1.0,20.0,9.0,6.0,6.0,4.0,1.0,25.0,77.0,BULL,BULL,BULL,False,,0.8,0.12,1.0
2018-08-29,7.0,5.0,5.0,4.0,4.0,1.0,25.0,4.0,3.0,0.0,0.0,1.0,7.000000000000001,5.0,8.0,7.0,1.0,20.0,9.0,6.0,6.0,4.0,1.0,25.0,77.0,BULL,BULL,BULL,False,,0.8,0.12,1.0
2018-08-30,7.0,5.0,5.0,4.0,4.0,1.0,25.0,4.0,3.0,0.0,0.0,1.0,7.000000000000001,5.0,8.0,7.0,1.0,20.0,9.0,6.0,6.0,4.0,1.0,25.0,77.0,BULL,BULL,BULL,False,,0.8,0.12,1.0
2018-08-31,7.0,5.0,5.0,4.0,4.0,1.0,25.0,4.0,3.0,0.0,0.0,1.0,7.000000000000001,5.0,8.0,7.0,1.0,20.0,9.0,6.0,6.0,0.0,1.0,21.0,73.0,BULL,BULL,BULL,False,,0.8,0.12,1.0
2018-09-04,7.0,5.0,5.0,4.0,4.0,1.0,25.0,4.0,3.0,0.0,0.0,1.0,7.000000000000001,5.0,8.0,7.0,1.0,20.0,9.0,6.0,6.0,0.0,1.0,21.0,73.0,BULL,BULL,BULL,False,,0.8,0.12,1.0
2018-09-05,7.0,5.0,5.0,4.0,0.0,1.0,21.0,8.0,3.0,0.0,5.0,1.0,16.0,5.0,8.0,7.0,1.0,20.0,9.0,6.0,6.0,0.0,1.0,21.0,78.0,BULL,BULL,BULL,False,,0.8,0.12,1.0
2018-09-06,7.0,5.0,5.0,4.0,0.0,1.0,21.0,8.0,3.0,0.0,5.0,1.0,16.0,5.0,8.0,7.0,1.0,20.0,9.0,6.0,6.0,4.0,1.0,25.0,82.0,BULL,BULL,BULL,False,,0.8,0.12,1.0
2018-09-07,7.0,5.0,5.0,4.0,0.0,1.0,21.0,8.0,3.0,0.0,5.0,1.0,16.0,2.0,8.0,7.0,1.0,17.0,9.0,6.0,6.0,0.0,1.0,21.0,75.0,BULL,BULL,BULL,False,,0.8,0.12,1.0
2018-09-10,7.0,5.0,5.0,4.0,0.0,1.0,21.0,8.0,3.0,6.0,5.0,1.0,22.0,5.0,8.0,7.0,1.0,20.0,9.0,6.0,6.0,0.0,1.0,21.0,84.0,STRONG_BULL,BULL,BULL,False,,0.8,0.12,1.0
2018-09-11,7.0,5.0,5.0,4.0,0.0,1.0,21.0,8.0,3.0,6.0,5.0,1.0,22.0,5.0,8.0,7.0,1.0,20.0,9.0,6.0,6.0,4.0,1.0,25.0,88.0,STRONG_BULL,STRONG_BULL,STRONG_BULL,False,,1.0,0.15,1.15
2018-09-12,7.0,5.0,5.0,4.0,0.0,1.0,21.0,8.0,3.0,6.0,5.0,1.0,22.0,5.0,8.0,7.0,1.0,20.0,9.0,6.0,6.0,4.0,1.0,25.0,88.0,STRONG_BULL,STRONG_BULL,STRONG_BULL,False,,1.0,0.15,1.15
2018-09-13,7.0,5.0,5.0,4.0,0.0,1.0,21.0,4.0,3.0,6.0,0.0,1.0,13.0,5.0,8.0,7.0,1.0,20.0,9.0,6.0,6.0,4.0,1.0,25.0,79.0,BULL,STRONG_BULL,STRONG_BULL,False,,1.0,0.15,1.15
2018-09-14,7.0,5.0,5.0,4.0,0.0,1.0,21.0,4.0,3.0,6.0,0.0,1.0,13.0,10.0,8.0,7.0,1.0,25.0,9.0,6.0,6.0,4.0,1.0,25.0,84.0,BULL,BULL,BULL,False,,0.8,0.12,1.0
2018-09-17,7.0,5.0,5.0,4.0,0.0,1.0,21.0,8.0,3.0,6.0,5.0,1.0,22.0,5.0,8.0,7.0,1.0,20.0,9.0,6.0,6.0,4.0,1.0,25.0,88.0,STRONG_BULL,BULL,BULL,False,,0.8,0.12,1.0
2018-09-18,7.0,5.0,5.0,4.0,0.0,1.0,21.0,4.0,3.0,0.0,0.0,1.0,7.000000000000001,5.0,8.0,7.0,1.0,20.0,9.0,6.0,6.0,4.0,1.0,25.0,73.0,BULL,BULL,BULL,False,,0.8,0.12,1.0
2018-09-19,7.0,5.0,5.0,4.0,0.0,1.0,21.0,4.0,3.0,0.0,0.0,1.0,7.000000000000001,10.0,8.0,7.0,1.0,25.0,9.0,0.0,6.0,4.0,1.0,19.0,72.0,BULL,BULL,BULL,False,,0.8,0.12,1.0
2018-09-20,7.0,5.0,5.0,4.0,0.0,1.0,21.0,4.0,3.0,0.0,0.0,1.0,7.000000000000001,10.0,8.0,7.0,1.0,25.0,9.0,0.0,6.0,4.0,1.0,19.0,72.0,BULL,BULL,BULL,False,,0.8,0.12,1.0
2018-09-21,7.0,5.0,5.0,4.0,0.0,1.0,21.0,4.0,3.0,0.0,0.0,1.0,7.000000000000001,10.0,8.0,7.0,1.0,25.0,9.0,0.0,6.0,4.0,1.0,19.0,72.0,BULL,BULL,BULL,False,,0.8,0.12,1.0
2018-09-24,7.0,5.0,5.0,4.0,0.0,1.0,21.0,4.0,3.0,0.0,0.0,1.0,7.000000000000001,5.0,8.0,7.0,1.0,20.0,9.0,0.0,6.0,4.0,1.0,19.0,67.0,BULL,BULL,BULL,False,,0.8,0.12,1.0
2018-09-25,7.0,5.0,5.0,4.0,0.0,1.0,21.0,4.0,3.0,0.0,0.0,1.0,7.000000000000001,5.0,8.0,7.0,1.0,20.0,9.0,0.0,6.0,4.0,1.0,19.0,67.0,BULL,BULL,BULL,False,,0.8,0.12,1.0
2018-09-26,7.0,5.0,5.0,4.0,0.0,1.0,21.0,4.0,3.0,0.0,0.0,1.0,7.000000000000001,5.0,8.0,7.0,1.0,20.0,9.0,0.0,6.0,4.0,1.0,19.0,67.0,BULL,BULL,BULL,False,,0.8,0.12,1.0
2018-09-27,7.0,5.0,5.0,4.0,0.0,1.0,21.0,4.0,3.0,0.0,0.0,1.0,7.000000000000001,5.0,8.0,7.0,1.0,20.0,9.0,0.0,6.0,4.0,1.0,19.0,67.0,BULL,BULL,BULL,False,,0.8,0.12,1.0
2018-09-28,7.0,5.0,5.0,4.0,0.0,1.0,21.0,4.0,3.0,0.0,0.0,1.0,7.000000000000001,10.0,8.0,7.0,1.0,25.0,9.0,0.0,6.0,0.0,1.0,15.0,68.0,BULL,BULL,BULL,False,,0.8,0.12,1.0
2018-10-01,7.0,5.0,5.0,4.0,0.0,1.0,21.0,4.0,3.0,0.0,0.0,1.0,7.000000000000001,10.0,8.0,7.0,1.0,25.0,9.0,0.0,6.0,0.0,1.0,15.0,68.0,BULL,BULL,BULL,False,,0.8,0.12,1.0
2018-10-02,7.0,5.0,5.0,4.0,0.0,1.0,21.0,4.0,3.0,0.0,0.0,1.0,7.000000000000001,10.0,8.0,7.0,1.0,25.0,9.0,0.0,6.0,0.0,1.0,15.0,68.0,BULL,BULL,BULL,False,,0.8,0.12,1.0
2018-10-03,7.0,5.0,5.0,4.0,4.0,1.0,25.0,4.0,3.0,0.0,0.0,1.0,7.000000000000001,10.0,8.0,7.0,1.0,25.0,9.0,0.0,6.0,0.0,1.0,15.0,72.0,BULL,BULL,BULL,False,,0.8,0.12,1.0
2018-10-04,7.0,5.0,5.0,4.0,0.0,1.0,21.0,4.0,3.0,0.0,0.0,1.0,7.000000000000001,5.0,4.0,7.0,1.0,16.0,9.0,0.0,0.0,0.0,1.0,9.0,53.0,NEUTRAL,BULL,BULL,False,,0.8,0.12,1.0
2018-10-05,7.0,5.0,5.0,4.0,0.0,1.0,21.0,4.0,3.0,0.0,0.0,1.0,7.000000000000001,2.0,8.0,7.0,1.0,17.0,9.0,0.0,6.0,0.0,1.0,15.0,60.0,NEUTRAL,NEUTRAL,NEUTRAL,False,,0.5,0.08,0.7
2018-10-08,7.0,5.0,5.0,4.0,0.0,1.0,21.0,4.0,3.0,0.0,0.0,1.0,7.000000000000001,2.0,8.0,7.0,1.0,17.0,9.0,0.0,6.0,0.0,1.0,15.0,60.0,NEUTRAL,NEUTRAL,NEUTRAL,False,,0.5,0.08,0.7
2018-10-09,7.0,5.0,5.0,4.0,0.0,1.0,21.0,4.0,3.0,0.0,0.0,1.0,7.000000000000001,2.0,8.0,7.0,1.0,17.0,9.0,0.0,6.0,0.0,1.0,15.0,60.0,NEUTRAL,NEUTRAL,NEUTRAL,False,,0.5,0.08,0.7
2018-10-10,7.0,0.0,5.0,4.0,0.0,1.0,16.0,4.0,3.0,0.0,0.0,1.0,7.000000000000001,0.0,0.0,7.0,1.0,7.000000000000001,9.0,0.0,6.0,0.0,1.0,15.0,45.0,NEUTRAL,NEUTRAL,CRISIS,True,VIX_PCTL_EXTREME|TERM_BACKWARDATION|VIX_SPIKE,0.0,0.0,0.0
2018-10-11,0.0,0.0,5.0,4.0,0.0,1.0,9.0,4.0,3.0,0.0,0.0,1.0,7.000000000000001,0.0,0.0,7.0,1.0,7.000000000000001,0.0,0.0,6.0,4.0,1.0,10.0,33.0,CAUTION,NEUTRAL,CRISIS,True,VIX_PCTL_EXTREME|TERM_BACKWARDATION,0.0,0.0,0.0
2018-10-12,7.0,0.0,5.0,4.0,0.0,1.0,16.0,4.0,3.0,0.0,0.0,1.0,7.000000000000001,0.0,0.0,7.0,1.0,7.000000000000001,9.0,0.0,6.0,4.0,1.0,19.0,49.0,NEUTRAL,NEUTRAL,CRISIS,True,TERM_BACKWARDATION,0.0,0.0,0.0
2018-10-15,7.0,0.0,5.0,4.0,0.0,1.0,16.0,4.0,3.0,0.0,0.0,1.0,7.000000000000001,0.0,0.0,7.0,1.0,7.000000000000001,9.0,0.0,6.0,4.0,1.0,19.0,49.0,NEUTRAL,NEUTRAL,CRISIS,True,TERM_BACKWARDATION,0.0,0.0,0.0
2018-10-16,7.0,0.0,5.0,4.0,4.0,1.0,20.0,4.0,3.0,0.0,0.0,1.0,7.000000000000001,2.0,4.0,7.0,1.0,13.0,9.0,0.0,6.0,4.0,1.0,19.0,59.0,NEUTRAL,NEUTRAL,NEUTRAL,False,,0.5,0.08,0.7
2018-10-17,7.0,0.0,5.0,4.0,4.0,1.0,20.0,4.0,3.0,0.0,0.0,1.0,7.000000000000001,2.0,4.0,7.0,1.0,13.0,9.0,0.0,6.0,0.0,1.0,15.0,55.0,NEUTRAL,NEUTRAL,NEUTRAL,False,,0.5,0.08,0.7
2018-10-18,7.0,0.0,5.0,4.0,0.0,1.0,16.0,4.0,3.0,0.0,0.0,1.0,7.000000000000001,0.0,0.0,7.0,1.0,7.000000000000001,9.0,0.0,6.0,0.0,1.0,15.0,45.0,NEUTRAL,NEUTRAL,CRISIS,True,TERM_BACKWARDATION,0.0,0.0,0.0
2018-10-19,7.0,0.0,5.0,0.0,0.0,1.0,12.0,4.0,3.0,0.0,0.0,1.0,7.000000000000001,2.0,0.0,7.0,1.0,9.0,9.0,0.0,6.0,0.0,1.0,15.0,43.0,CAUTION,NEUTRAL,NEUTRAL,False,,0.5,0.08,0.7
2018-10-22,7.0,0.0,5.0,0.0,4.0,1.0,16.0,4.0,3.0,0.0,0.0,1.0,7.000000000000001,2.0,0.0,7.0,1.0,9.0,9.0,0.0,6.0,0.0,1.0,15.0,47.0,NEUTRAL,NEUTRAL,NEUTRAL,False,,0.5,0.08,0.7
2018-10-23,0.0,0.0,5.0,0.0,0.0,1.0,5.0,4.0,3.0,0.0,0.0,1.0,7.000000000000001,0.0,0.0,7.0,1.0,7.000000000000001,9.0,0.0,6.0,0.0,1.0,15.0,34.0,CAUTION,NEUTRAL,CRISIS,True,TERM_BACKWARDATION,0.0,0.0,0.0
2018-10-24,0.0,0.0,5.0,0.0,0.0,1.0,5.0,4.0,3.0,0.0,0.0,1.0,7.000000000000001,0.0,0.0,3.0,1.0,3.0,0.0,0.0,6.0,0.0,1.0,6.0,21.0,RISK_OFF,NEUTRAL,CRISIS,True,VIX_PCTL_EXTREME|TERM_BACKWARDATION,0.0,0.0,0.0
2018-10-25,0.0,0.0,5.0,0.0,0.0,1.0,5.0,4.0,3.0,0.0,0.0,1.0,7.000000000000001,0.0,0.0,3.0,1.0,3.0,0.0,0.0,6.0,0.0,1.0,6.0,21.0,RISK_OFF,RISK_OFF,CRISIS,True,VIX_PCTL_EXTREME|TERM_BACKWARDATION,0.0,0.0,0.0
2018-10-26,0.0,0.0,5.0,0.0,0.0,1.0,5.0,4.0,3.0,0.0,0.0,1.0,7.000000000000001,0.0,0.0,3.0,1.0,3.0,0.0,0.0,6.0,0.0,1.0,6.0,21.0,RISK_OFF,RISK_OFF,CRISIS,True,VIX_PCTL_EXTREME|TERM_BACKWARDATION,0.0,0.0,0.0
2018-10-29,0.0,0.0,5.0,0.0,0.0,1.0,5.0,8.0,3.0,0.0,5.0,1.0,16.0,0.0,0.0,3.0,1.0,3.0,0.0,0.0,6.0,0.0,1.0,6.0,30.0,CAUTION,RISK_OFF,CRISIS,True,VIX_PCTL_EXTREME|TERM_BACKWARDATION,0.0,0.0,0.0
2018-10-30,0.0,0.0,5.0,0.0,0.0,1.0,5.0,8.0,3.0,0.0,5.0,1.0,16.0,0.0,0.0,3.0,1.0,3.0,0.0,6.0,6.0,0.0,1.0,12.0,36.0,CAUTION,CAUTION,CRISIS,True,TERM_BACKWARDATION,0.0,0.0,0.0
2018-10-31,0.0,0.0,5.0,0.0,0.0,1.0,5.0,8.0,3.0,0.0,5.0,1.0,16.0,0.0,0.0,3.0,1.0,3.0,0.0,0.0,6.0,0.0,1.0,6.0,30.0,CAUTION,CAUTION,CRISIS,True,TERM_BACKWARDATION,0.0,0.0,0.0
2018-11-01,7.0,0.0,5.0,0.0,0.0,1.0,12.0,8.0,3.0,6.0,5.0,1.0,22.0,2.0,0.0,3.0,1.0,5.0,0.0,6.0,6.0,0.0,1.0,12.0,51.0,NEUTRAL,CAUTION,CAUTION,False,,0.25,0.05,0.4
2018-11-02,0.0,0.0,5.0,0.0,0.0,1.0,5.0,8.0,3.0,6.0,5.0,1.0,22.0,2.0,0.0,3.0,1.0,5.0,0.0,6.0,6.0,0.0,1.0,12.0,44.0,CAUTION,CAUTION,CAUTION,False,,0.25,0.05,0.4
2018-11-05,7.0,0.0,5.0,0.0,0.0,1.0,12.0,8.0,3.0,6.0,5.0,1.0,22.0,2.0,0.0,3.0,1.0,5.0,0.0,6.0,6.0,0.0,1.0,12.0,51.0,NEUTRAL,CAUTION,CAUTION,False,,0.25,0.05,0.4
2018-11-06,7.0,0.0,5.0,0.0,0.0,1.0,12.0,8.0,3.0,6.0,5.0,1.0,22.0,2.0,0.0,3.0,1.0,5.0,9.0,6.0,6.0,0.0,1.0,21.0,60.0,NEUTRAL,NEUTRAL,CRISIS,True,TERM_BACKWARDATION,0.0,0.0,0.0
2018-11-07,7.0,5.0,5.0,0.0,4.0,1.0,21.0,8.0,3.0,6.0,5.0,1.0,22.0,2.0,8.0,3.0,1.0,13.0,9.0,6.0,6.0,0.0,1.0,21.0,77.0,BULL,NEUTRAL,NEUTRAL,False,,0.5,0.08,0.7
2018-11-08,7.0,5.0,5.0,0.0,0.0,1.0,17.0,8.0,3.0,6.0,5.0,1.0,22.0,2.0,8.0,3.0,1.0,13.0,9.0,6.0,6.0,0.0,1.0,21.0,73.0,BULL,BULL,BULL,False,,0.8,0.12,1.0
2018-11-09,7.0,0.0,5.0,0.0,0.0,1.0,12.0,8.0,3.0,6.0,5.0,1.0,22.0,2.0,8.0,3.0,1.0,13.0,0.0,6.0,6.0,0.0,1.0,12.0,59.0,NEUTRAL,BULL,BULL,False,,0.8,0.12,1.0
2018-11-12,0.0,0.0,5.0,0.0,0.0,1.0,5.0,8.0,3.0,6.0,5.0,1.0,22.0,2.0,0.0,3.0,1.0,5.0,0.0,0.0,6.0,0.0,1.0,6.0,38.0,CAUTION,BULL,BULL,False,,0.8,0.12,1.0
2018-11-13,0.0,0.0,5.0,0.0,0.0,1.0,5.0,8.0,3.0,6.0,5.0,1.0,22.0,2.0,4.0,3.0,1.0,9.0,0.0,0.0,6.0,0.0,1.0,6.0,42.0,CAUTION,CAUTION,CAUTION,False,,0.25,0.05,0.4
2018-11-14,0.0,0.0,5.0,0.0,0.0,1.0,5.0,8.0,3.0,6.0,5.0,1.0,22.0,0.0,0.0,3.0,1.0,3.0,0.0,0.0,6.0,0.0,1.0,6.0,36.0,CAUTION,CAUTION,CAUTION,False,,0.25,0.05,0.4
2018-11-15,0.0,0.0,5.0,0.0,0.0,1.0,5.0,8.0,3.0,6.0,5.0,1.0,22.0,2.0,4.0,3.0,1.0,9.0,0.0,6.0,6.0,0.0,1.0,12.0,48.0,NEUTRAL,CAUTION,CAUTION,False,,0.25,0.05,0.4
2018-11-16,7.0,0.0,5.0,0.0,0.0,1.0,12.0,8.0,3.0,6.0,5.0,1.0,22.0,2.0,8.0,3.0,1.0,13.0,0.0,6.0,6.0,0.0,1.0,12.0,59.0,NEUTRAL,NEUTRAL,NEUTRAL,False,,0.5,0.08,0.7
2018-11-19,0.0,0.0,5.0,0.0,0.0,1.0,5.0,8.0,3.0,6.0,5.0,1.0,22.0,2.0,4.0,3.0,1.0,9.0,0.0,6.0,6.0,0.0,1.0,12.0,48.0,NEUTRAL,NEUTRAL,NEUTRAL,False,,0.5,0.08,0.7
2018-11-20,0.0,0.0,5.0,0.0,0.0,1.0,5.0,8.0,6.0,6.0,5.0,1.0,25.0,0.0,0.0,3.0,1.0,3.0,0.0,6.0,6.0,0.0,1.0,12.0,45.0,NEUTRAL,NEUTRAL,NEUTRAL,False,,0.5,0.08,0.7
2018-11-21,0.0,0.0,5.0,0.0,0.0,1.0,5.0,8.0,6.0,6.0,5.0,1.0,25.0,2.0,8.0,3.0,1.0,13.0,0.0,6.0,6.0,0.0,1.0,12.0,55.0,NEUTRAL,NEUTRAL,NEUTRAL,False,,0.5,0.08,0.7
2018-11-23,0.0,0.0,5.0,0.0,0.0,1.0,5.0,8.0,6.0,6.0,5.0,1.0,25.0,0.0,4.0,3.0,1.0,7.000000000000001,0.0,6.0,6.0,0.0,1.0,12.0,49.0,NEUTRAL,NEUTRAL,NEUTRAL,False,,0.5,0.08,0.7
2018-11-26,0.0,0.0,5.0,0.0,0.0,1.0,5.0,8.0,6.0,6.0,5.0,1.0,25.0,2.0,4.0,3.0,1.0,9.0,0.0,6.0,6.0,0.0,1.0,12.0,51.0,NEUTRAL,NEUTRAL,NEUTRAL,False,,0.5,0.08,0.7
2018-11-27,0.0,0.0,5.0,0.0,0.0,1.0,5.0,8.0,6.0,6.0,5.0,1.0,25.0,2.0,0.0,3.0,1.0,5.0,0.0,6.0,6.0,0.0,1.0,12.0,47.0,NEUTRAL,NEUTRAL,NEUTRAL,False,,0.5,0.08,0.7
2018-11-28,7.0,0.0,5.0,0.0,0.0,1.0,12.0,8.0,6.0,6.0,5.0,1.0,25.0,2.0,0.0,3.0,1.0,5.0,0.0,6.0,6.0,0.0,1.0,12.0,54.0,NEUTRAL,NEUTRAL,CRISIS,True,TERM_BACKWARDATION,0.0,0.0,0.0
2018-11-29,7.0,0.0,5.0,0.0,0.0,1.0,12.0,8.0,3.0,6.0,5.0,1.0,22.0,2.0,0.0,3.0,1.0,5.0,0.0,6.0,6.0,0.0,1.0,12.0,51.0,NEUTRAL,NEUTRAL,CRISIS,True,TERM_BACKWARDATION,0.0,0.0,0.0
2018-11-30,7.0,5.0,5.0,0.0,0.0,1.0,17.0,8.0,3.0,6.0,5.0,1.0,22.0,2.0,0.0,3.0,1.0,5.0,0.0,0.0,6.0,0.0,1.0,6.0,50.0,NEUTRAL,NEUTRAL,CRISIS,True,TERM_BACKWARDATION,0.0,0.0,0.0
2018-12-03,7.0,5.0,5.0,0.0,0.0,1.0,17.0,8.0,3.0,6.0,5.0,1.0,22.0,5.0,4.0,3.0,1.0,12.0,0.0,0.0,6.0,0.0,1.0,6.0,57.0,NEUTRAL,NEUTRAL,NEUTRAL,False,,0.5,0.08,0.7
2018-12-04,0.0,0.0,5.0,0.0,0.0,1.0,5.0,8.0,3.0,6.0,5.0,1.0,22.0,2.0,0.0,3.0,1.0,5.0,0.0,0.0,6.0,0.0,1.0,6.0,38.0,CAUTION,NEUTRAL,CRISIS,True,TERM_BACKWARDATION,0.0,0.0,0.0
2018-12-06,0.0,0.0,5.0,0.0,0.0,1.0,5.0,4.0,3.0,6.0,0.0,1.0,13.0,2.0,0.0,3.0,1.0,5.0,0.0,0.0,6.0,0.0,1.0,6.0,29.0,RISK_OFF,NEUTRAL,CRISIS,True,TERM_BACKWARDATION,0.0,0.0,0.0
2018-12-07,0.0,0.0,5.0,0.0,0.0,1.0,5.0,8.0,3.0,6.0,5.0,1.0,22.0,0.0,0.0,3.0,1.0,3.0,0.0,0.0,6.0,0.0,1.0,6.0,36.0,CAUTION,NEUTRAL,CRISIS,True,TERM_BACKWARDATION,0.0,0.0,0.0
2018-12-10,0.0,0.0,5.0,0.0,0.0,1.0,5.0,8.0,3.0,6.0,5.0,1.0,22.0,0.0,0.0,3.0,1.0,3.0,0.0,0.0,6.0,0.0,1.0,6.0,36.0,CAUTION,CAUTION,CRISIS,True,TERM_BACKWARDATION,0.0,0.0,0.0
2018-12-11,0.0,0.0,5.0,0.0,4.0,1.0,9.0,4.0,3.0,6.0,0.0,1.0,13.0,0.0,0.0,3.0,1.0,3.0,0.0,0.0,6.0,0.0,1.0,6.0,31.0,CAUTION,CAUTION,CAUTION,False,,0.25,0.05,0.4
2018-12-12,0.0,0.0,5.0,0.0,4.0,1.0,9.0,4.0,3.0,6.0,0.0,1.0,13.0,2.0,0.0,3.0,1.0,5.0,0.0,0.0,6.0,0.0,1.0,6.0,33.0,CAUTION,CAUTION,CAUTION,False,,0.25,0.05,0.4
2018-12-13,0.0,0.0,5.0,0.0,4.0,1.0,9.0,4.0,3.0,0.0,0.0,1.0,7.000000000000001,2.0,4.0,3.0,1.0,9.0,0.0,0.0,6.0,0.0,1.0,6.0,31.0,CAUTION,CAUTION,CAUTION,False,,0.25,0.05,0.4
2018-12-14,0.0,0.0,5.0,0.0,4.0,1.0,9.0,4.0,3.0,0.0,0.0,1.0,7.000000000000001,0.0,0.0,3.0,1.0,3.0,0.0,0.0,6.0,0.0,1.0,6.0,25.0,RISK_OFF,CAUTION,CAUTION,False,,0.25,0.05,0.4
2018-12-17,0.0,0.0,0.0,0.0,4.0,1.0,4.0,4.0,3.0,0.0,0.0,1.0,7.000000000000001,0.0,0.0,3.0,1.0,3.0,0.0,0.0,6.0,0.0,1.0,6.0,20.0,RISK_OFF,RISK_OFF,CRISIS,True,VIX_PCTL_EXTREME|TERM_BACKWARDATION,0.0,0.0,0.0
2018-12-18,0.0,0.0,0.0,0.0,4.0,1.0,4.0,4.0,3.0,0.0,0.0,1.0,7.000000000000001,0.0,0.0,3.0,1.0,3.0,0.0,0.0,6.0,0.0,1.0,6.0,20.0,RISK_OFF,RISK_OFF,CRISIS,True,VIX_PCTL_EXTREME|TERM_BACKWARDATION,0.0,0.0,0.0
2018-12-19,0.0,0.0,0.0,0.0,4.0,1.0,4.0,4.0,3.0,0.0,0.0,1.0,7.000000000000001,0.0,0.0,3.0,1.0,3.0,0.0,0.0,6.0,0.0,1.0,6.0,20.0,RISK_OFF,RISK_OFF,CRISIS,True,VIX_PCTL_EXTREME,0.0,0.0,0.0
2018-12-20,0.0,0.0,0.0,0.0,4.0,1.0,4.0,4.0,3.0,0.0,0.0,1.0,7.000000000000001,0.0,0.0,3.0,1.0,3.0,0.0,0.0,6.0,4.0,1.0,10.0,24.0,RISK_OFF,RISK_OFF,CRISIS,True,VIX_PCTL_EXTREME|TERM_BACKWARDATION|SPY_5D_CRASH,0.0,0.0,0.0
2018-12-21,0.0,0.0,0.0,0.0,4.0,1.0,4.0,4.0,3.0,0.0,0.0,1.0,7.000000000000001,0.0,0.0,3.0,1.0,3.0,0.0,0.0,6.0,0.0,1.0,6.0,20.0,RISK_OFF,RISK_OFF,CRISIS,True,VIX_PCTL_EXTREME|TERM_BACKWARDATION|SPY_5D_CRASH,0.0,0.0,0.0
2018-12-24,0.0,0.0,0.0,0.0,4.0,1.0,4.0,4.0,6.0,0.0,0.0,1.0,10.0,0.0,0.0,3.0,1.0,3.0,0.0,0.0,6.0,4.0,1.0,10.0,27.0,RISK_OFF,RISK_OFF,CRISIS,True,VIX_PCTL_EXTREME|TERM_BACKWARDATION|SPY_5D_CRASH,0.0,0.0,0.0
2018-12-26,0.0,0.0,0.0,0.0,4.0,1.0,4.0,4.0,3.0,0.0,0.0,1.0,7.000000000000001,0.0,0.0,0.0,1.0,0.0,0.0,0.0,6.0,0.0,1.0,6.0,17.0,RISK_OFF,RISK_OFF,CRISIS,True,VIX_PCTL_EXTREME|TERM_BACKWARDATION,0.0,0.0,0.0
2018-12-27,0.0,0.0,0.0,0.0,4.0,1.0,4.0,4.0,6.0,0.0,0.0,1.0,10.0,0.0,0.0,0.0,1.0,0.0,0.0,0.0,6.0,4.0,1.0,10.0,24.0,RISK_OFF,RISK_OFF,CRISIS,True,VIX_PCTL_EXTREME|TERM_BACKWARDATION,0.0,0.0,0.0
2018-12-28,0.0,0.0,0.0,0.0,4.0,1.0,4.0,4.0,6.0,0.0,0.0,1.0,10.0,0.0,0.0,0.0,1.0,0.0,0.0,0.0,6.0,4.0,1.0,10.0,24.0,RISK_OFF,RISK_OFF,CRISIS,True,VIX_PCTL_EXTREME|TERM_BACKWARDATION,0.0,0.0,0.0
2018-12-31,0.0,0.0,0.0,0.0,4.0,1.0,4.0,4.0,6.0,0.0,0.0,1.0,10.0,0.0,0.0,0.0,1.0,0.0,0.0,0.0,6.0,4.0,1.0,10.0,24.0,RISK_OFF,RISK_OFF,CRISIS,True,TERM_BACKWARDATION,0.0,0.0,0.0
2019-01-02,0.0,0.0,0.0,0.0,4.0,1.0,4.0,4.0,3.0,0.0,0.0,1.0,7.000000000000001,2.0,0.0,0.0,1.0,2.0,0.0,0.0,6.0,0.0,1.0,6.0,19.0,RISK_OFF,RISK_OFF,RISK_OFF,False,,0.1,0.05,0.1
2019-01-03,0.0,0.0,0.0,0.0,0.0,1.0,0.0,4.0,6.0,0.0,0.0,1.0,10.0,0.0,0.0,0.0,1.0,0.0,0.0,0.0,6.0,4.0,1.0,10.0,20.0,RISK_OFF,RISK_OFF,CRISIS,True,TERM_BACKWARDATION,0.0,0.0,0.0
2019-01-04,0.0,0.0,0.0,0.0,4.0,1.0,4.0,4.0,6.0,0.0,0.0,1.0,10.0,2.0,4.0,0.0,1.0,6.0,0.0,6.0,6.0,4.0,1.0,16.0,36.0,CAUTION,RISK_OFF,RISK_OFF,False,,0.1,0.05,0.1
2019-01-07,0.0,0.0,0.0,0.0,4.0,1.0,4.0,4.0,6.0,0.0,0.0,1.0,10.0,2.0,4.0,0.0,1.0,6.0,0.0,6.0,6.0,4.0,1.0,16.0,36.0,CAUTION,CAUTION,CAUTION,False,,0.25,0.05,0.4
2019-01-08,0.0,0.0,0.0,0.0,4.0,1.0,4.0,4.0,6.0,0.0,0.0,1.0,10.0,2.0,4.0,0.0,1.0,6.0,0.0,6.0,6.0,4.0,1.0,16.0,36.0,CAUTION,CAUTION,CAUTION,False,,0.25,0.05,0.4
2019-01-09,0.0,0.0,0.0,0.0,4.0,1.0,4.0,8.0,6.0,0.0,5.0,1.0,19.0,2.0,8.0,0.0,1.0,10.0,0.0,6.0,6.0,4.0,1.0,16.0,49.0,NEUTRAL,CAUTION,CAUTION,False,,0.25,0.05,0.4
2019-01-10,0.0,0.0,0.0,0.0,4.0,1.0,4.0,8.0,6.0,6.0,5.0,1.0,25.0,2.0,8.0,0.0,1.0,10.0,0.0,6.0,6.0,4.0,1.0,16.0,55.0,NEUTRAL,NEUTRAL,NEUTRAL,False,,0.5,0.08,0.7
2019-01-11,0.0,0.0,0.0,0.0,0.0,1.0,0.0,8.0,6.0,6.0,5.0,1.0,25.0,5.0,8.0,0.0,1.0,13.0,0.0,6.0,6.0,4.0,1.0,16.0,54.0,NEUTRAL,NEUTRAL,NEUTRAL,False,,0.5,0.08,0.7
2019-01-14,0.0,0.0,0.0,0.0,0.0,1.0,0.0,8.0,6.0,6.0,5.0,1.0,25.0,5.0,8.0,0.0,1.0,13.0,0.0,6.0,6.0,4.0,1.0,16.0,54.0,NEUTRAL,NEUTRAL,NEUTRAL,False,,0.5,0.08,0.7
2019-01-15,0.0,0.0,0.0,0.0,4.0,1.0,4.0,8.0,6.0,6.0,5.0,1.0,25.0,5.0,8.0,0.0,1.0,13.0,0.0,6.0,6.0,4.0,1.0,16.0,58.0,NEUTRAL,NEUTRAL,NEUTRAL,False,,0.5,0.08,0.7
2019-01-16,0.0,5.0,0.0,0.0,4.0,1.0,9.0,8.0,6.0,6.0,5.0,1.0,25.0,5.0,8.0,0.0,1.0,13.0,0.0,6.0,6.0,4.0,1.0,16.0,63.0,NEUTRAL,NEUTRAL,NEUTRAL,False,,0.5,0.08,0.7
2019-01-17,0.0,5.0,0.0,0.0,0.0,1.0,5.0,8.0,6.0,6.0,5.0,1.0,25.0,5.0,8.0,0.0,1.0,13.0,9.0,6.0,6.0,4.0,1.0,25.0,68.0,BULL,NEUTRAL,NEUTRAL,False,,0.5,0.08,0.7
2019-01-18,0.0,5.0,0.0,0.0,4.0,1.0,9.0,8.0,6.0,6.0,5.0,1.0,25.0,5.0,8.0,0.0,1.0,13.0,9.0,6.0,6.0,4.0,1.0,25.0,72.0,BULL,BULL,BULL,False,,0.8,0.12,1.0
2019-01-22,0.0,5.0,0.0,0.0,0.0,1.0,5.0,8.0,6.0,6.0,5.0,1.0,25.0,2.0,0.0,0.0,1.0,2.0,9.0,6.0,6.0,4.0,1.0,25.0,57.0,NEUTRAL,BULL,BULL,False,,0.8,0.12,1.0
2019-01-23,0.0,5.0,0.0,0.0,4.0,1.0,9.0,8.0,6.0,6.0,5.0,1.0,25.0,2.0,4.0,3.0,1.0,9.0,9.0,6.0,6.0,4.0,1.0,25.0,68.0,BULL,BULL,BULL,False,,0.8,0.12,1.0
2019-01-24,0.0,5.0,0.0,0.0,4.0,1.0,9.0,8.0,6.0,6.0,5.0,1.0,25.0,5.0,8.0,3.0,1.0,16.0,9.0,6.0,6.0,4.0,1.0,25.0,75.0,BULL,BULL,BULL,False,,0.8,0.12,1.0
2019-01-25,0.0,5.0,0.0,0.0,4.0,1.0,9.0,8.0,6.0,6.0,5.0,1.0,25.0,5.0,8.0,7.0,1.0,20.0,9.0,6.0,6.0,4.0,1.0,25.0,79.0,BULL,BULL,BULL,False,,0.8,0.12,1.0
2019-01-28,0.0,5.0,0.0,0.0,4.0,1.0,9.0,8.0,6.0,6.0,5.0,1.0,25.0,5.0,4.0,3.0,1.0,12.0,9.0,6.0,6.0,4.0,1.0,25.0,71.0,BULL,BULL,BULL,False,,0.8,0.12,1.0
2019-01-29,0.0,5.0,0.0,0.0,0.0,1.0,5.0,8.0,6.0,6.0,5.0,1.0,25.0,5.0,0.0,3.0,1.0,8.0,9.0,6.0,6.0,4.0,1.0,25.0,63.0,NEUTRAL,BULL,BULL,False,,0.8,0.12,1.0
2019-01-30,7.0,5.0,0.0,0.0,4.0,1.0,16.0,8.0,6.0,6.0,5.0,1.0,25.0,5.0,8.0,3.0,1.0,16.0,9.0,6.0,6.0,4.0,1.0,25.0,82.0,STRONG_BULL,BULL,BULL,False,,0.8,0.12,1.0
2019-01-31,7.0,5.0,0.0,0.0,4.0,1.0,16.0,8.0,6.0,6.0,5.0,1.0,25.0,5.0,8.0,3.0,1.0,16.0,9.0,6.0,6.0,4.0,1.0,25.0,82.0,STRONG_BULL,STRONG_BULL,STRONG_BULL,False,,1.0,0.15,1.15
2019-02-01,7.0,5.0,0.0,4.0,4.0,1.0,20.0,8.0,6.0,6.0,5.0,1.0,25.0,5.0,8.0,7.0,1.0,20.0,9.0,6.0,6.0,4.0,1.0,25.0,90.0,STRONG_BULL,STRONG_BULL,STRONG_BULL,False,,1.0,0.15,1.15
2019-02-04,7.0,5.0,0.0,4.0,4.0,1.0,20.0,8.0,6.0,6.0,5.0,1.0,25.0,5.0,8.0,7.0,1.0,20.0,9.0,6.0,6.0,4.0,1.0,25.0,90.0,STRONG_BULL,STRONG_BULL,STRONG_BULL,False,,1.0,0.15,1.15
2019-02-05,7.0,5.0,0.0,4.0,4.0,1.0,20.0,8.0,6.0,6.0,5.0,1.0,25.0,5.0,8.0,7.0,1.0,20.0,9.0,6.0,6.0,4.0,1.0,25.0,90.0,STRONG_BULL,STRONG_BULL,STRONG_BULL,False,,1.0,0.15,1.15
2019-02-06,7.0,5.0,0.0,4.0,4.0,1.0,20.0,8.0,6.0,6.0,5.0,1.0,25.0,5.0,8.0,7.0,1.0,20.0,9.0,6.0,6.0,4.0,1.0,25.0,90.0,STRONG_BULL,STRONG_BULL,STRONG_BULL,False,,1.0,0.15,1.15
2019-02-07,7.0,5.0,0.0,4.0,0.0,1.0,16.0,8.0,6.0,6.0,5.0,1.0,25.0,5.0,8.0,7.0,1.0,20.0,9.0,6.0,6.0,0.0,1.0,21.0,82.0,STRONG_BULL,STRONG_BULL,STRONG_BULL,False,,1.0,0.15,1.15
2019-02-08,7.0,5.0,0.0,4.0,4.0,1.0,20.0,8.0,6.0,6.0,5.0,1.0,25.0,5.0,8.0,7.0,1.0,20.0,9.0,6.0,6.0,0.0,1.0,21.0,86.0,STRONG_BULL,STRONG_BULL,STRONG_BULL,False,,1.0,0.15,1.15
2019-02-11,7.0,5.0,0.0,4.0,4.0,1.0,20.0,8.0,6.0,6.0,5.0,1.0,25.0,5.0,8.0,7.0,1.0,20.0,9.0,6.0,6.0,0.0,1.0,21.0,86.0,STRONG_BULL,STRONG_BULL,STRONG_BULL,False,,1.0,0.15,1.15
2019-02-12,7.0,5.0,0.0,4.0,4.0,1.0,20.0,8.0,6.0,6.0,5.0,1.0,25.0,5.0,8.0,7.0,1.0,20.0,9.0,6.0,6.0,0.0,1.0,21.0,86.0,STRONG_BULL,STRONG_BULL,STRONG_BULL,False,,1.0,0.15,1.15
2019-02-13,7.0,5.0,0.0,4.0,0.0,1.0,16.0,8.0,6.0,6.0,5.0,1.0,25.0,5.0,8.0,7.0,1.0,20.0,9.0,6.0,6.0,0.0,1.0,21.0,82.0,STRONG_BULL,STRONG_BULL,STRONG_BULL,False,,1.0,0.15,1.15
2019-02-14,7.0,5.0,0.0,4.0,4.0,1.0,20.0,8.0,6.0,6.0,5.0,1.0,25.0,5.0,8.0,7.0,1.0,20.0,9.0,6.0,6.0,0.0,1.0,21.0,86.0,STRONG_BULL,STRONG_BULL,STRONG_BULL,False,,1.0,0.15,1.15
2019-02-15,7.0,5.0,0.0,4.0,0.0,1.0,16.0,8.0,6.0,6.0,5.0,1.0,25.0,10.0,8.0,7.0,1.0,25.0,9.0,6.0,6.0,0.0,1.0,21.0,87.0,STRONG_BULL,STRONG_BULL,STRONG_BULL,False,,1.0,0.15,1.15
2019-02-19,7.0,5.0,0.0,4.0,0.0,1.0,16.0,8.0,6.0,6.0,5.0,1.0,25.0,10.0,8.0,7.0,1.0,25.0,9.0,6.0,6.0,0.0,1.0,21.0,87.0,STRONG_BULL,STRONG_BULL,STRONG_BULL,False,,1.0,0.15,1.15
2019-02-20,7.0,5.0,0.0,4.0,4.0,1.0,20.0,8.0,6.0,6.0,5.0,1.0,25.0,10.0,8.0,7.0,1.0,25.0,9.0,6.0,6.0,0.0,1.0,21.0,91.0,STRONG_BULL,STRONG_BULL,STRONG_BULL,False,,1.0,0.15,1.15
2019-02-21,7.0,5.0,0.0,4.0,4.0,1.0,20.0,8.0,6.0,6.0,5.0,1.0,25.0,10.0,8.0,7.0,1.0,25.0,9.0,6.0,6.0,0.0,1.0,21.0,91.0,STRONG_BULL,STRONG_BULL,STRONG_BULL,False,,1.0,0.15,1.15
2019-02-22,7.0,5.0,0.0,4.0,4.0,1.0,20.0,8.0,6.0,6.0,5.0,1.0,25.0,10.0,8.0,7.0,1.0,25.0,9.0,6.0,6.0,0.0,1.0,21.0,91.0,STRONG_BULL,STRONG_BULL,STRONG_BULL,False,,1.0,0.15,1.15
2019-02-25,7.0,5.0,0.0,4.0,0.0,1.0,16.0,8.0,6.0,6.0,5.0,1.0,25.0,10.0,8.0,7.0,1.0,25.0,9.0,6.0,6.0,0.0,1.0,21.0,87.0,STRONG_BULL,STRONG_BULL,STRONG_BULL,False,,1.0,0.15,1.15
2019-02-26,7.0,5.0,5.0,4.0,4.0,1.0,25.0,4.0,6.0,6.0,0.0,1.0,16.0,5.0,8.0,7.0,1.0,20.0,9.0,6.0,6.0,4.0,1.0,25.0,86.0,BULL,STRONG_BULL,STRONG_BULL,False,,1.0,0.15,1.15
2019-02-27,7.0,5.0,5.0,4.0,4.0,1.0,25.0,4.0,6.0,6.0,0.0,1.0,16.0,10.0,8.0,7.0,1.0,25.0,9.0,6.0,6.0,4.0,1.0,25.0,91.0,BULL,BULL,BULL,False,,0.8,0.12,1.0
2019-02-28,7.0,5.0,5.0,4.0,4.0,1.0,25.0,8.0,6.0,6.0,5.0,1.0,25.0,10.0,8.0,7.0,1.0,25.0,9.0,6.0,6.0,4.0,1.0,25.0,100.0,STRONG_BULL,BULL,BULL,False,,0.8,0.12,1.0
2019-03-01,7.0,5.0,5.0,4.0,0.0,1.0,21.0,8.0,6.0,6.0,5.0,1.0,25.0,10.0,8.0,7.0,1.0,25.0,9.0,6.0,6.0,0.0,1.0,21.0,92.0,STRONG_BULL,STRONG_BULL,STRONG_BULL,False,,1.0,0.15,1.15
2019-03-04,7.0,5.0,5.0,4.0,4.0,1.0,25.0,8.0,6.0,6.0,5.0,1.0,25.0,10.0,8.0,7.0,1.0,25.0,9.0,6.0,6.0,0.0,1.0,21.0,96.0,STRONG_BULL,STRONG_BULL,STRONG_BULL,False,,1.0,0.15,1.15
2019-03-05,7.0,5.0,5.0,4.0,4.0,1.0,25.0,8.0,6.0,6.0,5.0,1.0,25.0,10.0,8.0,7.0,1.0,25.0,9.0,6.0,6.0,0.0,1.0,21.0,96.0,STRONG_BULL,STRONG_BULL,STRONG_BULL,False,,1.0,0.15,1.15
2019-03-06,7.0,5.0,5.0,4.0,0.0,1.0,21.0,4.0,6.0,6.0,0.0,1.0,16.0,5.0,8.0,7.0,1.0,20.0,9.0,6.0,6.0,0.0,1.0,21.0,78.0,BULL,STRONG_BULL,STRONG_BULL,False,,1.0,0.15,1.15
2019-03-07,7.0,5.0,5.0,4.0,0.0,1.0,21.0,4.0,6.0,6.0,0.0,1.0,16.0,5.0,8.0,7.0,1.0,20.0,9.0,6.0,6.0,0.0,1.0,21.0,78.0,BULL,BULL,BULL,False,,0.8,0.12,1.0
2019-03-08,7.0,5.0,5.0,4.0,4.0,1.0,25.0,4.0,6.0,0.0,0.0,1.0,10.0,5.0,8.0,7.0,1.0,20.0,9.0,6.0,6.0,0.0,1.0,21.0,76.0,BULL,BULL,BULL,False,,0.8,0.12,1.0
2019-03-11,7.0,5.0,5.0,4.0,4.0,1.0,25.0,4.0,6.0,0.0,0.0,1.0,10.0,10.0,8.0,7.0,1.0,25.0,9.0,6.0,6.0,0.0,1.0,21.0,81.0,BULL,BULL,BULL,False,,0.8,0.12,1.0
2019-03-12,7.0,5.0,5.0,4.0,4.0,1.0,25.0,4.0,6.0,0.0,0.0,1.0,10.0,10.0,8.0,7.0,1.0,25.0,9.0,0.0,6.0,0.0,1.0,15.0,75.0,BULL,BULL,BULL,False,,0.8,0.12,1.0
2019-03-13,7.0,5.0,5.0,4.0,4.0,1.0,25.0,4.0,6.0,0.0,0.0,1.0,10.0,10.0,8.0,7.0,1.0,25.0,9.0,0.0,6.0,0.0,1.0,15.0,75.0,BULL,BULL,BULL,False,,0.8,0.12,1.0
2019-03-14,7.0,5.0,5.0,4.0,4.0,1.0,25.0,4.0,6.0,0.0,0.0,1.0,10.0,10.0,8.0,7.0,1.0,25.0,9.0,0.0,6.0,0.0,1.0,15.0,75.0,BULL,BULL,BULL,False,,0.8,0.12,1.0
2019-03-15,7.0,5.0,5.0,4.0,4.0,1.0,25.0,4.0,6.0,0.0,0.0,1.0,10.0,10.0,8.0,7.0,1.0,25.0,9.0,0.0,6.0,0.0,1.0,15.0,75.0,BULL,BULL,BULL,False,,0.8,0.12,1.0
2019-03-18,7.0,5.0,5.0,4.0,4.0,1.0,25.0,4.0,6.0,0.0,0.0,1.0,10.0,10.0,8.0,7.0,1.0,25.0,9.0,0.0,6.0,0.0,1.0,15.0,75.0,BULL,BULL,BULL,False,,0.8,0.12,1.0
2019-03-19,7.0,5.0,5.0,4.0,4.0,1.0,25.0,4.0,6.0,0.0,0.0,1.0,10.0,10.0,8.0,7.0,1.0,25.0,9.0,0.0,6.0,0.0,1.0,15.0,75.0,BULL,BULL,BULL,False,,0.8,0.12,1.0
2019-03-20,7.0,5.0,5.0,4.0,4.0,1.0,25.0,4.0,6.0,0.0,0.0,1.0,10.0,10.0,8.0,7.0,1.0,25.0,9.0,0.0,6.0,4.0,1.0,19.0,79.0,BULL,BULL,BULL,False,,0.8,0.12,1.0
2019-03-21,7.0,5.0,5.0,4.0,4.0,1.0,25.0,4.0,6.0,0.0,0.0,1.0,10.0,10.0,8.0,7.0,1.0,25.0,9.0,0.0,6.0,0.0,1.0,15.0,75.0,BULL,BULL,BULL,False,,0.8,0.12,1.0
2019-03-22,7.0,5.0,5.0,4.0,4.0,1.0,25.0,4.0,6.0,0.0,0.0,1.0,10.0,5.0,4.0,7.0,1.0,16.0,0.0,0.0,6.0,0.0,1.0,6.0,57.0,NEUTRAL,BULL,BULL,False,,0.8,0.12,1.0
2019-03-25,7.0,5.0,5.0,4.0,4.0,1.0,25.0,4.0,6.0,0.0,0.0,1.0,10.0,5.0,8.0,7.0,1.0,20.0,0.0,0.0,6.0,0.0,1.0,6.0,61.0,NEUTRAL,NEUTRAL,NEUTRAL,False,,0.5,0.08,0.7
2019-03-26,7.0,5.0,5.0,4.0,4.0,1.0,25.0,4.0,6.0,0.0,0.0,1.0,10.0,5.0,8.0,7.0,1.0,20.0,0.0,0.0,6.0,0.0,1.0,6.0,61.0,NEUTRAL,NEUTRAL,NEUTRAL,False,,0.5,0.08,0.7
2019-03-27,7.0,5.0,5.0,4.0,4.0,1.0,25.0,4.0,6.0,0.0,0.0,1.0,10.0,5.0,8.0,7.0,1.0,20.0,0.0,0.0,6.0,0.0,1.0,6.0,61.0,NEUTRAL,NEUTRAL,NEUTRAL,False,,0.5,0.08,0.7
2019-03-28,7.0,5.0,5.0,4.0,4.0,1.0,25.0,4.0,6.0,0.0,0.0,1.0,10.0,10.0,8.0,7.0,1.0,25.0,0.0,0.0,6.0,0.0,1.0,6.0,66.0,BULL,NEUTRAL,NEUTRAL,False,,0.5,0.08,0.7
2019-03-29,7.0,5.0,5.0,4.0,4.0,1.0,25.0,4.0,6.0,0.0,0.0,1.0,10.0,10.0,8.0,7.0,1.0,25.0,0.0,0.0,6.0,0.0,1.0,6.0,66.0,BULL,BULL,BULL,False,,0.8,0.12,1.0
2019-04-01,7.0,5.0,5.0,4.0,4.0,1.0,25.0,4.0,6.0,0.0,0.0,1.0,10.0,10.0,8.0,7.0,1.0,25.0,9.0,0.0,6.0,0.0,1.0,15.0,75.0,BULL,BULL,BULL,False,,0.8,0.12,1.0
2019-04-02,7.0,5.0,5.0,4.0,4.0,1.0,25.0,4.0,6.0,0.0,0.0,1.0,10.0,10.0,8.0,7.0,1.0,25.0,9.0,0.0,6.0,0.0,1.0,15.0,75.0,BULL,BULL,BULL,False,,0.8,0.12,1.0
2019-04-03,7.0,5.0,5.0,4.0,4.0,1.0,25.0,4.0,6.0,0.0,0.0,1.0,10.0,10.0,8.0,7.0,1.0,25.0,9.0,0.0,6.0,0.0,1.0,15.0,75.0,BULL,BULL,BULL,False,,0.8,0.12,1.0
2019-04-04,7.0,5.0,5.0,4.0,4.0,1.0,25.0,4.0,6.0,0.0,0.0,1.0,10.0,10.0,8.0,7.0,1.0,25.0,9.0,0.0,6.0,0.0,1.0,15.0,75.0,BULL,BULL,BULL,False,,0.8,0.12,1.0
2019-04-05,7.0,5.0,5.0,4.0,4.0,1.0,25.0,4.0,6.0,0.0,0.0,1.0,10.0,10.0,8.0,7.0,1.0,25.0,9.0,0.0,6.0,0.0,1.0,15.0,75.0,BULL,BULL,BULL,False,,0.8,0.12,1.0
2019-04-08,7.0,5.0,5.0,4.0,4.0,1.0,25.0,8.0,6.0,0.0,5.0,1.0,19.0,10.0,8.0,7.0,1.0,25.0,9.0,0.0,6.0,0.0,1.0,15.0,84.0,STRONG_BULL,BULL,BULL,False,,0.8,0.12,1.0
2019-04-09,7.0,5.0,5.0,4.0,4.0,1.0,25.0,4.0,3.0,0.0,0.0,1.0,7.000000000000001,5.0,8.0,7.0,1.0,20.0,9.0,0.0,6.0,0.0,1.0,15.0,67.0,BULL,BULL,BULL,False,,0.8,0.12,1.0
2019-04-10,7.0,5.0,5.0,4.0,4.0,1.0,25.0,8.0,3.0,0.0,5.0,1.0,16.0,10.0,8.0,7.0,1.0,25.0,9.0,0.0,6.0,0.0,1.0,15.0,81.0,BULL,BULL,BULL,False,,0.8,0.12,1.0
2019-04-11,7.0,5.0,5.0,4.0,4.0,1.0,25.0,8.0,6.0,6.0,5.0,1.0,25.0,10.0,8.0,7.0,1.0,25.0,9.0,6.0,6.0,0.0,1.0,21.0,96.0,STRONG_BULL,BULL,BULL,False,,0.8,0.12,1.0
2019-04-12,7.0,5.0,5.0,4.0,4.0,1.0,25.0,8.0,6.0,6.0,5.0,1.0,25.0,10.0,8.0,7.0,1.0,25.0,9.0,6.0,6.0,0.0,1.0,21.0,96.0,STRONG_BULL,STRONG_BULL,STRONG_BULL,False,,1.0,0.15,1.15
2019-04-15,7.0,5.0,5.0,4.0,4.0,1.0,25.0,8.0,6.0,6.0,5.0,1.0,25.0,10.0,8.0,7.0,1.0,25.0,9.0,0.0,6.0,0.0,1.0,15.0,90.0,STRONG_BULL,STRONG_BULL,STRONG_BULL,False,,1.0,0.15,1.15
2019-04-16,7.0,5.0,5.0,4.0,4.0,1.0,25.0,8.0,3.0,6.0,5.0,1.0,22.0,10.0,8.0,7.0,1.0,25.0,9.0,6.0,6.0,0.0,1.0,21.0,93.0,STRONG_BULL,STRONG_BULL,STRONG_BULL,False,,1.0,0.15,1.15
2019-04-17,7.0,5.0,5.0,4.0,4.0,1.0,25.0,8.0,3.0,6.0,5.0,1.0,22.0,10.0,8.0,7.0,1.0,25.0,9.0,6.0,6.0,0.0,1.0,21.0,93.0,STRONG_BULL,STRONG_BULL,STRONG_BULL,False,,1.0,0.15,1.15
2019-04-18,7.0,5.0,5.0,4.0,4.0,1.0,25.0,8.0,3.0,6.0,5.0,1.0,22.0,10.0,8.0,7.0,1.0,25.0,9.0,0.0,6.0,0.0,1.0,15.0,87.0,STRONG_BULL,STRONG_BULL,STRONG_BULL,False,,1.0,0.15,1.15
2019-04-22,7.0,5.0,5.0,4.0,4.0,1.0,25.0,8.0,3.0,6.0,5.0,1.0,22.0,10.0,8.0,7.0,1.0,25.0,9.0,6.0,6.0,0.0,1.0,21.0,93.0,STRONG_BULL,STRONG_BULL,STRONG_BULL,False,,1.0,0.15,1.15
2019-04-23,7.0,5.0,5.0,4.0,4.0,1.0,25.0,8.0,3.0,6.0,5.0,1.0,22.0,10.0,8.0,7.0,1.0,25.0,9.0,6.0,6.0,0.0,1.0,21.0,93.0,STRONG_BULL,STRONG_BULL,STRONG_BULL,False,,1.0,0.15,1.15
2019-04-24,7.0,5.0,5.0,4.0,4.0,1.0,25.0,8.0,3.0,6.0,5.0,1.0,22.0,10.0,8.0,7.0,1.0,25.0,9.0,6.0,6.0,0.0,1.0,21.0,93.0,STRONG_BULL,STRONG_BULL,STRONG_BULL,False,,1.0,0.15,1.15
2019-04-25,7.0,5.0,5.0,4.0,4.0,1.0,25.0,4.0,3.0,6.0,0.0,1.0,13.0,10.0,8.0,7.0,1.0,25.0,9.0,6.0,6.0,0.0,1.0,21.0,84.0,BULL,STRONG_BULL,STRONG_BULL,False,,1.0,0.15,1.15
2019-04-26,7.0,5.0,5.0,4.0,4.0,1.0,25.0,4.0,3.0,0.0,0.0,1.0,7.000000000000001,10.0,8.0,7.0,1.0,25.0,9.0,6.0,6.0,0.0,1.0,21.0,78.0,BULL,BULL,BULL,False,,0.8,0.12,1.0
2019-04-29,7.0,5.0,5.0,4.0,4.0,1.0,25.0,4.0,3.0,0.0,0.0,1.0,7.000000000000001,10.0,8.0,7.0,1.0,25.0,9.0,6.0,6.0,0.0,1.0,21.0,78.0,BULL,BULL,BULL,False,,0.8,0.12,1.0
2019-04-30,7.0,5.0,5.0,4.0,4.0,1.0,25.0,4.0,3.0,0.0,0.0,1.0,7.000000000000001,10.0,8.0,7.0,1.0,25.0,9.0,6.0,6.0,0.0,1.0,21.0,78.0,BULL,BULL,BULL,False,,0.8,0.12,1.0
2019-05-01,7.0,5.0,5.0,4.0,4.0,1.0,25.0,4.0,3.0,0.0,0.0,1.0,7.000000000000001,5.0,8.0,7.0,1.0,20.0,9.0,6.0,6.0,0.0,1.0,21.0,73.0,BULL,BULL,BULL,False,,0.8,0.12,1.0
2019-05-02,7.0,5.0,5.0,4.0,4.0,1.0,25.0,4.0,3.0,0.0,0.0,1.0,7.000000000000001,5.0,8.0,7.0,1.0,20.0,9.0,6.0,6.0,0.0,1.0,21.0,73.0,BULL,BULL,BULL,False,,0.8,0.12,1.0
2019-05-03,7.0,5.0,5.0,4.0,4.0,1.0,25.0,4.0,3.0,0.0,0.0,1.0,7.000000000000001,10.0,8.0,7.0,1.0,25.0,9.0,6.0,6.0,0.0,1.0,21.0,78.0,BULL,BULL,BULL,False,,0.8,0.12,1.0
2019-05-06,7.0,5.0,5.0,4.0,4.0,1.0,25.0,4.0,3.0,0.0,0.0,1.0,7.000000000000001,5.0,8.0,7.0,1.0,20.0,9.0,6.0,6.0,0.0,1.0,21.0,73.0,BULL,BULL,BULL,False,,0.8,0.12,1.0
2019-05-07,7.0,5.0,5.0,4.0,4.0,1.0,25.0,4.0,3.0,0.0,0.0,1.0,7.000000000000001,2.0,0.0,7.0,1.0,9.0,0.0,6.0,6.0,0.0,1.0,12.0,53.0,NEUTRAL,BULL,CRISIS,True,TERM_BACKWARDATION,0.0,0.0,0.0
2019-05-08,7.0,5.0,5.0,4.0,4.0,1.0,25.0,4.0,3.0,0.0,0.0,1.0,7.000000000000001,2.0,0.0,7.0,1.0,9.0,0.0,6.0,6.0,0.0,1.0,12.0,53.0,NEUTRAL,NEUTRAL,CRISIS,True,TERM_BACKWARDATION,0.0,0.0,0.0
2019-05-09,7.0,5.0,5.0,4.0,4.0,1.0,25.0,4.0,3.0,0.0,0.0,1.0,7.000000000000001,2.0,0.0,7.0,1.0,9.0,0.0,6.0,6.0,0.0,1.0,12.0,53.0,NEUTRAL,NEUTRAL,CRISIS,True,TERM_BACKWARDATION,0.0,0.0,0.0
2019-05-10,7.0,5.0,5.0,4.0,4.0,1.0,25.0,4.0,3.0,0.0,0.0,1.0,7.000000000000001,5.0,4.0,7.0,1.0,16.0,0.0,6.0,6.0,0.0,1.0,12.0,60.0,NEUTRAL,NEUTRAL,NEUTRAL,False,,0.5,0.08,0.7
2019-05-13,7.0,0.0,5.0,4.0,0.0,1.0,16.0,4.0,3.0,0.0,0.0,1.0,7.000000000000001,2.0,0.0,7.0,1.0,9.0,0.0,6.0,6.0,0.0,1.0,12.0,44.0,CAUTION,NEUTRAL,CRISIS,True,TERM_BACKWARDATION,0.0,0.0,0.0
2019-05-14,7.0,0.0,5.0,4.0,0.0,1.0,16.0,4.0,3.0,0.0,0.0,1.0,7.000000000000001,2.0,0.0,7.0,1.0,9.0,0.0,6.0,6.0,0.0,1.0,12.0,44.0,CAUTION,CAUTION,CAUTION,False,,0.25,0.05,0.4
2019-05-15,7.0,0.0,5.0,4.0,0.0,1.0,16.0,4.0,3.0,0.0,0.0,1.0,7.000000000000001,5.0,8.0,7.0,1.0,20.0,0.0,6.0,6.0,0.0,1.0,12.0,55.0,NEUTRAL,CAUTION,CAUTION,False,,0.25,0.05,0.4
2019-05-16,7.0,5.0,5.0,4.0,0.0,1.0,21.0,4.0,3.0,0.0,0.0,1.0,7.000000000000001,5.0,8.0,7.0,1.0,20.0,0.0,6.0,6.0,0.0,1.0,12.0,60.0,NEUTRAL,NEUTRAL,NEUTRAL,False,,0.5,0.08,0.7
2019-05-17,7.0,5.0,5.0,4.0,0.0,1.0,21.0,4.0,3.0,0.0,0.0,1.0,7.000000000000001,5.0,4.0,7.0,1.0,16.0,0.0,6.0,6.0,0.0,1.0,12.0,56.0,NEUTRAL,NEUTRAL,NEUTRAL,False,,0.5,0.08,0.7
2019-05-20,7.0,0.0,5.0,4.0,0.0,1.0,16.0,4.0,3.0,0.0,0.0,1.0,7.000000000000001,5.0,4.0,7.0,1.0,16.0,0.0,6.0,6.0,0.0,1.0,12.0,51.0,NEUTRAL,NEUTRAL,NEUTRAL,False,,0.5,0.08,0.7
2019-05-21,7.0,5.0,5.0,4.0,0.0,1.0,21.0,4.0,3.0,0.0,0.0,1.0,7.000000000000001,5.0,8.0,7.0,1.0,20.0,0.0,6.0,6.0,0.0,1.0,12.0,60.0,NEUTRAL,NEUTRAL,NEUTRAL,False,,0.5,0.08,0.7
2019-05-22,7.0,5.0,5.0,4.0,0.0,1.0,21.0,4.0,3.0,0.0,0.0,1.0,7.000000000000001,5.0,8.0,7.0,1.0,20.0,0.0,0.0,6.0,0.0,1.0,6.0,54.0,NEUTRAL,NEUTRAL,NEUTRAL,False,,0.5,0.08,0.7
2019-05-23,7.0,0.0,5.0,4.0,0.0,1.0,16.0,4.0,3.0,0.0,0.0,1.0,7.000000000000001,5.0,4.0,7.0,1.0,16.0,0.0,0.0,6.0,0.0,1.0,6.0,45.0,NEUTRAL,NEUTRAL,NEUTRAL,False,,0.5,0.08,0.7
2019-05-24,7.0,0.0,5.0,4.0,0.0,1.0,16.0,4.0,3.0,0.0,0.0,1.0,7.000000000000001,5.0,8.0,7.0,1.0,20.0,0.0,0.0,6.0,0.0,1.0,6.0,49.0,NEUTRAL,NEUTRAL,NEUTRAL,False,,0.5,0.08,0.7
2019-05-28,7.0,0.0,5.0,4.0,0.0,1.0,16.0,4.0,3.0,0.0,0.0,1.0,7.000000000000001,5.0,0.0,7.0,1.0,12.0,0.0,0.0,6.0,0.0,1.0,6.0,41.0,CAUTION,NEUTRAL,NEUTRAL,False,,0.5,0.08,0.7
2019-05-29,7.0,0.0,5.0,4.0,0.0,1.0,16.0,4.0,3.0,0.0,0.0,1.0,7.000000000000001,2.0,0.0,7.0,1.0,9.0,0.0,6.0,6.0,0.0,1.0,12.0,44.0,CAUTION,CAUTION,CAUTION,False,,0.25,0.05,0.4
2019-05-30,7.0,0.0,5.0,4.0,0.0,1.0,16.0,4.0,3.0,0.0,0.0,1.0,7.000000000000001,5.0,4.0,7.0,1.0,16.0,0.0,0.0,6.0,0.0,1.0,6.0,45.0,NEUTRAL,CAUTION,CAUTION,False,,0.25,0.05,0.4
2019-05-31,0.0,0.0,5.0,0.0,0.0,1.0,5.0,4.0,3.0,0.0,0.0,1.0,7.000000000000001,2.0,0.0,7.0,1.0,9.0,0.0,0.0,6.0,0.0,1.0,6.0,27.0,RISK_OFF,CAUTION,CAUTION,False,,0.25,0.05,0.4
2019-06-03,0.0,0.0,5.0,0.0,0.0,1.0,5.0,8.0,3.0,0.0,5.0,1.0,16.0,2.0,0.0,7.0,1.0,9.0,0.0,0.0,6.0,4.0,1.0,10.0,40.0,CAUTION,CAUTION,CAUTION,False,,0.25,0.05,0.4
2019-06-04,7.0,0.0,5.0,0.0,0.0,1.0,12.0,8.0,3.0,0.0,5.0,1.0,16.0,5.0,8.0,7.0,1.0,20.0,0.0,0.0,6.0,4.0,1.0,10.0,58.0,NEUTRAL,CAUTION,CAUTION,False,,0.25,0.05,0.4
2019-06-05,7.0,0.0,5.0,0.0,0.0,1.0,12.0,8.0,3.0,6.0,5.0,1.0,22.0,5.0,8.0,7.0,1.0,20.0,0.0,0.0,6.0,4.0,1.0,10.0,64.0,NEUTRAL,NEUTRAL,NEUTRAL,False,,0.5,0.08,0.7
2019-06-06,7.0,5.0,5.0,0.0,0.0,1.0,17.0,8.0,3.0,6.0,5.0,1.0,22.0,5.0,8.0,7.0,1.0,20.0,0.0,0.0,6.0,4.0,1.0,10.0,69.0,BULL,NEUTRAL,NEUTRAL,False,,0.5,0.08,0.7
2019-06-07,7.0,5.0,5.0,0.0,0.0,1.0,17.0,4.0,3.0,6.0,0.0,1.0,13.0,5.0,8.0,7.0,1.0,20.0,0.0,0.0,6.0,4.0,1.0,10.0,60.0,NEUTRAL,NEUTRAL,NEUTRAL,False,,0.5,0.08,0.7
2019-06-10,7.0,5.0,5.0,0.0,0.0,1.0,17.0,4.0,3.0,6.0,0.0,1.0,13.0,5.0,8.0,7.0,1.0,20.0,0.0,0.0,6.0,4.0,1.0,10.0,60.0,NEUTRAL,NEUTRAL,NEUTRAL,False,,0.5,0.08,0.7
2019-06-11,7.0,5.0,5.0,0.0,0.0,1.0,17.0,4.0,3.0,0.0,0.0,1.0,7.000000000000001,5.0,8.0,7.0,1.0,20.0,0.0,0.0,6.0,4.0,1.0,10.0,54.0,NEUTRAL,NEUTRAL,NEUTRAL,False,,0.5,0.08,0.7
2019-06-12,7.0,5.0,5.0,0.0,0.0,1.0,17.0,4.0,3.0,0.0,0.0,1.0,7.000000000000001,5.0,8.0,7.0,1.0,20.0,0.0,0.0,6.0,4.0,1.0,10.0,54.0,NEUTRAL,NEUTRAL,NEUTRAL,False,,0.5,0.08,0.7
2019-06-13,7.0,5.0,5.0,0.0,0.0,1.0,17.0,4.0,3.0,0.0,0.0,1.0,7.000000000000001,5.0,8.0,7.0,1.0,20.0,0.0,0.0,6.0,4.0,1.0,10.0,54.0,NEUTRAL,NEUTRAL,NEUTRAL,False,,0.5,0.08,0.7
2019-06-14,7.0,5.0,5.0,0.0,0.0,1.0,17.0,4.0,3.0,0.0,0.0,1.0,7.000000000000001,5.0,8.0,7.0,1.0,20.0,0.0,0.0,6.0,0.0,1.0,6.0,50.0,NEUTRAL,NEUTRAL,NEUTRAL,False,,0.5,0.08,0.7
2019-06-17,7.0,5.0,5.0,0.0,0.0,1.0,17.0,4.0,3.0,0.0,0.0,1.0,7.000000000000001,5.0,8.0,7.0,1.0,20.0,0.0,0.0,6.0,0.0,1.0,6.0,50.0,NEUTRAL,NEUTRAL,NEUTRAL,False,,0.5,0.08,0.7
2019-06-18,7.0,5.0,5.0,0.0,4.0,1.0,21.0,4.0,3.0,0.0,0.0,1.0,7.000000000000001,5.0,8.0,7.0,1.0,20.0,0.0,0.0,6.0,0.0,1.0,6.0,54.0,NEUTRAL,NEUTRAL,NEUTRAL,False,,0.5,0.08,0.7
2019-06-19,7.0,5.0,5.0,4.0,4.0,1.0,25.0,4.0,3.0,0.0,0.0,1.0,7.000000000000001,10.0,8.0,7.0,1.0,25.0,0.0,0.0,6.0,4.0,1.0,10.0,67.0,BULL,NEUTRAL,NEUTRAL,False,,0.5,0.08,0.7
2019-06-20,7.0,5.0,5.0,4.0,4.0,1.0,25.0,4.0,3.0,0.0,0.0,1.0,7.000000000000001,5.0,8.0,7.0,1.0,20.0,0.0,0.0,6.0,4.0,1.0,10.0,62.0,NEUTRAL,NEUTRAL,NEUTRAL,False,,0.5,0.08,0.7
2019-06-21,7.0,5.0,5.0,4.0,4.0,1.0,25.0,4.0,3.0,0.0,0.0,1.0,7.000000000000001,5.0,8.0,7.0,1.0,20.0,0.0,0.0,6.0,4.0,1.0,10.0,62.0,NEUTRAL,NEUTRAL,NEUTRAL,False,,0.5,0.08,0.7
2019-06-24,7.0,5.0,5.0,4.0,4.0,1.0,25.0,4.0,3.0,0.0,0.0,1.0,7.000000000000001,5.0,4.0,7.0,1.0,16.0,0.0,0.0,6.0,4.0,1.0,10.0,58.0,NEUTRAL,NEUTRAL,NEUTRAL,False,,0.5,0.08,0.7
2019-06-25,7.0,5.0,5.0,4.0,4.0,1.0,25.0,8.0,3.0,0.0,5.0,1.0,16.0,5.0,4.0,7.0,1.0,16.0,0.0,0.0,6.0,4.0,1.0,10.0,67.0,BULL,NEUTRAL,NEUTRAL,False,,0.5,0.08,0.7
2019-06-26,7.0,5.0,5.0,4.0,4.0,1.0,25.0,4.0,3.0,0.0,0.0,1.0,7.000000000000001,5.0,4.0,7.0,1.0,16.0,0.0,0.0,6.0,4.0,1.0,10.0,58.0,NEUTRAL,NEUTRAL,NEUTRAL,False,,0.5,0.08,0.7
2019-06-27,7.0,5.0,5.0,4.0,4.0,1.0,25.0,8.0,3.0,0.0,5.0,1.0,16.0,5.0,4.0,7.0,1.0,16.0,0.0,6.0,6.0,4.0,1.0,16.0,73.0,BULL,NEUTRAL,NEUTRAL,False,,0.5,0.08,0.7
2019-06-28,7.0,5.0,5.0,4.0,4.0,1.0,25.0,8.0,3.0,6.0,5.0,1.0,22.0,5.0,4.0,7.0,1.0,16.0,0.0,6.0,6.0,4.0,1.0,16.0,79.0,BULL,BULL,BULL,False,,0.8,0.12,1.0
2019-07-01,7.0,5.0,5.0,4.0,4.0,1.0,25.0,4.0,3.0,6.0,0.0,1.0,13.0,10.0,8.0,7.0,1.0,25.0,0.0,0.0,6.0,4.0,1.0,10.0,73.0,BULL,BULL,BULL,False,,0.8,0.12,1.0
2019-07-02,7.0,5.0,5.0,4.0,4.0,1.0,25.0,4.0,3.0,0.0,0.0,1.0,7.000000000000001,10.0,8.0,7.0,1.0,25.0,0.0,0.0,6.0,4.0,1.0,10.0,67.0,BULL,BULL,BULL,False,,0.8,0.12,1.0
2019-07-03,7.0,5.0,5.0,4.0,4.0,1.0,25.0,4.0,3.0,0.0,0.0,1.0,7.000000000000001,10.0,8.0,7.0,1.0,25.0,0.0,0.0,6.0,4.0,1.0,10.0,67.0,BULL,BULL,BULL,False,,0.8,0.12,1.0
2019-07-05,7.0,5.0,5.0,4.0,4.0,1.0,25.0,4.0,3.0,0.0,0.0,1.0,7.000000000000001,10.0,8.0,7.0,1.0,25.0,0.0,6.0,6.0,4.0,1.0,16.0,73.0,BULL,BULL,BULL,False,,0.8,0.12,1.0
2019-07-08,7.0,5.0,5.0,4.0,4.0,1.0,25.0,4.0,3.0,0.0,0.0,1.0,7.000000000000001,10.0,8.0,7.0,1.0,25.0,0.0,6.0,6.0,0.0,1.0,12.0,69.0,BULL,BULL,BULL,False,,0.8,0.12,1.0
2019-07-09,7.0,5.0,5.0,4.0,4.0,1.0,25.0,4.0,3.0,0.0,0.0,1.0,7.000000000000001,10.0,8.0,7.0,1.0,25.0,0.0,6.0,6.0,0.0,1.0,12.0,69.0,BULL,BULL,BULL,False,,0.8,0.12,1.0
2019-07-10,7.0,5.0,5.0,4.0,4.0,1.0,25.0,4.0,3.0,0.0,0.0,1.0,7.000000000000001,10.0,8.0,7.0,1.0,25.0,0.0,6.0,6.0,4.0,1.0,16.0,73.0,BULL,BULL,BULL,False,,0.8,0.12,1.0
2019-07-11,7.0,5.0,5.0,4.0,4.0,1.0,25.0,4.0,3.0,0.0,0.0,1.0,7.000000000000001,10.0,8.0,7.0,1.0,25.0,9.0,0.0,6.0,4.0,1.0,19.0,76.0,BULL,BULL,BULL,False,,0.8,0.12,1.0
2019-07-12,7.0,5.0,5.0,4.0,4.0,1.0,25.0,4.0,3.0,0.0,0.0,1.0,7.000000000000001,10.0,8.0,7.0,1.0,25.0,9.0,0.0,6.0,4.0,1.0,19.0,76.0,BULL,BULL,BULL,False,,0.8,0.12,1.0
2019-07-15,7.0,5.0,5.0,4.0,4.0,1.0,25.0,4.0,3.0,0.0,0.0,1.0,7.000000000000001,10.0,8.0,7.0,1.0,25.0,9.0,0.0,6.0,4.0,1.0,19.0,76.0,BULL,BULL,BULL,False,,0.8,0.12,1.0
2019-07-16,7.0,5.0,5.0,4.0,4.0,1.0,25.0,4.0,3.0,0.0,0.0,1.0,7.000000000000001,10.0,8.0,7.0,1.0,25.0,9.0,0.0,6.0,0.0,1.0,15.0,72.0,BULL,BULL,BULL,False,,0.8,0.12,1.0
2019-07-17,7.0,5.0,5.0,4.0,4.0,1.0,25.0,4.0,3.0,0.0,0.0,1.0,7.000000000000001,10.0,8.0,7.0,1.0,25.0,0.0,0.0,6.0,0.0,1.0,6.0,63.0,NEUTRAL,BULL,BULL,False,,0.8,0.12,1.0
2019-07-18,7.0,5.0,5.0,4.0,4.0,1.0,25.0,4.0,3.0,0.0,0.0,1.0,7.000000000000001,10.0,8.0,7.0,1.0,25.0,0.0,0.0,6.0,4.0,1.0,10.0,67.0,BULL,BULL,BULL,False,,0.8,0.12,1.0
2019-07-19,7.0,5.0,5.0,4.0,4.0,1.0,25.0,4.0,3.0,0.0,0.0,1.0,7.000000000000001,5.0,8.0,7.0,1.0,20.0,0.0,0.0,6.0,4.0,1.0,10.0,62.0,NEUTRAL,BULL,BULL,False,,0.8,0.12,1.0
2019-07-22,7.0,5.0,5.0,4.0,4.0,1.0,25.0,4.0,3.0,0.0,0.0,1.0,7.000000000000001,10.0,8.0,7.0,1.0,25.0,9.0,0.0,6.0,0.0,1.0,15.0,72.0,BULL,BULL,BULL,False,,0.8,0.12,1.0
2019-07-23,7.0,5.0,5.0,4.0,4.0,1.0,25.0,8.0,3.0,0.0,5.0,1.0,16.0,10.0,8.0,7.0,1.0,25.0,9.0,6.0,6.0,0.0,1.0,21.0,87.0,BULL,BULL,BULL,False,,0.8,0.12,1.0
2019-07-24,7.0,5.0,5.0,4.0,4.0,1.0,25.0,4.0,3.0,0.0,0.0,1.0,7.000000000000001,10.0,8.0,7.0,1.0,25.0,9.0,6.0,6.0,0.0,1.0,21.0,78.0,BULL,BULL,BULL,False,,0.8,0.12,1.0
2019-07-25,7.0,5.0,5.0,4.0,4.0,1.0,25.0,4.0,3.0,0.0,0.0,1.0,7.000000000000001,10.0,8.0,7.0,1.0,25.0,9.0,6.0,6.0,0.0,1.0,21.0,78.0,BULL,BULL,BULL,False,,0.8,0.12,1.0
2019-07-26,7.0,5.0,5.0,4.0,4.0,1.0,25.0,4.0,3.0,0.0,0.0,1.0,7.000000000000001,10.0,8.0,7.0,1.0,25.0,9.0,0.0,6.0,0.0,1.0,15.0,72.0,BULL,BULL,BULL,False,,0.8,0.12,1.0
2019-07-29,7.0,5.0,5.0,4.0,4.0,1.0,25.0,4.0,3.0,0.0,0.0,1.0,7.000000000000001,10.0,8.0,7.0,1.0,25.0,9.0,0.0,6.0,0.0,1.0,15.0,72.0,BULL,BULL,BULL,False,,0.8,0.12,1.0
2019-07-30,7.0,5.0,5.0,4.0,4.0,1.0,25.0,4.0,3.0,0.0,0.0,1.0,7.000000000000001,10.0,8.0,7.0,1.0,25.0,9.0,6.0,6.0,0.0,1.0,21.0,78.0,BULL,BULL,BULL,False,,0.8,0.12,1.0
2019-07-31,7.0,5.0,5.0,4.0,4.0,1.0,25.0,4.0,3.0,0.0,0.0,1.0,7.000000000000001,5.0,0.0,7.0,1.0,12.0,0.0,6.0,6.0,0.0,1.0,12.0,56.0,NEUTRAL,BULL,BULL,False,,0.8,0.12,1.0
2019-08-01,7.0,5.0,5.0,4.0,4.0,1.0,25.0,4.0,3.0,0.0,0.0,1.0,7.000000000000001,2.0,0.0,7.0,1.0,9.0,0.0,6.0,6.0,0.0,1.0,12.0,53.0,NEUTRAL,NEUTRAL,NEUTRAL,False,,0.5,0.08,0.7
2019-08-02,7.0,0.0,5.0,4.0,4.0,1.0,20.0,4.0,3.0,0.0,0.0,1.0,7.000000000000001,5.0,4.0,7.0,1.0,16.0,0.0,6.0,6.0,0.0,1.0,12.0,55.0,NEUTRAL,NEUTRAL,NEUTRAL,False,,0.5,0.08,0.7
2019-08-05,7.0,0.0,5.0,4.0,0.0,1.0,16.0,4.0,3.0,0.0,0.0,1.0,7.000000000000001,0.0,0.0,7.0,1.0,7.000000000000001,0.0,6.0,6.0,0.0,1.0,12.0,42.0,CAUTION,NEUTRAL,CRISIS,True,TERM_BACKWARDATION,0.0,0.0,0.0
2019-08-06,7.0,0.0,5.0,4.0,0.0,1.0,16.0,4.0,3.0,0.0,0.0,1.0,7.000000000000001,2.0,0.0,7.0,1.0,9.0,0.0,6.0,6.0,0.0,1.0,12.0,44.0,CAUTION,CAUTION,CRISIS,True,TERM_BACKWARDATION,0.0,0.0,0.0
2019-08-07,7.0,0.0,5.0,4.0,0.0,1.0,16.0,4.0,3.0,0.0,0.0,1.0,7.000000000000001,2.0,0.0,7.0,1.0,9.0,0.0,6.0,6.0,0.0,1.0,12.0,44.0,CAUTION,CAUTION,CAUTION,False,,0.25,0.05,0.4
2019-08-08,7.0,5.0,5.0,4.0,0.0,1.0,21.0,4.0,3.0,0.0,0.0,1.0,7.000000000000001,5.0,8.0,7.0,1.0,20.0,0.0,6.0,6.0,0.0,1.0,12.0,60.0,NEUTRAL,CAUTION,CAUTION,False,,0.25,0.05,0.4
2019-08-09,7.0,0.0,5.0,4.0,0.0,1.0,16.0,4.0,3.0,0.0,0.0,1.0,7.000000000000001,5.0,4.0,7.0,1.0,16.0,0.0,6.0,6.0,0.0,1.0,12.0,51.0,NEUTRAL,NEUTRAL,NEUTRAL,False,,0.5,0.08,0.7
2019-08-12,7.0,0.0,5.0,4.0,0.0,1.0,16.0,4.0,3.0,0.0,0.0,1.0,7.000000000000001,2.0,0.0,7.0,1.0,9.0,0.0,6.0,6.0,0.0,1.0,12.0,44.0,CAUTION,NEUTRAL,NEUTRAL,False,,0.5,0.08,0.7
2019-08-13,7.0,0.0,5.0,4.0,0.0,1.0,16.0,4.0,3.0,0.0,0.0,1.0,7.000000000000001,5.0,8.0,7.0,1.0,20.0,0.0,6.0,6.0,0.0,1.0,12.0,55.0,NEUTRAL,NEUTRAL,NEUTRAL,False,,0.5,0.08,0.7
2019-08-14,7.0,0.0,5.0,4.0,0.0,1.0,16.0,4.0,3.0,0.0,0.0,1.0,7.000000000000001,0.0,0.0,3.0,1.0,3.0,0.0,6.0,6.0,0.0,1.0,12.0,38.0,CAUTION,NEUTRAL,CRISIS,True,TERM_BACKWARDATION,0.0,0.0,0.0
2019-08-15,7.0,0.0,5.0,4.0,0.0,1.0,16.0,4.0,3.0,0.0,0.0,1.0,7.000000000000001,2.0,0.0,3.0,1.0,5.0,0.0,0.0,6.0,0.0,1.0,6.0,34.0,CAUTION,CAUTION,CAUTION,False,,0.25,0.05,0.4
2019-08-16,7.0,0.0,5.0,4.0,0.0,1.0,16.0,4.0,3.0,0.0,0.0,1.0,7.000000000000001,2.0,8.0,3.0,1.0,13.0,0.0,6.0,6.0,0.0,1.0,12.0,48.0,NEUTRAL,CAUTION,CAUTION,False,,0.25,0.05,0.4
2019-08-19,7.0,5.0,5.0,4.0,0.0,1.0,21.0,4.0,3.0,0.0,0.0,1.0,7.000000000000001,5.0,8.0,3.0,1.0,16.0,0.0,6.0,6.0,0.0,1.0,12.0,56.0,NEUTRAL,NEUTRAL,NEUTRAL,False,,0.5,0.08,0.7
2019-08-20,7.0,0.0,5.0,0.0,0.0,1.0,12.0,4.0,3.0,0.0,0.0,1.0,7.000000000000001,5.0,4.0,3.0,1.0,12.0,0.0,6.0,6.0,0.0,1.0,12.0,43.0,CAUTION,NEUTRAL,NEUTRAL,False,,0.5,0.08,0.7
2019-08-21,7.0,5.0,5.0,0.0,0.0,1.0,17.0,4.0,3.0,0.0,0.0,1.0,7.000000000000001,5.0,8.0,3.0,1.0,16.0,0.0,0.0,6.0,0.0,1.0,6.0,46.0,NEUTRAL,NEUTRAL,NEUTRAL,False,,0.5,0.08,0.7
2019-08-22,7.0,5.0,5.0,0.0,0.0,1.0,17.0,4.0,3.0,0.0,0.0,1.0,7.000000000000001,5.0,8.0,3.0,1.0,16.0,0.0,6.0,6.0,0.0,1.0,12.0,52.0,NEUTRAL,NEUTRAL,NEUTRAL,False,,0.5,0.08,0.7
2019-08-23,7.0,0.0,5.0,0.0,0.0,1.0,12.0,4.0,3.0,0.0,0.0,1.0,7.000000000000001,2.0,0.0,3.0,1.0,5.0,0.0,0.0,6.0,0.0,1.0,6.0,30.0,CAUTION,NEUTRAL,NEUTRAL,False,,0.5,0.08,0.7
2019-08-26,7.0,0.0,5.0,0.0,0.0,1.0,12.0,4.0,3.0,0.0,0.0,1.0,7.000000000000001,2.0,0.0,3.0,1.0,5.0,0.0,0.0,6.0,0.0,1.0,6.0,30.0,CAUTION,CAUTION,CAUTION,False,,0.25,0.05,0.4
2019-08-27,7.0,0.0,5.0,0.0,0.0,1.0,12.0,4.0,3.0,0.0,0.0,1.0,7.000000000000001,2.0,0.0,3.0,1.0,5.0,0.0,0.0,6.0,0.0,1.0,6.0,30.0,CAUTION,CAUTION,CAUTION,False,,0.25,0.05,0.4
2019-08-28,7.0,0.0,5.0,0.0,0.0,1.0,12.0,4.0,3.0,0.0,0.0,1.0,7.000000000000001,2.0,4.0,3.0,1.0,9.0,0.0,0.0,6.0,0.0,1.0,6.0,34.0,CAUTION,CAUTION,CAUTION,False,,0.25,0.05,0.4
2019-08-29,7.0,5.0,5.0,0.0,0.0,1.0,17.0,4.0,3.0,0.0,0.0,1.0,7.000000000000001,5.0,8.0,3.0,1.0,16.0,0.0,0.0,6.0,0.0,1.0,6.0,46.0,NEUTRAL,CAUTION,CAUTION,False,,0.25,0.05,0.4
2019-08-30,7.0,5.0,5.0,0.0,4.0,1.0,21.0,4.0,3.0,0.0,0.0,1.0,7.000000000000001,2.0,4.0,3.0,1.0,9.0,0.0,0.0,6.0,0.0,1.0,6.0,43.0,CAUTION,CAUTION,CAUTION,False,,0.25,0.05,0.4
2019-09-03,7.0,0.0,5.0,0.0,4.0,1.0,16.0,4.0,3.0,0.0,0.0,1.0,7.000000000000001,2.0,8.0,3.0,1.0,13.0,0.0,0.0,6.0,0.0,1.0,6.0,42.0,CAUTION,CAUTION,CAUTION,False,,0.25,0.05,0.4
2019-09-04,7.0,5.0,5.0,0.0,4.0,1.0,21.0,4.0,3.0,0.0,0.0,1.0,7.000000000000001,5.0,8.0,3.0,1.0,16.0,0.0,0.0,6.0,0.0,1.0,6.0,50.0,NEUTRAL,CAUTION,CAUTION,False,,0.25,0.05,0.4
2019-09-05,7.0,5.0,5.0,0.0,4.0,1.0,21.0,4.0,3.0,0.0,0.0,1.0,7.000000000000001,5.0,8.0,3.0,1.0,16.0,0.0,0.0,6.0,0.0,1.0,6.0,50.0,NEUTRAL,NEUTRAL,NEUTRAL,False,,0.5,0.08,0.7
2019-09-06,7.0,5.0,5.0,0.0,4.0,1.0,21.0,4.0,3.0,0.0,0.0,1.0,7.000000000000001,10.0,8.0,3.0,1.0,21.0,0.0,0.0,6.0,0.0,1.0,6.0,55.0,NEUTRAL,NEUTRAL,NEUTRAL,False,,0.5,0.08,0.7
2019-09-09,7.0,5.0,5.0,0.0,4.0,1.0,21.0,8.0,3.0,0.0,5.0,1.0,16.0,10.0,8.0,3.0,1.0,21.0,0.0,0.0,6.0,0.0,1.0,6.0,64.0,NEUTRAL,NEUTRAL,NEUTRAL,False,,0.5,0.08,0.7
2019-09-10,7.0,5.0,5.0,0.0,0.0,1.0,17.0,8.0,3.0,0.0,5.0,1.0,16.0,10.0,8.0,3.0,1.0,21.0,9.0,6.0,6.0,0.0,1.0,21.0,75.0,BULL,NEUTRAL,NEUTRAL,False,,0.5,0.08,0.7
2019-09-11,7.0,5.0,5.0,0.0,0.0,1.0,17.0,8.0,3.0,6.0,5.0,1.0,22.0,10.0,8.0,3.0,1.0,21.0,9.0,6.0,6.0,0.0,1.0,21.0,81.0,STRONG_BULL,NEUTRAL,NEUTRAL,False,,0.5,0.08,0.7
2019-09-12,7.0,5.0,5.0,4.0,0.0,1.0,21.0,8.0,3.0,6.0,5.0,1.0,22.0,10.0,8.0,7.0,1.0,25.0,9.0,6.0,6.0,0.0,1.0,21.0,89.0,STRONG_BULL,STRONG_BULL,STRONG_BULL,False,,1.0,0.15,1.15
2019-09-13,7.0,5.0,5.0,4.0,0.0,1.0,21.0,8.0,3.0,6.0,5.0,1.0,22.0,10.0,8.0,7.0,1.0,25.0,9.0,6.0,0.0,0.0,1.0,15.0,83.0,STRONG_BULL,STRONG_BULL,STRONG_BULL,False,,1.0,0.15,1.15
2019-09-16,7.0,5.0,5.0,4.0,0.0,1.0,21.0,8.0,3.0,6.0,5.0,1.0,22.0,10.0,8.0,7.0,1.0,25.0,9.0,6.0,0.0,0.0,1.0,15.0,83.0,STRONG_BULL,STRONG_BULL,STRONG_BULL,False,,1.0,0.15,1.15
2019-09-17,7.0,5.0,5.0,4.0,0.0,1.0,21.0,8.0,3.0,6.0,5.0,1.0,22.0,10.0,8.0,7.0,1.0,25.0,9.0,6.0,6.0,0.0,1.0,21.0,89.0,STRONG_BULL,STRONG_BULL,STRONG_BULL,False,,1.0,0.15,1.15
2019-09-18,7.0,5.0,5.0,4.0,0.0,1.0,21.0,8.0,3.0,6.0,5.0,1.0,22.0,10.0,8.0,7.0,1.0,25.0,9.0,6.0,6.0,0.0,1.0,21.0,89.0,STRONG_BULL,STRONG_BULL,STRONG_BULL,False,,1.0,0.15,1.15
2019-09-19,7.0,5.0,5.0,4.0,0.0,1.0,21.0,8.0,3.0,6.0,5.0,1.0,22.0,10.0,8.0,7.0,1.0,25.0,9.0,6.0,6.0,0.0,1.0,21.0,89.0,STRONG_BULL,STRONG_BULL,STRONG_BULL,False,,1.0,0.15,1.15
2019-09-20,7.0,5.0,5.0,4.0,0.0,1.0,21.0,8.0,3.0,6.0,5.0,1.0,22.0,5.0,8.0,7.0,1.0,20.0,9.0,6.0,6.0,0.0,1.0,21.0,84.0,STRONG_BULL,STRONG_BULL,STRONG_BULL,False,,1.0,0.15,1.15
2019-09-23,7.0,5.0,5.0,4.0,0.0,1.0,21.0,8.0,3.0,6.0,5.0,1.0,22.0,10.0,8.0,7.0,1.0,25.0,9.0,6.0,6.0,0.0,1.0,21.0,89.0,STRONG_BULL,STRONG_BULL,STRONG_BULL,False,,1.0,0.15,1.15
2019-09-24,7.0,5.0,5.0,4.0,0.0,1.0,21.0,8.0,3.0,6.0,5.0,1.0,22.0,5.0,4.0,7.0,1.0,16.0,9.0,6.0,6.0,0.0,1.0,21.0,80.0,STRONG_BULL,STRONG_BULL,STRONG_BULL,False,,1.0,0.15,1.15
2019-09-25,7.0,5.0,5.0,4.0,0.0,1.0,21.0,8.0,3.0,6.0,5.0,1.0,22.0,5.0,8.0,7.0,1.0,20.0,9.0,6.0,6.0,0.0,1.0,21.0,84.0,STRONG_BULL,STRONG_BULL,STRONG_BULL,False,,1.0,0.15,1.15
2019-09-26,7.0,5.0,5.0,4.0,0.0,1.0,21.0,8.0,3.0,6.0,5.0,1.0,22.0,5.0,8.0,7.0,1.0,20.0,9.0,6.0,6.0,0.0,1.0,21.0,84.0,STRONG_BULL,STRONG_BULL,STRONG_BULL,False,,1.0,0.15,1.15
2019-09-27,7.0,5.0,5.0,4.0,0.0,1.0,21.0,8.0,3.0,6.0,5.0,1.0,22.0,5.0,8.0,7.0,1.0,20.0,9.0,6.0,6.0,0.0,1.0,21.0,84.0,STRONG_BULL,STRONG_BULL,STRONG_BULL,False,,1.0,0.15,1.15
2019-09-30,7.0,5.0,5.0,4.0,0.0,1.0,21.0,8.0,3.0,6.0,5.0,1.0,22.0,5.0,8.0,7.0,1.0,20.0,9.0,6.0,6.0,0.0,1.0,21.0,84.0,STRONG_BULL,STRONG_BULL,STRONG_BULL,False,,1.0,0.15,1.15
2019-10-01,7.0,0.0,5.0,4.0,0.0,1.0,16.0,8.0,3.0,6.0,5.0,1.0,22.0,5.0,4.0,7.0,1.0,16.0,0.0,6.0,6.0,0.0,1.0,12.0,66.0,BULL,STRONG_BULL,STRONG_BULL,False,,1.0,0.15,1.15
2019-10-02,7.0,0.0,5.0,4.0,0.0,1.0,16.0,8.0,3.0,6.0,5.0,1.0,22.0,2.0,0.0,7.0,1.0,9.0,0.0,6.0,6.0,0.0,1.0,12.0,59.0,NEUTRAL,STRONG_BULL,STRONG_BULL,False,,1.0,0.15,1.15
2019-10-03,7.0,0.0,5.0,4.0,0.0,1.0,16.0,8.0,3.0,6.0,5.0,1.0,22.0,2.0,4.0,7.0,1.0,13.0,0.0,6.0,6.0,0.0,1.0,12.0,63.0,NEUTRAL,NEUTRAL,NEUTRAL,False,,0.5,0.08,0.7
2019-10-04,7.0,5.0,5.0,4.0,0.0,1.0,21.0,8.0,3.0,6.0,5.0,1.0,22.0,5.0,8.0,7.0,1.0,20.0,0.0,6.0,6.0,0.0,1.0,12.0,75.0,BULL,NEUTRAL,NEUTRAL,False,,0.5,0.08,0.7
2019-10-07,7.0,0.0,5.0,4.0,0.0,1.0,16.0,4.0,3.0,6.0,0.0,1.0,13.0,5.0,8.0,7.0,1.0,20.0,0.0,6.0,6.0,0.0,1.0,12.0,61.0,NEUTRAL,NEUTRAL,NEUTRAL,False,,0.5,0.08,0.7
2019-10-08,7.0,0.0,5.0,4.0,4.0,1.0,20.0,4.0,3.0,0.0,0.0,1.0,7.000000000000001,2.0,4.0,7.0,1.0,13.0,0.0,0.0,6.0,0.0,1.0,6.0,46.0,NEUTRAL,NEUTRAL,NEUTRAL,False,,0.5,0.08,0.7
2019-10-09,7.0,0.0,5.0,4.0,4.0,1.0,20.0,4.0,3.0,0.0,0.0,1.0,7.000000000000001,5.0,8.0,7.0,1.0,20.0,0.0,0.0,6.0,0.0,1.0,6.0,53.0,NEUTRAL,NEUTRAL,NEUTRAL,False,,0.5,0.08,0.7
2019-10-10,7.0,0.0,5.0,4.0,4.0,1.0,20.0,4.0,3.0,0.0,0.0,1.0,7.000000000000001,5.0,8.0,7.0,1.0,20.0,9.0,0.0,6.0,0.0,1.0,15.0,62.0,NEUTRAL,NEUTRAL,NEUTRAL,False,,0.5,0.08,0.7
2019-10-11,7.0,5.0,5.0,4.0,4.0,1.0,25.0,4.0,3.0,0.0,0.0,1.0,7.000000000000001,10.0,8.0,7.0,1.0,25.0,9.0,0.0,6.0,4.0,1.0,19.0,76.0,BULL,NEUTRAL,NEUTRAL,False,,0.5,0.08,0.7
2019-10-14,7.0,5.0,5.0,4.0,4.0,1.0,25.0,4.0,3.0,0.0,0.0,1.0,7.000000000000001,10.0,8.0,7.0,1.0,25.0,9.0,0.0,6.0,0.0,1.0,15.0,72.0,BULL,BULL,BULL,False,,0.8,0.12,1.0
2019-10-15,7.0,5.0,5.0,4.0,4.0,1.0,25.0,4.0,3.0,0.0,0.0,1.0,7.000000000000001,10.0,8.0,7.0,1.0,25.0,9.0,0.0,6.0,4.0,1.0,19.0,76.0,BULL,BULL,BULL,False,,0.8,0.12,1.0
2019-10-16,7.0,5.0,5.0,4.0,4.0,1.0,25.0,4.0,3.0,0.0,0.0,1.0,7.000000000000001,10.0,8.0,7.0,1.0,25.0,9.0,0.0,6.0,4.0,1.0,19.0,76.0,BULL,BULL,BULL,False,,0.8,0.12,1.0
2019-10-17,7.0,5.0,5.0,4.0,4.0,1.0,25.0,4.0,3.0,0.0,0.0,1.0,7.000000000000001,10.0,8.0,7.0,1.0,25.0,9.0,0.0,6.0,4.0,1.0,19.0,76.0,BULL,BULL,BULL,False,,0.8,0.12,1.0
2019-10-18,7.0,5.0,5.0,4.0,4.0,1.0,25.0,4.0,3.0,0.0,0.0,1.0,7.000000000000001,10.0,8.0,7.0,1.0,25.0,9.0,0.0,6.0,4.0,1.0,19.0,76.0,BULL,BULL,BULL,False,,0.8,0.12,1.0
2019-10-21,7.0,5.0,5.0,4.0,4.0,1.0,25.0,4.0,3.0,0.0,0.0,1.0,7.000000000000001,10.0,8.0,7.0,1.0,25.0,9.0,0.0,6.0,4.0,1.0,19.0,76.0,BULL,BULL,BULL,False,,0.8,0.12,1.0
2019-10-22,7.0,5.0,5.0,4.0,4.0,1.0,25.0,4.0,3.0,0.0,0.0,1.0,7.000000000000001,10.0,8.0,7.0,1.0,25.0,9.0,6.0,6.0,4.0,1.0,25.0,82.0,BULL,BULL,BULL,False,,0.8,0.12,1.0
2019-10-23,7.0,5.0,5.0,4.0,4.0,1.0,25.0,4.0,3.0,0.0,0.0,1.0,7.000000000000001,10.0,8.0,7.0,1.0,25.0,9.0,6.0,6.0,4.0,1.0,25.0,82.0,BULL,BULL,BULL,False,,0.8,0.12,1.0
2019-10-24,7.0,5.0,5.0,4.0,4.0,1.0,25.0,4.0,3.0,0.0,0.0,1.0,7.000000000000001,10.0,8.0,7.0,1.0,25.0,9.0,6.0,6.0,4.0,1.0,25.0,82.0,BULL,BULL,BULL,False,,0.8,0.12,1.0
2019-10-25,7.0,5.0,5.0,4.0,4.0,1.0,25.0,4.0,3.0,0.0,0.0,1.0,7.000000000000001,10.0,8.0,7.0,1.0,25.0,9.0,6.0,6.0,4.0,1.0,25.0,82.0,BULL,BULL,BULL,False,,0.8,0.12,1.0
2019-10-28,7.0,5.0,5.0,4.0,4.0,1.0,25.0,4.0,3.0,0.0,0.0,1.0,7.000000000000001,10.0,8.0,7.0,1.0,25.0,9.0,6.0,6.0,4.0,1.0,25.0,82.0,BULL,BULL,BULL,False,,0.8,0.12,1.0
2019-10-29,7.0,5.0,5.0,4.0,4.0,1.0,25.0,4.0,3.0,0.0,0.0,1.0,7.000000000000001,10.0,8.0,7.0,1.0,25.0,9.0,6.0,6.0,4.0,1.0,25.0,82.0,BULL,BULL,BULL,False,,0.8,0.12,1.0
2019-10-30,7.0,5.0,5.0,4.0,4.0,1.0,25.0,4.0,3.0,0.0,0.0,1.0,7.000000000000001,10.0,8.0,7.0,1.0,25.0,9.0,6.0,6.0,4.0,1.0,25.0,82.0,BULL,BULL,BULL,False,,0.8,0.12,1.0
2019-10-31,7.0,5.0,5.0,4.0,4.0,1.0,25.0,4.0,3.0,0.0,0.0,1.0,7.000000000000001,10.0,8.0,7.0,1.0,25.0,0.0,6.0,6.0,4.0,1.0,16.0,73.0,BULL,BULL,BULL,False,,0.8,0.12,1.0
2019-11-01,7.0,5.0,5.0,4.0,4.0,1.0,25.0,8.0,3.0,0.0,5.0,1.0,16.0,10.0,8.0,7.0,1.0,25.0,9.0,6.0,6.0,4.0,1.0,25.0,91.0,BULL,BULL,BULL,False,,0.8,0.12,1.0
2019-11-04,7.0,5.0,5.0,4.0,4.0,1.0,25.0,8.0,6.0,0.0,5.0,1.0,19.0,10.0,8.0,7.0,1.0,25.0,9.0,6.0,6.0,4.0,1.0,25.0,94.0,STRONG_BULL,BULL,BULL,False,,0.8,0.12,1.0
2019-11-05,7.0,5.0,5.0,4.0,4.0,1.0,25.0,8.0,6.0,6.0,5.0,1.0,25.0,10.0,8.0,7.0,1.0,25.0,9.0,6.0,0.0,4.0,1.0,19.0,94.0,STRONG_BULL,STRONG_BULL,STRONG_BULL,False,,1.0,0.15,1.15
2019-11-06,7.0,5.0,5.0,4.0,4.0,1.0,25.0,8.0,6.0,6.0,5.0,1.0,25.0,10.0,8.0,7.0,1.0,25.0,9.0,6.0,6.0,4.0,1.0,25.0,100.0,STRONG_BULL,STRONG_BULL,STRONG_BULL,False,,1.0,0.15,1.15
2019-11-07,7.0,5.0,5.0,4.0,4.0,1.0,25.0,8.0,6.0,6.0,5.0,1.0,25.0,10.0,8.0,7.0,1.0,25.0,9.0,6.0,6.0,4.0,1.0,25.0,100.0,STRONG_BULL,STRONG_BULL,STRONG_BULL,False,,1.0,0.15,1.15
2019-11-08,7.0,5.0,5.0,4.0,4.0,1.0,25.0,8.0,6.0,6.0,5.0,1.0,25.0,10.0,8.0,7.0,1.0,25.0,9.0,6.0,6.0,0.0,1.0,21.0,96.0,STRONG_BULL,STRONG_BULL,STRONG_BULL,False,,1.0,0.15,1.15
2019-11-11,7.0,5.0,5.0,4.0,4.0,1.0,25.0,8.0,6.0,6.0,5.0,1.0,25.0,10.0,8.0,7.0,1.0,25.0,9.0,6.0,6.0,4.0,1.0,25.0,100.0,STRONG_BULL,STRONG_BULL,STRONG_BULL,False,,1.0,0.15,1.15
2019-11-12,7.0,5.0,5.0,4.0,4.0,1.0,25.0,8.0,6.0,6.0,5.0,1.0,25.0,10.0,8.0,7.0,1.0,25.0,9.0,6.0,6.0,0.0,1.0,21.0,96.0,STRONG_BULL,STRONG_BULL,STRONG_BULL,False,,1.0,0.15,1.15
2019-11-13,7.0,5.0,5.0,4.0,4.0,1.0,25.0,8.0,6.0,6.0,5.0,1.0,25.0,10.0,8.0,7.0,1.0,25.0,9.0,6.0,6.0,0.0,1.0,21.0,96.0,STRONG_BULL,STRONG_BULL,STRONG_BULL,False,,1.0,0.15,1.15
2019-11-14,7.0,5.0,5.0,4.0,4.0,1.0,25.0,8.0,6.0,6.0,5.0,1.0,25.0,10.0,8.0,7.0,1.0,25.0,9.0,6.0,6.0,4.0,1.0,25.0,100.0,STRONG_BULL,STRONG_BULL,STRONG_BULL,False,,1.0,0.15,1.15
2019-11-15,7.0,5.0,5.0,4.0,4.0,1.0,25.0,4.0,6.0,6.0,0.0,1.0,16.0,10.0,8.0,7.0,1.0,25.0,9.0,6.0,6.0,4.0,1.0,25.0,91.0,BULL,STRONG_BULL,STRONG_BULL,False,,1.0,0.15,1.15
2019-11-18,7.0,5.0,5.0,4.0,4.0,1.0,25.0,4.0,6.0,0.0,0.0,1.0,10.0,10.0,8.0,7.0,1.0,25.0,9.0,0.0,6.0,4.0,1.0,19.0,79.0,BULL,BULL,BULL,False,,0.8,0.12,1.0
2019-11-19,7.0,5.0,5.0,4.0,4.0,1.0,25.0,4.0,6.0,0.0,0.0,1.0,10.0,10.0,8.0,7.0,1.0,25.0,0.0,0.0,6.0,4.0,1.0,10.0,70.0,BULL,BULL,BULL,False,,0.8,0.12,1.0
2019-11-20,7.0,5.0,5.0,4.0,4.0,1.0,25.0,4.0,6.0,0.0,0.0,1.0,10.0,10.0,8.0,7.0,1.0,25.0,0.0,6.0,6.0,4.0,1.0,16.0,76.0,BULL,BULL,BULL,False,,0.8,0.12,1.0
2019-11-21,7.0,5.0,5.0,4.0,4.0,1.0,25.0,4.0,6.0,0.0,0.0,1.0,10.0,10.0,8.0,7.0,1.0,25.0,0.0,6.0,6.0,4.0,1.0,16.0,76.0,BULL,BULL,BULL,False,,0.8,0.12,1.0
2019-11-22,7.0,5.0,5.0,4.0,4.0,1.0,25.0,4.0,6.0,0.0,0.0,1.0,10.0,10.0,8.0,7.0,1.0,25.0,9.0,0.0,6.0,0.0,1.0,15.0,75.0,BULL,BULL,BULL,False,,0.8,0.12,1.0
2019-11-25,7.0,5.0,5.0,4.0,4.0,1.0,25.0,4.0,6.0,0.0,0.0,1.0,10.0,10.0,8.0,7.0,1.0,25.0,9.0,6.0,6.0,0.0,1.0,21.0,81.0,BULL,BULL,BULL,False,,0.8,0.12,1.0
2019-11-26,7.0,5.0,5.0,4.0,4.0,1.0,25.0,4.0,6.0,0.0,0.0,1.0,10.0,10.0,8.0,7.0,1.0,25.0,9.0,6.0,6.0,0.0,1.0,21.0,81.0,BULL,BULL,BULL,False,,0.8,0.12,1.0
2019-11-27,7.0,5.0,5.0,4.0,4.0,1.0,25.0,4.0,6.0,0.0,0.0,1.0,10.0,10.0,8.0,7.0,1.0,25.0,9.0,6.0,6.0,0.0,1.0,21.0,81.0,BULL,BULL,BULL,False,,0.8,0.12,1.0
2019-11-29,7.0,5.0,5.0,4.0,4.0,1.0,25.0,4.0,3.0,0.0,0.0,1.0,7.000000000000001,10.0,8.0,7.0,1.0,25.0,9.0,6.0,6.0,0.0,1.0,21.0,78.0,BULL,BULL,BULL,False,,0.8,0.12,1.0
2019-12-02,7.0,5.0,5.0,4.0,4.0,1.0,25.0,4.0,3.0,0.0,0.0,1.0,7.000000000000001,5.0,8.0,7.0,1.0,20.0,9.0,6.0,6.0,4.0,1.0,25.0,77.0,BULL,BULL,BULL,False,,0.8,0.12,1.0
2019-12-03,7.0,5.0,5.0,4.0,0.0,1.0,21.0,4.0,3.0,0.0,0.0,1.0,7.000000000000001,5.0,4.0,7.0,1.0,16.0,0.0,6.0,6.0,4.0,1.0,16.0,60.0,NEUTRAL,BULL,BULL,False,,0.8,0.12,1.0
2019-12-04,7.0,5.0,5.0,4.0,0.0,1.0,21.0,4.0,3.0,0.0,0.0,1.0,7.000000000000001,5.0,8.0,7.0,1.0,20.0,9.0,6.0,6.0,4.0,1.0,25.0,73.0,BULL,BULL,BULL,False,,0.8,0.12,1.0
2019-12-05,7.0,5.0,5.0,4.0,0.0,1.0,21.0,4.0,3.0,0.0,0.0,1.0,7.000000000000001,10.0,8.0,7.0,1.0,25.0,9.0,6.0,6.0,4.0,1.0,25.0,78.0,BULL,BULL,BULL,False,,0.8,0.12,1.0
2019-12-06,7.0,5.0,5.0,4.0,4.0,1.0,25.0,4.0,3.0,0.0,0.0,1.0,7.000000000000001,10.0,8.0,7.0,1.0,25.0,9.0,6.0,6.0,4.0,1.0,25.0,82.0,BULL,BULL,BULL,False,,0.8,0.12,1.0
2019-12-09,7.0,5.0,5.0,4.0,0.0,1.0,21.0,4.0,3.0,0.0,0.0,1.0,7.000000000000001,5.0,4.0,7.0,1.0,16.0,9.0,6.0,6.0,4.0,1.0,25.0,69.0,BULL,BULL,BULL,False,,0.8,0.12,1.0
2019-12-10,7.0,5.0,5.0,4.0,0.0,1.0,21.0,4.0,3.0,0.0,0.0,1.0,7.000000000000001,5.0,8.0,7.0,1.0,20.0,9.0,6.0,6.0,4.0,1.0,25.0,73.0,BULL,BULL,BULL,False,,0.8,0.12,1.0
2019-12-11,7.0,5.0,5.0,4.0,0.0,1.0,21.0,4.0,3.0,0.0,0.0,1.0,7.000000000000001,5.0,8.0,7.0,1.0,20.0,9.0,6.0,6.0,4.0,1.0,25.0,73.0,BULL,BULL,BULL,False,,0.8,0.12,1.0
2019-12-12,7.0,5.0,5.0,4.0,0.0,1.0,21.0,4.0,3.0,0.0,0.0,1.0,7.000000000000001,10.0,8.0,7.0,1.0,25.0,9.0,6.0,6.0,4.0,1.0,25.0,78.0,BULL,BULL,BULL,False,,0.8,0.12,1.0
2019-12-13,7.0,5.0,5.0,4.0,4.0,1.0,25.0,4.0,3.0,0.0,0.0,1.0,7.000000000000001,10.0,8.0,7.0,1.0,25.0,9.0,6.0,6.0,4.0,1.0,25.0,82.0,BULL,BULL,BULL,False,,0.8,0.12,1.0
2019-12-16,7.0,5.0,5.0,4.0,4.0,1.0,25.0,4.0,3.0,0.0,0.0,1.0,7.000000000000001,10.0,8.0,7.0,1.0,25.0,9.0,6.0,6.0,4.0,1.0,25.0,82.0,BULL,BULL,BULL,False,,0.8,0.12,1.0
2019-12-17,7.0,5.0,5.0,4.0,4.0,1.0,25.0,4.0,3.0,0.0,0.0,1.0,7.000000000000001,10.0,8.0,7.0,1.0,25.0,9.0,6.0,6.0,4.0,1.0,25.0,82.0,BULL,BULL,BULL,False,,0.8,0.12,1.0
2019-12-18,7.0,5.0,5.0,4.0,4.0,1.0,25.0,4.0,3.0,0.0,0.0,1.0,7.000000000000001,10.0,8.0,7.0,1.0,25.0,9.0,6.0,6.0,4.0,1.0,25.0,82.0,BULL,BULL,BULL,False,,0.8,0.12,1.0
2019-12-19,7.0,5.0,5.0,4.0,4.0,1.0,25.0,4.0,3.0,0.0,0.0,1.0,7.000000000000001,10.0,8.0,7.0,1.0,25.0,9.0,6.0,6.0,4.0,1.0,25.0,82.0,BULL,BULL,BULL,False,,0.8,0.12,1.0
2019-12-20,7.0,5.0,5.0,4.0,4.0,1.0,25.0,4.0,3.0,0.0,0.0,1.0,7.000000000000001,10.0,8.0,7.0,1.0,25.0,9.0,6.0,6.0,4.0,1.0,25.0,82.0,BULL,BULL,BULL,False,,0.8,0.12,1.0
2019-12-23,7.0,5.0,5.0,4.0,4.0,1.0,25.0,4.0,3.0,0.0,0.0,1.0,7.000000000000001,10.0,8.0,7.0,1.0,25.0,9.0,6.0,6.0,4.0,1.0,25.0,82.0,BULL,BULL,BULL,False,,0.8,0.12,1.0
2019-12-24,7.0,5.0,5.0,4.0,4.0,1.0,25.0,4.0,3.0,0.0,0.0,1.0,7.000000000000001,10.0,8.0,7.0,1.0,25.0,9.0,6.0,6.0,4.0,1.0,25.0,82.0,BULL,BULL,BULL,False,,0.8,0.12,1.0
2019-12-26,7.0,5.0,5.0,4.0,4.0,1.0,25.0,4.0,3.0,0.0,0.0,1.0,7.000000000000001,10.0,8.0,7.0,1.0,25.0,9.0,6.0,6.0,4.0,1.0,25.0,82.0,BULL,BULL,BULL,False,,0.8,0.12,1.0
2019-12-27,7.0,5.0,5.0,4.0,4.0,1.0,25.0,4.0,3.0,0.0,0.0,1.0,7.000000000000001,10.0,8.0,7.0,1.0,25.0,9.0,6.0,6.0,4.0,1.0,25.0,82.0,BULL,BULL,BULL,False,,0.8,0.12,1.0
2019-12-30,7.0,5.0,5.0,4.0,4.0,1.0,25.0,4.0,3.0,0.0,0.0,1.0,7.000000000000001,5.0,8.0,7.0,1.0,20.0,9.0,6.0,6.0,4.0,1.0,25.0,77.0,BULL,BULL,BULL,False,,0.8,0.12,1.0
2019-12-31,7.0,5.0,5.0,4.0,4.0,1.0,25.0,4.0,3.0,0.0,0.0,1.0,7.000000000000001,10.0,8.0,7.0,1.0,25.0,9.0,6.0,6.0,4.0,1.0,25.0,82.0,BULL,BULL,BULL,False,,0.8,0.12,1.0
2020-01-02,7.0,5.0,5.0,4.0,4.0,1.0,25.0,4.0,3.0,0.0,0.0,1.0,7.000000000000001,10.0,8.0,7.0,1.0,25.0,9.0,0.0,6.0,4.0,1.0,19.0,76.0,BULL,BULL,BULL,False,,0.8,0.12,1.0
2020-01-03,7.0,5.0,5.0,4.0,4.0,1.0,25.0,4.0,3.0,0.0,0.0,1.0,7.000000000000001,10.0,8.0,7.0,1.0,25.0,9.0,6.0,6.0,4.0,1.0,25.0,82.0,BULL,BULL,BULL,False,,0.8,0.12,1.0
2020-01-06,7.0,5.0,5.0,4.0,4.0,1.0,25.0,4.0,3.0,0.0,0.0,1.0,7.000000000000001,10.0,8.0,7.0,1.0,25.0,9.0,0.0,6.0,4.0,1.0,19.0,76.0,BULL,BULL,BULL,False,,0.8,0.12,1.0
2020-01-07,7.0,5.0,5.0,4.0,4.0,1.0,25.0,4.0,3.0,0.0,0.0,1.0,7.000000000000001,10.0,8.0,7.0,1.0,25.0,9.0,0.0,6.0,4.0,1.0,19.0,76.0,BULL,BULL,BULL,False,,0.8,0.12,1.0
2020-01-08,7.0,5.0,5.0,4.0,4.0,1.0,25.0,4.0,3.0,0.0,0.0,1.0,7.000000000000001,10.0,8.0,7.0,1.0,25.0,9.0,0.0,6.0,4.0,1.0,19.0,76.0,BULL,BULL,BULL,False,,0.8,0.12,1.0
2020-01-09,7.0,5.0,5.0,4.0,4.0,1.0,25.0,4.0,3.0,0.0,0.0,1.0,7.000000000000001,10.0,8.0,7.0,1.0,25.0,9.0,0.0,6.0,4.0,1.0,19.0,76.0,BULL,BULL,BULL,False,,0.8,0.12,1.0
2020-01-10,7.0,5.0,5.0,4.0,4.0,1.0,25.0,4.0,3.0,0.0,0.0,1.0,7.000000000000001,10.0,8.0,7.0,1.0,25.0,9.0,0.0,6.0,4.0,1.0,19.0,76.0,BULL,BULL,BULL,False,,0.8,0.12,1.0
2020-01-13,7.0,5.0,5.0,4.0,4.0,1.0,25.0,4.0,3.0,0.0,0.0,1.0,7.000000000000001,10.0,8.0,7.0,1.0,25.0,9.0,0.0,6.0,4.0,1.0,19.0,76.0,BULL,BULL,BULL,False,,0.8,0.12,1.0
2020-01-14,7.0,5.0,5.0,4.0,4.0,1.0,25.0,4.0,3.0,0.0,0.0,1.0,7.000000000000001,10.0,8.0,7.0,1.0,25.0,9.0,0.0,6.0,4.0,1.0,19.0,76.0,BULL,BULL,BULL,False,,0.8,0.12,1.0
2020-01-15,7.0,5.0,5.0,4.0,4.0,1.0,25.0,4.0,3.0,0.0,0.0,1.0,7.000000000000001,10.0,8.0,7.0,1.0,25.0,9.0,0.0,6.0,4.0,1.0,19.0,76.0,BULL,BULL,BULL,False,,0.8,0.12,1.0
2020-01-16,7.0,5.0,5.0,4.0,4.0,1.0,25.0,4.0,3.0,0.0,0.0,1.0,7.000000000000001,10.0,8.0,7.0,1.0,25.0,9.0,0.0,6.0,4.0,1.0,19.0,76.0,BULL,BULL,BULL,False,,0.8,0.12,1.0
2020-01-17,7.0,5.0,5.0,4.0,4.0,1.0,25.0,4.0,3.0,0.0,0.0,1.0,7.000000000000001,10.0,8.0,7.0,1.0,25.0,9.0,0.0,6.0,0.0,1.0,15.0,72.0,BULL,BULL,BULL,False,,0.8,0.12,1.0
2020-01-21,7.0,5.0,5.0,4.0,4.0,1.0,25.0,4.0,3.0,0.0,0.0,1.0,7.000000000000001,10.0,8.0,7.0,1.0,25.0,9.0,0.0,6.0,4.0,1.0,19.0,76.0,BULL,BULL,BULL,False,,0.8,0.12,1.0
2020-01-22,7.0,5.0,5.0,4.0,4.0,1.0,25.0,4.0,3.0,0.0,0.0,1.0,7.000000000000001,10.0,8.0,7.0,1.0,25.0,9.0,0.0,6.0,4.0,1.0,19.0,76.0,BULL,BULL,BULL,False,,0.8,0.12,1.0
2020-01-23,7.0,5.0,5.0,4.0,4.0,1.0,25.0,4.0,3.0,0.0,0.0,1.0,7.000000000000001,10.0,8.0,7.0,1.0,25.0,0.0,0.0,6.0,0.0,1.0,6.0,63.0,NEUTRAL,BULL,BULL,False,,0.8,0.12,1.0
2020-01-24,7.0,5.0,5.0,4.0,4.0,1.0,25.0,4.0,3.0,0.0,0.0,1.0,7.000000000000001,5.0,8.0,7.0,1.0,20.0,0.0,0.0,6.0,0.0,1.0,6.0,58.0,NEUTRAL,NEUTRAL,NEUTRAL,False,,0.5,0.08,0.7
2020-01-27,7.0,5.0,5.0,4.0,4.0,1.0,25.0,4.0,3.0,0.0,0.0,1.0,7.000000000000001,2.0,0.0,7.0,1.0,9.0,0.0,0.0,6.0,0.0,1.0,6.0,47.0,NEUTRAL,NEUTRAL,CRISIS,True,TERM_BACKWARDATION,0.0,0.0,0.0
2020-01-28,7.0,5.0,5.0,4.0,4.0,1.0,25.0,4.0,3.0,0.0,0.0,1.0,7.000000000000001,2.0,0.0,7.0,1.0,9.0,0.0,0.0,6.0,0.0,1.0,6.0,47.0,NEUTRAL,NEUTRAL,NEUTRAL,False,,0.5,0.08,0.7
2020-01-29,7.0,5.0,5.0,4.0,4.0,1.0,25.0,4.0,3.0,0.0,0.0,1.0,7.000000000000001,2.0,0.0,7.0,1.0,9.0,0.0,0.0,6.0,0.0,1.0,6.0,47.0,NEUTRAL,NEUTRAL,NEUTRAL,False,,0.5,0.08,0.7
2020-01-30,7.0,5.0,5.0,4.0,4.0,1.0,25.0,4.0,3.0,0.0,0.0,1.0,7.000000000000001,5.0,4.0,7.0,1.0,16.0,0.0,0.0,6.0,0.0,1.0,6.0,54.0,NEUTRAL,NEUTRAL,NEUTRAL,False,,0.5,0.08,0.7
2020-01-31,7.0,5.0,5.0,4.0,4.0,1.0,25.0,4.0,3.0,0.0,0.0,1.0,7.000000000000001,0.0,0.0,7.0,1.0,7.000000000000001,0.0,0.0,6.0,4.0,1.0,10.0,49.0,NEUTRAL,NEUTRAL,CRISIS,True,TERM_BACKWARDATION,0.0,0.0,0.0
2020-02-03,7.0,5.0,5.0,4.0,4.0,1.0,25.0,4.0,3.0,0.0,0.0,1.0,7.000000000000001,2.0,0.0,7.0,1.0,9.0,0.0,0.0,6.0,0.0,1.0,6.0,47.0,NEUTRAL,NEUTRAL,NEUTRAL,False,,0.5,0.08,0.7
2020-02-04,7.0,5.0,5.0,4.0,4.0,1.0,25.0,4.0,3.0,0.0,0.0,1.0,7.000000000000001,2.0,8.0,7.0,1.0,17.0,0.0,0.0,6.0,0.0,1.0,6.0,55.0,NEUTRAL,NEUTRAL,NEUTRAL,False,,0.5,0.08,0.7
2020-02-05,7.0,5.0,5.0,4.0,4.0,1.0,25.0,4.0,3.0,0.0,0.0,1.0,7.000000000000001,5.0,8.0,7.0,1.0,20.0,0.0,0.0,6.0,0.0,1.0,6.0,58.0,NEUTRAL,NEUTRAL,NEUTRAL,False,,0.5,0.08,0.7
2020-02-06,7.0,5.0,5.0,4.0,4.0,1.0,25.0,4.0,3.0,0.0,0.0,1.0,7.000000000000001,5.0,8.0,7.0,1.0,20.0,0.0,0.0,6.0,0.0,1.0,6.0,58.0,NEUTRAL,NEUTRAL,NEUTRAL,False,,0.5,0.08,0.7
2020-02-07,7.0,5.0,5.0,4.0,4.0,1.0,25.0,4.0,3.0,0.0,0.0,1.0,7.000000000000001,5.0,8.0,7.0,1.0,20.0,0.0,0.0,6.0,0.0,1.0,6.0,58.0,NEUTRAL,NEUTRAL,NEUTRAL,False,,0.5,0.08,0.7
2020-02-10,7.0,5.0,5.0,4.0,4.0,1.0,25.0,4.0,3.0,0.0,0.0,1.0,7.000000000000001,5.0,8.0,7.0,1.0,20.0,0.0,0.0,6.0,0.0,1.0,6.0,58.0,NEUTRAL,NEUTRAL,NEUTRAL,False,,0.5,0.08,0.7
2020-02-11,7.0,5.0,5.0,4.0,4.0,1.0,25.0,4.0,3.0,0.0,0.0,1.0,7.000000000000001,5.0,8.0,7.0,1.0,20.0,0.0,0.0,6.0,0.0,1.0,6.0,58.0,NEUTRAL,NEUTRAL,NEUTRAL,False,,0.5,0.08,0.7
2020-02-12,7.0,5.0,5.0,4.0,4.0,1.0,25.0,4.0,3.0,0.0,0.0,1.0,7.000000000000001,10.0,8.0,7.0,1.0,25.0,0.0,0.0,6.0,0.0,1.0,6.0,63.0,NEUTRAL,NEUTRAL,NEUTRAL,False,,0.5,0.08,0.7
2020-02-13,7.0,5.0,5.0,4.0,4.0,1.0,25.0,4.0,3.0,0.0,0.0,1.0,7.000000000000001,5.0,8.0,7.0,1.0,20.0,0.0,0.0,6.0,0.0,1.0,6.0,58.0,NEUTRAL,NEUTRAL,NEUTRAL,False,,0.5,0.08,0.7
2020-02-14,7.0,5.0,5.0,4.0,4.0,1.0,25.0,4.0,3.0,0.0,0.0,1.0,7.000000000000001,10.0,8.0,7.0,1.0,25.0,0.0,0.0,6.0,0.0,1.0,6.0,63.0,NEUTRAL,NEUTRAL,NEUTRAL,False,,0.5,0.08,0.7
2020-02-18,7.0,5.0,5.0,4.0,4.0,1.0,25.0,4.0,3.0,0.0,0.0,1.0,7.000000000000001,5.0,8.0,7.0,1.0,20.0,0.0,0.0,6.0,0.0,1.0,6.0,58.0,NEUTRAL,NEUTRAL,NEUTRAL,False,,0.5,0.08,0.7
2020-02-19,7.0,5.0,5.0,4.0,4.0,1.0,25.0,4.0,3.0,0.0,0.0,1.0,7.000000000000001,5.0,8.0,7.0,1.0,20.0,0.0,0.0,6.0,0.0,1.0,6.0,58.0,NEUTRAL,NEUTRAL,NEUTRAL,False,,0.5,0.08,0.7
2020-02-20,7.0,5.0,5.0,4.0,4.0,1.0,25.0,4.0,3.0,0.0,0.0,1.0,7.000000000000001,5.0,8.0,7.0,1.0,20.0,0.0,6.0,6.0,0.0,1.0,12.0,64.0,NEUTRAL,NEUTRAL,NEUTRAL,False,,0.5,0.08,0.7
2020-02-21,7.0,5.0,5.0,4.0,4.0,1.0,25.0,4.0,3.0,0.0,0.0,1.0,7.000000000000001,2.0,8.0,7.0,1.0,17.0,0.0,6.0,6.0,0.0,1.0,12.0,61.0,NEUTRAL,NEUTRAL,NEUTRAL,False,,0.5,0.08,0.7
2020-02-24,7.0,0.0,5.0,4.0,4.0,1.0,20.0,4.0,3.0,0.0,0.0,1.0,7.000000000000001,0.0,0.0,3.0,1.0,3.0,0.0,6.0,6.0,0.0,1.0,12.0,42.0,CAUTION,NEUTRAL,CRISIS,True,VIX_PCTL_EXTREME|TERM_BACKWARDATION|VIX_SPIKE,0.0,0.0,0.0
2020-02-25,7.0,0.0,5.0,4.0,4.0,1.0,20.0,4.0,3.0,0.0,0.0,1.0,7.000000000000001,0.0,0.0,3.0,1.0,3.0,0.0,0.0,6.0,0.0,1.0,6.0,36.0,CAUTION,CAUTION,CRISIS,True,VIX_PCTL_EXTREME|TERM_BACKWARDATION|SPY_5D_CRASH,0.0,0.0,0.0
2020-02-26,7.0,0.0,5.0,4.0,4.0,1.0,20.0,4.0,3.0,0.0,0.0,1.0,7.000000000000001,0.0,0.0,3.0,1.0,3.0,0.0,0.0,6.0,0.0,1.0,6.0,36.0,CAUTION,CAUTION,CRISIS,True,VIX_PCTL_EXTREME|TERM_BACKWARDATION|SPY_5D_CRASH,0.0,0.0,0.0
2020-02-27,0.0,0.0,5.0,4.0,4.0,1.0,13.0,4.0,3.0,0.0,0.0,1.0,7.000000000000001,0.0,0.0,3.0,1.0,3.0,0.0,6.0,6.0,0.0,1.0,12.0,35.0,CAUTION,CAUTION,CRISIS,True,VIX_PCTL_EXTREME|TERM_BACKWARDATION|SPY_5D_CRASH|VIX_SPIKE,0.0,0.0,0.0
2020-02-28,0.0,0.0,5.0,4.0,4.0,1.0,13.0,4.0,3.0,0.0,0.0,1.0,7.000000000000001,0.0,0.0,3.0,1.0,3.0,0.0,0.0,6.0,0.0,1.0,6.0,29.0,RISK_OFF,CAUTION,CRISIS,True,VIX_PCTL_EXTREME|TERM_BACKWARDATION|SPY_5D_CRASH,0.0,0.0,0.0
2020-03-02,7.0,0.0,5.0,4.0,4.0,1.0,20.0,4.0,3.0,0.0,0.0,1.0,7.000000000000001,0.0,0.0,0.0,1.0,0.0,0.0,0.0,6.0,4.0,1.0,10.0,37.0,CAUTION,CAUTION,CRISIS,True,VIX_PCTL_EXTREME|TERM_BACKWARDATION,0.0,0.0,0.0
2020-03-03,0.0,0.0,5.0,4.0,4.0,1.0,13.0,4.0,3.0,0.0,0.0,1.0,7.000000000000001,0.0,0.0,0.0,1.0,0.0,0.0,0.0,6.0,4.0,1.0,10.0,30.0,CAUTION,CAUTION,CRISIS,True,VIX_PCTL_EXTREME|TERM_BACKWARDATION,0.0,0.0,0.0
2020-03-04,7.0,0.0,5.0,4.0,4.0,1.0,20.0,4.0,3.0,0.0,0.0,1.0,7.000000000000001,0.0,0.0,0.0,1.0,0.0,0.0,0.0,6.0,4.0,1.0,10.0,37.0,CAUTION,CAUTION,CRISIS,True,VIX_PCTL_EXTREME|TERM_BACKWARDATION,0.0,0.0,0.0
2020-03-05,0.0,0.0,5.0,0.0,4.0,1.0,9.0,4.0,3.0,0.0,0.0,1.0,7.000000000000001,0.0,0.0,0.0,1.0,0.0,0.0,0.0,6.0,4.0,1.0,10.0,26.0,RISK_OFF,CAUTION,CRISIS,True,VIX_PCTL_EXTREME|TERM_BACKWARDATION,0.0,0.0,0.0
2020-03-06,0.0,0.0,5.0,0.0,4.0,1.0,9.0,4.0,3.0,0.0,0.0,1.0,7.000000000000001,0.0,0.0,0.0,1.0,0.0,0.0,0.0,6.0,4.0,1.0,10.0,26.0,RISK_OFF,RISK_OFF,CRISIS,True,VIX_PCTL_EXTREME|TERM_BACKWARDATION,0.0,0.0,0.0
2020-03-09,0.0,0.0,5.0,0.0,4.0,1.0,9.0,4.0,3.0,0.0,0.0,1.0,7.000000000000001,0.0,0.0,0.0,1.0,0.0,0.0,0.0,6.0,4.0,1.0,10.0,26.0,RISK_OFF,RISK_OFF,CRISIS,True,VIX_PCTL_EXTREME|TERM_BACKWARDATION|SPY_5D_CRASH,0.0,0.0,0.0
2020-03-10,0.0,0.0,5.0,0.0,4.0,1.0,9.0,4.0,3.0,0.0,0.0,1.0,7.000000000000001,0.0,0.0,0.0,1.0,0.0,0.0,0.0,6.0,4.0,1.0,10.0,26.0,RISK_OFF,RISK_OFF,CRISIS,True,VIX_PCTL_EXTREME|TERM_BACKWARDATION,0.0,0.0,0.0
2020-03-11,0.0,0.0,5.0,0.0,4.0,1.0,9.0,4.0,3.0,0.0,0.0,1.0,7.000000000000001,0.0,0.0,0.0,1.0,0.0,0.0,0.0,6.0,4.0,1.0,10.0,26.0,RISK_OFF,RISK_OFF,CRISIS,True,VIX_PCTL_EXTREME|TERM_BACKWARDATION|SPY_5D_CRASH,0.0,0.0,0.0
2020-03-12,0.0,0.0,5.0,0.0,4.0,1.0,9.0,4.0,3.0,0.0,0.0,1.0,7.000000000000001,0.0,0.0,0.0,1.0,0.0,0.0,0.0,6.0,4.0,1.0,10.0,26.0,RISK_OFF,RISK_OFF,CRISIS,True,VIX_PCTL_EXTREME|TERM_BACKWARDATION|SPY_5D_CRASH|VIX_SPIKE,0.0,0.0,0.0
2020-03-13,0.0,0.0,5.0,0.0,4.0,1.0,9.0,4.0,3.0,0.0,0.0,1.0,7.000000000000001,0.0,0.0,0.0,1.0,0.0,0.0,0.0,6.0,0.0,1.0,6.0,22.0,RISK_OFF,RISK_OFF,CRISIS,True,VIX_PCTL_EXTREME|TERM_BACKWARDATION|SPY_5D_CRASH,0.0,0.0,0.0
2020-03-16,0.0,0.0,5.0,0.0,4.0,1.0,9.0,0.0,3.0,0.0,0.0,1.0,3.0,0.0,0.0,0.0,1.0,0.0,0.0,0.0,6.0,0.0,1.0,6.0,18.0,RISK_OFF,RISK_OFF,CRISIS,True,VIX_PCTL_EXTREME|TERM_BACKWARDATION|SPY_5D_CRASH|VIX_SPIKE,0.0,0.0,0.0
2020-03-17,0.0,0.0,5.0,0.0,4.0,1.0,9.0,0.0,3.0,0.0,0.0,1.0,3.0,0.0,0.0,0.0,1.0,0.0,0.0,0.0,6.0,0.0,1.0,6.0,18.0,RISK_OFF,RISK_OFF,CRISIS,True,VIX_PCTL_EXTREME|TERM_BACKWARDATION|SPY_5D_CRASH,0.0,0.0,0.0
2020-03-18,0.0,0.0,5.0,0.0,4.0,1.0,9.0,0.0,0.0,0.0,0.0,1.0,0.0,0.0,0.0,0.0,1.0,0.0,0.0,0.0,6.0,0.0,1.0,6.0,15.0,RISK_OFF,RISK_OFF,CRISIS,True,VIX_PCTL_EXTREME|TERM_BACKWARDATION|SPY_5D_CRASH,0.0,0.0,0.0
2020-03-19,0.0,0.0,0.0,0.0,4.0,1.0,4.0,0.0,0.0,0.0,0.0,1.0,0.0,0.0,0.0,0.0,1.0,0.0,0.0,0.0,6.0,0.0,1.0,6.0,10.0,CRISIS,RISK_OFF,CRISIS,True,VIX_PCTL_EXTREME|TERM_BACKWARDATION,0.0,0.0,0.0
2020-03-20,0.0,0.0,0.0,0.0,4.0,1.0,4.0,0.0,0.0,0.0,0.0,1.0,0.0,0.0,0.0,0.0,1.0,0.0,0.0,0.0,6.0,0.0,1.0,6.0,10.0,CRISIS,CRISIS,CRISIS,True,VIX_PCTL_EXTREME|TERM_BACKWARDATION|SPY_5D_CRASH,0.0,0.0,0.0
2020-03-23,0.0,0.0,0.0,0.0,4.0,1.0,4.0,0.0,0.0,0.0,0.0,1.0,0.0,0.0,0.0,0.0,1.0,0.0,0.0,0.0,6.0,0.0,1.0,6.0,10.0,CRISIS,CRISIS,CRISIS,True,VIX_PCTL_EXTREME|TERM_BACKWARDATION|SPY_5D_CRASH,0.0,0.0,0.0
2020-03-24,0.0,0.0,0.0,0.0,4.0,1.0,4.0,0.0,0.0,0.0,0.0,1.0,0.0,0.0,0.0,0.0,1.0,0.0,0.0,0.0,6.0,0.0,1.0,6.0,10.0,CRISIS,CRISIS,CRISIS,True,VIX_PCTL_EXTREME|TERM_BACKWARDATION,0.0,0.0,0.0
2020-03-25,0.0,0.0,0.0,0.0,4.0,1.0,4.0,0.0,3.0,0.0,0.0,1.0,3.0,0.0,0.0,0.0,1.0,0.0,0.0,0.0,6.0,0.0,1.0,6.0,13.0,CRISIS,CRISIS,CRISIS,True,VIX_PCTL_EXTREME|TERM_BACKWARDATION,0.0,0.0,0.0
2020-03-26,0.0,0.0,0.0,0.0,4.0,1.0,4.0,0.0,3.0,0.0,0.0,1.0,3.0,0.0,0.0,0.0,1.0,0.0,0.0,0.0,6.0,0.0,1.0,6.0,13.0,CRISIS,CRISIS,CRISIS,True,VIX_PCTL_EXTREME|TERM_BACKWARDATION,0.0,0.0,0.0
2020-03-27,0.0,0.0,0.0,0.0,4.0,1.0,4.0,0.0,0.0,0.0,0.0,1.0,0.0,0.0,0.0,0.0,1.0,0.0,0.0,0.0,6.0,4.0,1.0,10.0,14.0,CRISIS,CRISIS,CRISIS,True,VIX_PCTL_EXTREME|TERM_BACKWARDATION,0.0,0.0,0.0
2020-03-30,0.0,0.0,0.0,0.0,4.0,1.0,4.0,0.0,0.0,0.0,0.0,1.0,0.0,0.0,0.0,0.0,1.0,0.0,0.0,0.0,6.0,0.0,1.0,6.0,10.0,CRISIS,CRISIS,CRISIS,True,VIX_PCTL_EXTREME|TERM_BACKWARDATION,0.0,0.0,0.0
2020-03-31,0.0,0.0,0.0,0.0,4.0,1.0,4.0,0.0,0.0,0.0,0.0,1.0,0.0,0.0,0.0,0.0,1.0,0.0,0.0,0.0,6.0,0.0,1.0,6.0,10.0,CRISIS,CRISIS,CRISIS,True,TERM_BACKWARDATION,0.0,0.0,0.0
2020-04-01,0.0,0.0,0.0,0.0,4.0,1.0,4.0,0.0,0.0,0.0,0.0,1.0,0.0,0.0,0.0,0.0,1.0,0.0,0.0,0.0,6.0,0.0,1.0,6.0,10.0,CRISIS,CRISIS,CRISIS,True,TERM_BACKWARDATION,0.0,0.0,0.0
2020-04-02,0.0,0.0,0.0,0.0,4.0,1.0,4.0,0.0,0.0,0.0,0.0,1.0,0.0,0.0,0.0,0.0,1.0,0.0,0.0,0.0,6.0,0.0,1.0,6.0,10.0,CRISIS,CRISIS,CRISIS,True,TERM_BACKWARDATION,0.0,0.0,0.0
2020-04-03,0.0,0.0,0.0,0.0,4.0,1.0,4.0,0.0,0.0,0.0,0.0,1.0,0.0,0.0,0.0,0.0,1.0,0.0,0.0,0.0,6.0,0.0,1.0,6.0,10.0,CRISIS,CRISIS,CRISIS,False,,0.0,0.0,0.0
2020-04-06,0.0,0.0,0.0,0.0,4.0,1.0,4.0,4.0,0.0,0.0,0.0,1.0,4.0,0.0,0.0,0.0,1.0,0.0,0.0,0.0,6.0,0.0,1.0,6.0,14.0,CRISIS,CRISIS,CRISIS,False,,0.0,0.0,0.0
2020-04-07,0.0,0.0,0.0,0.0,4.0,1.0,4.0,4.0,3.0,0.0,0.0,1.0,7.000000000000001,0.0,0.0,0.0,1.0,0.0,0.0,0.0,6.0,0.0,1.0,6.0,17.0,RISK_OFF,CRISIS,CRISIS,True,TERM_BACKWARDATION,0.0,0.0,0.0
2020-04-08,0.0,0.0,0.0,0.0,4.0,1.0,4.0,4.0,3.0,0.0,0.0,1.0,7.000000000000001,0.0,0.0,0.0,1.0,0.0,0.0,0.0,6.0,0.0,1.0,6.0,17.0,RISK_OFF,RISK_OFF,RISK_OFF,False,,0.1,0.05,0.1
2020-04-09,0.0,0.0,0.0,0.0,4.0,1.0,4.0,4.0,3.0,0.0,0.0,1.0,7.000000000000001,0.0,4.0,0.0,1.0,4.0,0.0,0.0,6.0,0.0,1.0,6.0,21.0,RISK_OFF,RISK_OFF,RISK_OFF,False,,0.1,0.05,0.1
2020-04-13,0.0,0.0,0.0,0.0,4.0,1.0,4.0,4.0,3.0,0.0,0.0,1.0,7.000000000000001,0.0,0.0,0.0,1.0,0.0,0.0,0.0,6.0,0.0,1.0,6.0,17.0,RISK_OFF,RISK_OFF,RISK_OFF,False,,0.1,0.05,0.1
2020-04-14,0.0,5.0,0.0,0.0,4.0,1.0,9.0,4.0,0.0,0.0,0.0,1.0,4.0,2.0,0.0,0.0,1.0,2.0,0.0,6.0,6.0,4.0,1.0,16.0,31.0,CAUTION,RISK_OFF,RISK_OFF,False,,0.1,0.05,0.1
2020-04-15,0.0,0.0,0.0,0.0,4.0,1.0,4.0,4.0,0.0,0.0,0.0,1.0,4.0,2.0,0.0,0.0,1.0,2.0,0.0,0.0,6.0,0.0,1.0,6.0,16.0,RISK_OFF,RISK_OFF,RISK_OFF,False,,0.1,0.05,0.1
2020-04-16,0.0,0.0,0.0,0.0,4.0,1.0,4.0,4.0,0.0,0.0,0.0,1.0,4.0,2.0,0.0,0.0,1.0,2.0,0.0,6.0,6.0,0.0,1.0,12.0,22.0,RISK_OFF,RISK_OFF,RISK_OFF,False,,0.1,0.05,0.1
2020-04-17,0.0,5.0,0.0,0.0,4.0,1.0,9.0,4.0,0.0,0.0,0.0,1.0,4.0,2.0,4.0,0.0,1.0,6.0,0.0,0.0,6.0,0.0,1.0,6.0,25.0,RISK_OFF,RISK_OFF,RISK_OFF,False,,0.1,0.05,0.1
2020-04-20,0.0,5.0,0.0,0.0,4.0,1.0,9.0,4.0,0.0,0.0,0.0,1.0,4.0,0.0,0.0,0.0,1.0,0.0,0.0,0.0,6.0,0.0,1.0,6.0,19.0,RISK_OFF,RISK_OFF,RISK_OFF,False,,0.1,0.05,0.1
2020-04-21,0.0,0.0,0.0,0.0,0.0,1.0,0.0,8.0,0.0,0.0,5.0,1.0,13.0,0.0,0.0,0.0,1.0,0.0,0.0,0.0,6.0,0.0,1.0,6.0,19.0,RISK_OFF,RISK_OFF,RISK_OFF,False,,0.1,0.05,0.1
2020-04-22,0.0,0.0,0.0,0.0,4.0,1.0,4.0,4.0,0.0,0.0,0.0,1.0,4.0,0.0,4.0,0.0,1.0,4.0,0.0,0.0,6.0,0.0,1.0,6.0,18.0,RISK_OFF,RISK_OFF,RISK_OFF,False,,0.1,0.05,0.1
2020-04-23,0.0,0.0,0.0,0.0,4.0,1.0,4.0,4.0,0.0,0.0,0.0,1.0,4.0,2.0,4.0,0.0,1.0,6.0,0.0,0.0,6.0,0.0,1.0,6.0,20.0,RISK_OFF,RISK_OFF,RISK_OFF,False,,0.1,0.05,0.1
2020-04-24,0.0,5.0,0.0,0.0,4.0,1.0,9.0,4.0,0.0,0.0,0.0,1.0,4.0,2.0,8.0,0.0,1.0,10.0,0.0,0.0,6.0,0.0,1.0,6.0,29.0,RISK_OFF,RISK_OFF,RISK_OFF,False,,0.1,0.05,0.1
2020-04-27,0.0,5.0,0.0,0.0,4.0,1.0,9.0,4.0,3.0,0.0,0.0,1.0,7.000000000000001,2.0,8.0,0.0,1.0,10.0,0.0,6.0,6.0,0.0,1.0,12.0,38.0,CAUTION,RISK_OFF,RISK_OFF,False,,0.1,0.05,0.1
2020-04-28,0.0,5.0,0.0,0.0,4.0,1.0,9.0,8.0,3.0,0.0,5.0,1.0,16.0,2.0,8.0,0.0,1.0,10.0,0.0,6.0,6.0,0.0,1.0,12.0,47.0,NEUTRAL,RISK_OFF,RISK_OFF,False,,0.1,0.05,0.1
2020-04-29,7.0,5.0,0.0,0.0,4.0,1.0,16.0,8.0,3.0,6.0,5.0,1.0,22.0,2.0,8.0,0.0,1.0,10.0,0.0,6.0,6.0,0.0,1.0,12.0,60.0,NEUTRAL,NEUTRAL,NEUTRAL,False,,0.5,0.08,0.7
2020-04-30,0.0,5.0,0.0,0.0,4.0,1.0,9.0,8.0,3.0,6.0,5.0,1.0,22.0,2.0,8.0,0.0,1.0,10.0,0.0,6.0,6.0,4.0,1.0,16.0,57.0,NEUTRAL,NEUTRAL,NEUTRAL,False,,0.5,0.08,0.7
2020-05-01,0.0,5.0,0.0,0.0,4.0,1.0,9.0,8.0,3.0,6.0,5.0,1.0,22.0,2.0,8.0,0.0,1.0,10.0,0.0,6.0,6.0,4.0,1.0,16.0,57.0,NEUTRAL,NEUTRAL,NEUTRAL,False,,0.5,0.08,0.7
2020-05-04,0.0,5.0,0.0,4.0,4.0,1.0,13.0,8.0,3.0,6.0,5.0,1.0,22.0,2.0,4.0,0.0,1.0,6.0,0.0,6.0,6.0,0.0,1.0,12.0,53.0,NEUTRAL,NEUTRAL,NEUTRAL,False,,0.5,0.08,0.7
2020-05-05,0.0,5.0,0.0,4.0,4.0,1.0,13.0,8.0,3.0,6.0,5.0,1.0,22.0,2.0,8.0,0.0,1.0,10.0,0.0,6.0,6.0,0.0,1.0,12.0,57.0,NEUTRAL,NEUTRAL,NEUTRAL,False,,0.5,0.08,0.7
2020-05-06,0.0,5.0,0.0,4.0,4.0,1.0,13.0,4.0,3.0,6.0,0.0,1.0,13.0,2.0,4.0,0.0,1.0,6.0,0.0,6.0,6.0,0.0,1.0,12.0,44.0,CAUTION,NEUTRAL,NEUTRAL,False,,0.5,0.08,0.7
2020-05-07,0.0,5.0,0.0,4.0,4.0,1.0,13.0,4.0,3.0,6.0,0.0,1.0,13.0,2.0,8.0,0.0,1.0,10.0,0.0,6.0,6.0,0.0,1.0,12.0,48.0,NEUTRAL,NEUTRAL,NEUTRAL,False,,0.5,0.08,0.7
2020-05-08,7.0,5.0,0.0,4.0,4.0,1.0,20.0,4.0,3.0,0.0,0.0,1.0,7.000000000000001,2.0,8.0,0.0,1.0,10.0,9.0,6.0,6.0,0.0,1.0,21.0,58.0,NEUTRAL,NEUTRAL,NEUTRAL,False,,0.5,0.08,0.7
2020-05-11,7.0,5.0,0.0,4.0,4.0,1.0,20.0,4.0,3.0,0.0,0.0,1.0,7.000000000000001,2.0,8.0,0.0,1.0,10.0,9.0,6.0,6.0,0.0,1.0,21.0,58.0,NEUTRAL,NEUTRAL,NEUTRAL,False,,0.5,0.08,0.7
2020-05-12,0.0,5.0,0.0,4.0,4.0,1.0,13.0,4.0,3.0,0.0,0.0,1.0,7.000000000000001,2.0,4.0,3.0,1.0,9.0,9.0,6.0,6.0,0.0,1.0,21.0,50.0,NEUTRAL,NEUTRAL,NEUTRAL,False,,0.5,0.08,0.7
2020-05-13,0.0,0.0,0.0,4.0,4.0,1.0,8.0,4.0,0.0,0.0,0.0,1.0,4.0,2.0,8.0,3.0,1.0,13.0,9.0,6.0,6.0,0.0,1.0,21.0,46.0,NEUTRAL,NEUTRAL,NEUTRAL,False,,0.5,0.08,0.7
2020-05-14,0.0,5.0,0.0,4.0,4.0,1.0,13.0,4.0,0.0,0.0,0.0,1.0,4.0,2.0,8.0,3.0,1.0,13.0,9.0,6.0,6.0,0.0,1.0,21.0,51.0,NEUTRAL,NEUTRAL,NEUTRAL,False,,0.5,0.08,0.7
2020-05-15,0.0,5.0,0.0,4.0,4.0,1.0,13.0,4.0,0.0,0.0,0.0,1.0,4.0,2.0,8.0,3.0,1.0,13.0,9.0,6.0,6.0,0.0,1.0,21.0,51.0,NEUTRAL,NEUTRAL,NEUTRAL,False,,0.5,0.08,0.7
2020-05-18,7.0,5.0,0.0,4.0,4.0,1.0,20.0,8.0,3.0,0.0,5.0,1.0,16.0,2.0,8.0,3.0,1.0,13.0,9.0,6.0,6.0,4.0,1.0,25.0,74.0,BULL,NEUTRAL,NEUTRAL,False,,0.5,0.08,0.7
2020-05-19,7.0,5.0,0.0,4.0,4.0,1.0,20.0,8.0,3.0,0.0,5.0,1.0,16.0,2.0,8.0,3.0,1.0,13.0,9.0,6.0,6.0,4.0,1.0,25.0,74.0,BULL,BULL,BULL,False,,0.8,0.12,1.0
2020-05-20,7.0,5.0,0.0,4.0,4.0,1.0,20.0,8.0,3.0,0.0,5.0,1.0,16.0,2.0,8.0,3.0,1.0,13.0,9.0,6.0,6.0,4.0,1.0,25.0,74.0,BULL,BULL,BULL,False,,0.8,0.12,1.0
2020-05-21,7.0,5.0,0.0,4.0,4.0,1.0,20.0,8.0,3.0,6.0,5.0,1.0,22.0,2.0,8.0,3.0,1.0,13.0,9.0,6.0,6.0,4.0,1.0,25.0,80.0,STRONG_BULL,BULL,BULL,False,,0.8,0.12,1.0
2020-05-22,7.0,5.0,0.0,4.0,4.0,1.0,20.0,8.0,3.0,6.0,5.0,1.0,22.0,2.0,8.0,3.0,1.0,13.0,9.0,6.0,6.0,4.0,1.0,25.0,80.0,STRONG_BULL,STRONG_BULL,STRONG_BULL,False,,1.0,0.15,1.15
2020-05-26,7.0,5.0,0.0,4.0,4.0,1.0,20.0,8.0,3.0,6.0,5.0,1.0,22.0,2.0,8.0,3.0,1.0,13.0,9.0,6.0,6.0,4.0,1.0,25.0,80.0,STRONG_BULL,STRONG_BULL,STRONG_BULL,False,,1.0,0.15,1.15
2020-05-27,7.0,5.0,0.0,4.0,4.0,1.0,20.0,8.0,3.0,6.0,5.0,1.0,22.0,2.0,8.0,3.0,1.0,13.0,9.0,6.0,6.0,4.0,1.0,25.0,80.0,STRONG_BULL,STRONG_BULL,STRONG_BULL,False,,1.0,0.15,1.15
2020-05-28,7.0,5.0,0.0,4.0,4.0,1.0,20.0,4.0,3.0,6.0,0.0,1.0,13.0,2.0,8.0,3.0,1.0,13.0,9.0,6.0,6.0,4.0,1.0,25.0,71.0,BULL,STRONG_BULL,STRONG_BULL,False,,1.0,0.15,1.15
2020-05-29,7.0,5.0,0.0,4.0,4.0,1.0,20.0,4.0,3.0,6.0,0.0,1.0,13.0,2.0,8.0,3.0,1.0,13.0,9.0,6.0,6.0,4.0,1.0,25.0,71.0,BULL,BULL,BULL,False,,0.8,0.12,1.0
2020-06-01,7.0,5.0,0.0,4.0,4.0,1.0,20.0,8.0,3.0,6.0,5.0,1.0,22.0,2.0,8.0,3.0,1.0,13.0,9.0,6.0,6.0,4.0,1.0,25.0,80.0,STRONG_BULL,BULL,BULL,False,,0.8,0.12,1.0
2020-06-02,7.0,5.0,0.0,4.0,4.0,1.0,20.0,8.0,3.0,6.0,5.0,1.0,22.0,2.0,8.0,3.0,1.0,13.0,9.0,6.0,6.0,4.0,1.0,25.0,80.0,STRONG_BULL,STRONG_BULL,STRONG_BULL,False,,1.0,0.15,1.15
2020-06-03,7.0,5.0,0.0,4.0,0.0,1.0,16.0,8.0,3.0,6.0,5.0,1.0,22.0,2.0,8.0,3.0,1.0,13.0,9.0,6.0,6.0,4.0,1.0,25.0,76.0,BULL,STRONG_BULL,STRONG_BULL,False,,1.0,0.15,1.15
2020-06-04,7.0,5.0,0.0,4.0,0.0,1.0,16.0,8.0,6.0,6.0,5.0,1.0,25.0,2.0,8.0,3.0,1.0,13.0,9.0,6.0,6.0,4.0,1.0,25.0,79.0,BULL,BULL,BULL,False,,0.8,0.12,1.0
2020-06-05,7.0,5.0,0.0,4.0,0.0,1.0,16.0,8.0,6.0,6.0,5.0,1.0,25.0,2.0,8.0,3.0,1.0,13.0,9.0,6.0,6.0,4.0,1.0,25.0,79.0,BULL,BULL,BULL,False,,0.8,0.12,1.0
2020-06-08,7.0,5.0,5.0,4.0,0.0,1.0,21.0,8.0,6.0,6.0,5.0,1.0,25.0,2.0,8.0,3.0,1.0,13.0,9.0,6.0,6.0,4.0,1.0,25.0,84.0,STRONG_BULL,BULL,BULL,False,,0.8,0.12,1.0
2020-06-09,7.0,5.0,5.0,4.0,0.0,1.0,21.0,8.0,6.0,6.0,5.0,1.0,25.0,2.0,8.0,3.0,1.0,13.0,9.0,6.0,6.0,4.0,1.0,25.0,84.0,STRONG_BULL,STRONG_BULL,STRONG_BULL,False,,1.0,0.15,1.15
2020-06-10,7.0,5.0,5.0,4.0,0.0,1.0,21.0,8.0,6.0,6.0,5.0,1.0,25.0,2.0,8.0,3.0,1.0,13.0,9.0,6.0,6.0,4.0,1.0,25.0,84.0,STRONG_BULL,STRONG_BULL,STRONG_BULL,False,,1.0,0.15,1.15
2020-06-11,7.0,5.0,5.0,4.0,0.0,1.0,21.0,8.0,6.0,6.0,5.0,1.0,25.0,2.0,0.0,0.0,1.0,2.0,9.0,6.0,6.0,4.0,1.0,25.0,73.0,BULL,STRONG_BULL,STRONG_BULL,True,VIX_SPIKE,1.0,0.15,1.15
2020-06-12,7.0,5.0,5.0,4.0,0.0,1.0,21.0,8.0,6.0,6.0,5.0,1.0,25.0,2.0,4.0,0.0,1.0,6.0,9.0,6.0,6.0,4.0,1.0,25.0,77.0,BULL,BULL,BULL,False,,0.8,0.12,1.0
2020-06-15,7.0,5.0,5.0,4.0,0.0,1.0,21.0,8.0,6.0,6.0,5.0,1.0,25.0,2.0,4.0,0.0,1.0,6.0,9.0,6.0,6.0,4.0,1.0,25.0,77.0,BULL,BULL,BULL,False,,0.8,0.12,1.0
2020-06-16,7.0,5.0,5.0,4.0,4.0,1.0,25.0,8.0,6.0,6.0,5.0,1.0,25.0,2.0,4.0,0.0,1.0,6.0,9.0,6.0,6.0,4.0,1.0,25.0,81.0,STRONG_BULL,BULL,BULL,False,,0.8,0.12,1.0
2020-06-17,7.0,5.0,5.0,4.0,4.0,1.0,25.0,8.0,6.0,6.0,5.0,1.0,25.0,2.0,4.0,3.0,1.0,9.0,9.0,6.0,6.0,4.0,1.0,25.0,84.0,STRONG_BULL,STRONG_BULL,STRONG_BULL,False,,1.0,0.15,1.15
2020-06-18,7.0,5.0,5.0,4.0,4.0,1.0,25.0,8.0,6.0,6.0,5.0,1.0,25.0,2.0,8.0,3.0,1.0,13.0,9.0,6.0,6.0,4.0,1.0,25.0,88.0,STRONG_BULL,STRONG_BULL,STRONG_BULL,False,,1.0,0.15,1.15
2020-06-19,7.0,5.0,5.0,4.0,4.0,1.0,25.0,8.0,6.0,6.0,5.0,1.0,25.0,2.0,8.0,3.0,1.0,13.0,9.0,6.0,6.0,4.0,1.0,25.0,88.0,STRONG_BULL,STRONG_BULL,STRONG_BULL,False,,1.0,0.15,1.15
2020-06-22,7.0,5.0,5.0,4.0,4.0,1.0,25.0,8.0,6.0,6.0,5.0,1.0,25.0,2.0,8.0,3.0,1.0,13.0,9.0,6.0,6.0,4.0,1.0,25.0,88.0,STRONG_BULL,STRONG_BULL,STRONG_BULL,False,,1.0,0.15,1.15
2020-06-23,7.0,5.0,5.0,4.0,4.0,1.0,25.0,4.0,6.0,6.0,0.0,1.0,16.0,2.0,8.0,3.0,1.0,13.0,9.0,0.0,6.0,4.0,1.0,19.0,73.0,BULL,STRONG_BULL,STRONG_BULL,False,,1.0,0.15,1.15
2020-06-24,7.0,5.0,5.0,4.0,4.0,1.0,25.0,4.0,3.0,6.0,0.0,1.0,13.0,2.0,8.0,0.0,1.0,10.0,9.0,0.0,6.0,4.0,1.0,19.0,67.0,BULL,BULL,BULL,False,,0.8,0.12,1.0
2020-06-25,7.0,5.0,5.0,4.0,4.0,1.0,25.0,4.0,6.0,0.0,0.0,1.0,10.0,2.0,8.0,0.0,1.0,10.0,9.0,0.0,6.0,4.0,1.0,19.0,64.0,NEUTRAL,BULL,BULL,False,,0.8,0.12,1.0
2020-06-26,7.0,5.0,5.0,4.0,4.0,1.0,25.0,4.0,6.0,0.0,0.0,1.0,10.0,2.0,8.0,0.0,1.0,10.0,9.0,6.0,6.0,4.0,1.0,25.0,70.0,BULL,BULL,BULL,False,,0.8,0.12,1.0
2020-06-29,7.0,5.0,5.0,4.0,4.0,1.0,25.0,4.0,6.0,0.0,0.0,1.0,10.0,2.0,8.0,0.0,1.0,10.0,0.0,6.0,6.0,4.0,1.0,16.0,61.0,NEUTRAL,BULL,BULL,False,,0.8,0.12,1.0
2020-06-30,7.0,5.0,5.0,4.0,4.0,1.0,25.0,4.0,6.0,0.0,0.0,1.0,10.0,2.0,8.0,0.0,1.0,10.0,9.0,6.0,6.0,4.0,1.0,25.0,70.0,BULL,BULL,BULL,False,,0.8,0.12,1.0
2020-07-01,7.0,5.0,5.0,4.0,4.0,1.0,25.0,4.0,6.0,0.0,0.0,1.0,10.0,2.0,8.0,0.0,1.0,10.0,9.0,0.0,6.0,4.0,1.0,19.0,64.0,NEUTRAL,BULL,BULL,False,,0.8,0.12,1.0
2020-07-02,7.0,5.0,5.0,4.0,4.0,1.0,25.0,4.0,6.0,0.0,0.0,1.0,10.0,5.0,8.0,0.0,1.0,13.0,9.0,0.0,6.0,4.0,1.0,19.0,67.0,BULL,BULL,BULL,False,,0.8,0.12,1.0
2020-07-06,7.0,5.0,5.0,4.0,4.0,1.0,25.0,0.0,3.0,0.0,0.0,1.0,3.0,5.0,8.0,0.0,1.0,13.0,9.0,0.0,6.0,4.0,1.0,19.0,60.0,NEUTRAL,BULL,BULL,False,,0.8,0.12,1.0
2020-07-07,7.0,5.0,5.0,4.0,4.0,1.0,25.0,0.0,3.0,0.0,0.0,1.0,3.0,2.0,8.0,0.0,1.0,10.0,9.0,0.0,6.0,4.0,1.0,19.0,57.0,NEUTRAL,NEUTRAL,NEUTRAL,False,,0.5,0.08,0.7
2020-07-08,7.0,5.0,5.0,4.0,4.0,1.0,25.0,0.0,3.0,0.0,0.0,1.0,3.0,5.0,8.0,0.0,1.0,13.0,9.0,0.0,6.0,4.0,1.0,19.0,60.0,NEUTRAL,NEUTRAL,NEUTRAL,False,,0.5,0.08,0.7
2020-07-09,7.0,5.0,5.0,4.0,4.0,1.0,25.0,0.0,3.0,0.0,0.0,1.0,3.0,2.0,8.0,0.0,1.0,10.0,9.0,0.0,6.0,4.0,1.0,19.0,57.0,NEUTRAL,NEUTRAL,NEUTRAL,False,,0.5,0.08,0.7
2020-07-10,7.0,5.0,5.0,4.0,4.0,1.0,25.0,4.0,3.0,0.0,0.0,1.0,7.000000000000001,5.0,8.0,3.0,1.0,16.0,9.0,0.0,6.0,4.0,1.0,19.0,67.0,BULL,NEUTRAL,NEUTRAL,False,,0.5,0.08,0.7
2020-07-13,7.0,5.0,5.0,4.0,4.0,1.0,25.0,4.0,6.0,0.0,0.0,1.0,10.0,2.0,8.0,3.0,1.0,13.0,9.0,0.0,6.0,4.0,1.0,19.0,67.0,BULL,BULL,BULL,False,,0.8,0.12,1.0
2020-07-14,7.0,5.0,5.0,4.0,4.0,1.0,25.0,4.0,3.0,0.0,0.0,1.0,7.000000000000001,2.0,8.0,3.0,1.0,13.0,9.0,0.0,6.0,4.0,1.0,19.0,64.0,NEUTRAL,BULL,BULL,False,,0.8,0.12,1.0
2020-07-15,7.0,5.0,5.0,4.0,4.0,1.0,25.0,4.0,6.0,0.0,0.0,1.0,10.0,5.0,8.0,3.0,1.0,16.0,9.0,0.0,6.0,4.0,1.0,19.0,70.0,BULL,BULL,BULL,False,,0.8,0.12,1.0
2020-07-16,7.0,5.0,5.0,4.0,4.0,1.0,25.0,4.0,6.0,0.0,0.0,1.0,10.0,5.0,8.0,3.0,1.0,16.0,9.0,6.0,6.0,4.0,1.0,25.0,76.0,BULL,BULL,BULL,False,,0.8,0.12,1.0
2020-07-17,7.0,5.0,5.0,4.0,4.0,1.0,25.0,4.0,6.0,0.0,0.0,1.0,10.0,5.0,8.0,3.0,1.0,16.0,9.0,6.0,6.0,4.0,1.0,25.0,76.0,BULL,BULL,BULL,False,,0.8,0.12,1.0
2020-07-20,7.0,5.0,5.0,4.0,4.0,1.0,25.0,4.0,6.0,0.0,0.0,1.0,10.0,5.0,8.0,3.0,1.0,16.0,9.0,0.0,6.0,4.0,1.0,19.0,70.0,BULL,BULL,BULL,False,,0.8,0.12,1.0
2020-07-21,7.0,5.0,5.0,4.0,4.0,1.0,25.0,4.0,6.0,0.0,0.0,1.0,10.0,5.0,8.0,3.0,1.0,16.0,9.0,6.0,6.0,4.0,1.0,25.0,76.0,BULL,BULL,BULL,False,,0.8,0.12,1.0
2020-07-22,7.0,5.0,5.0,4.0,4.0,1.0,25.0,4.0,6.0,0.0,0.0,1.0,10.0,5.0,8.0,3.0,1.0,16.0,9.0,0.0,6.0,4.0,1.0,19.0,70.0,BULL,BULL,BULL,False,,0.8,0.12,1.0
2020-07-23,7.0,5.0,5.0,4.0,0.0,1.0,21.0,8.0,3.0,0.0,5.0,1.0,16.0,5.0,8.0,7.0,1.0,20.0,9.0,6.0,6.0,4.0,1.0,25.0,82.0,BULL,BULL,BULL,False,,0.8,0.12,1.0
2020-07-24,7.0,5.0,5.0,4.0,0.0,1.0,21.0,8.0,3.0,0.0,5.0,1.0,16.0,5.0,8.0,7.0,1.0,20.0,9.0,6.0,6.0,4.0,1.0,25.0,82.0,BULL,BULL,BULL,False,,0.8,0.12,1.0
2020-07-27,7.0,5.0,5.0,4.0,4.0,1.0,25.0,8.0,3.0,6.0,5.0,1.0,22.0,5.0,8.0,7.0,1.0,20.0,9.0,6.0,6.0,4.0,1.0,25.0,92.0,STRONG_BULL,BULL,BULL,False,,0.8,0.12,1.0
2020-07-28,7.0,5.0,5.0,4.0,4.0,1.0,25.0,8.0,6.0,6.0,5.0,1.0,25.0,5.0,8.0,7.0,1.0,20.0,9.0,0.0,6.0,4.0,1.0,19.0,89.0,STRONG_BULL,STRONG_BULL,STRONG_BULL,False,,1.0,0.15,1.15
2020-07-29,7.0,5.0,5.0,4.0,0.0,1.0,21.0,8.0,6.0,6.0,5.0,1.0,25.0,5.0,8.0,7.0,1.0,20.0,9.0,0.0,6.0,4.0,1.0,19.0,85.0,STRONG_BULL,STRONG_BULL,STRONG_BULL,False,,1.0,0.15,1.15
2020-07-30,7.0,5.0,5.0,4.0,0.0,1.0,21.0,8.0,6.0,6.0,5.0,1.0,25.0,5.0,8.0,7.0,1.0,20.0,9.0,6.0,6.0,4.0,1.0,25.0,91.0,STRONG_BULL,STRONG_BULL,STRONG_BULL,False,,1.0,0.15,1.15
2020-07-31,7.0,5.0,5.0,4.0,4.0,1.0,25.0,4.0,6.0,6.0,0.0,1.0,16.0,5.0,8.0,7.0,1.0,20.0,9.0,0.0,6.0,4.0,1.0,19.0,80.0,BULL,STRONG_BULL,STRONG_BULL,False,,1.0,0.15,1.15
2020-08-03,7.0,5.0,5.0,4.0,4.0,1.0,25.0,4.0,6.0,6.0,0.0,1.0,16.0,5.0,8.0,7.0,1.0,20.0,9.0,6.0,6.0,4.0,1.0,25.0,86.0,BULL,BULL,BULL,False,,0.8,0.12,1.0
2020-08-04,7.0,5.0,5.0,4.0,4.0,1.0,25.0,8.0,3.0,6.0,5.0,1.0,22.0,5.0,8.0,7.0,1.0,20.0,9.0,6.0,6.0,4.0,1.0,25.0,92.0,STRONG_BULL,BULL,BULL,False,,0.8,0.12,1.0
2020-08-05,7.0,5.0,5.0,4.0,0.0,1.0,21.0,8.0,6.0,6.0,5.0,1.0,25.0,5.0,8.0,7.0,1.0,20.0,9.0,6.0,6.0,4.0,1.0,25.0,91.0,STRONG_BULL,STRONG_BULL,STRONG_BULL,False,,1.0,0.15,1.15
2020-08-06,7.0,5.0,5.0,4.0,0.0,1.0,21.0,8.0,6.0,6.0,5.0,1.0,25.0,5.0,8.0,7.0,1.0,20.0,9.0,6.0,6.0,4.0,1.0,25.0,91.0,STRONG_BULL,STRONG_BULL,STRONG_BULL,False,,1.0,0.15,1.15
2020-08-07,7.0,5.0,5.0,4.0,0.0,1.0,21.0,8.0,6.0,6.0,5.0,1.0,25.0,5.0,8.0,7.0,1.0,20.0,9.0,6.0,6.0,4.0,1.0,25.0,91.0,STRONG_BULL,STRONG_BULL,STRONG_BULL,False,,1.0,0.15,1.15
2020-08-10,7.0,5.0,5.0,4.0,0.0,1.0,21.0,8.0,6.0,6.0,5.0,1.0,25.0,5.0,8.0,7.0,1.0,20.0,9.0,6.0,6.0,4.0,1.0,25.0,91.0,STRONG_BULL,STRONG_BULL,STRONG_BULL,False,,1.0,0.15,1.15
2020-08-11,7.0,5.0,5.0,4.0,0.0,1.0,21.0,8.0,6.0,6.0,5.0,1.0,25.0,5.0,8.0,7.0,1.0,20.0,9.0,6.0,6.0,4.0,1.0,25.0,91.0,STRONG_BULL,STRONG_BULL,STRONG_BULL,False,,1.0,0.15,1.15
2020-08-12,7.0,5.0,5.0,4.0,0.0,1.0,21.0,8.0,6.0,6.0,5.0,1.0,25.0,5.0,8.0,7.0,1.0,20.0,9.0,6.0,6.0,4.0,1.0,25.0,91.0,STRONG_BULL,STRONG_BULL,STRONG_BULL,False,,1.0,0.15,1.15
2020-08-13,7.0,5.0,5.0,4.0,4.0,1.0,25.0,4.0,6.0,6.0,0.0,1.0,16.0,5.0,8.0,7.0,1.0,20.0,9.0,6.0,6.0,4.0,1.0,25.0,86.0,BULL,STRONG_BULL,STRONG_BULL,False,,1.0,0.15,1.15
2020-08-14,7.0,5.0,5.0,4.0,4.0,1.0,25.0,8.0,6.0,6.0,5.0,1.0,25.0,5.0,8.0,7.0,1.0,20.0,9.0,6.0,6.0,4.0,1.0,25.0,95.0,STRONG_BULL,STRONG_BULL,STRONG_BULL,False,,1.0,0.15,1.15
2020-08-17,7.0,5.0,5.0,4.0,0.0,1.0,21.0,8.0,6.0,6.0,5.0,1.0,25.0,5.0,8.0,7.0,1.0,20.0,9.0,6.0,6.0,4.0,1.0,25.0,91.0,STRONG_BULL,STRONG_BULL,STRONG_BULL,False,,1.0,0.15,1.15
2020-08-18,7.0,5.0,5.0,4.0,4.0,1.0,25.0,4.0,3.0,6.0,0.0,1.0,13.0,5.0,8.0,7.0,1.0,20.0,9.0,6.0,6.0,4.0,1.0,25.0,83.0,BULL,STRONG_BULL,STRONG_BULL,False,,1.0,0.15,1.15
2020-08-19,7.0,5.0,5.0,4.0,4.0,1.0,25.0,4.0,3.0,6.0,0.0,1.0,13.0,5.0,8.0,7.0,1.0,20.0,9.0,6.0,6.0,4.0,1.0,25.0,83.0,BULL,BULL,BULL,False,,0.8,0.12,1.0
2020-08-20,7.0,5.0,5.0,4.0,4.0,1.0,25.0,4.0,3.0,0.0,0.0,1.0,7.000000000000001,5.0,8.0,7.0,1.0,20.0,9.0,6.0,6.0,4.0,1.0,25.0,77.0,BULL,BULL,BULL,False,,0.8,0.12,1.0
2020-08-21,7.0,5.0,5.0,4.0,4.0,1.0,25.0,4.0,3.0,0.0,0.0,1.0,7.000000000000001,5.0,8.0,7.0,1.0,20.0,9.0,6.0,6.0,4.0,1.0,25.0,77.0,BULL,BULL,BULL,False,,0.8,0.12,1.0
2020-08-24,7.0,5.0,5.0,4.0,4.0,1.0,25.0,4.0,3.0,0.0,0.0,1.0,7.000000000000001,5.0,8.0,7.0,1.0,20.0,9.0,6.0,6.0,4.0,1.0,25.0,77.0,BULL,BULL,BULL,False,,0.8,0.12,1.0
2020-08-25,7.0,5.0,5.0,4.0,4.0,1.0,25.0,4.0,3.0,0.0,0.0,1.0,7.000000000000001,5.0,8.0,7.0,1.0,20.0,9.0,6.0,6.0,4.0,1.0,25.0,77.0,BULL,BULL,BULL,False,,0.8,0.12,1.0
2020-08-26,7.0,5.0,5.0,4.0,4.0,1.0,25.0,4.0,3.0,0.0,0.0,1.0,7.000000000000001,5.0,8.0,7.0,1.0,20.0,9.0,0.0,6.0,4.0,1.0,19.0,71.0,BULL,BULL,BULL,False,,0.8,0.12,1.0
2020-08-27,7.0,5.0,5.0,4.0,4.0,1.0,25.0,4.0,3.0,0.0,0.0,1.0,7.000000000000001,5.0,8.0,7.0,1.0,20.0,9.0,0.0,6.0,4.0,1.0,19.0,71.0,BULL,BULL,BULL,False,,0.8,0.12,1.0
2020-08-28,7.0,5.0,5.0,4.0,4.0,1.0,25.0,4.0,3.0,0.0,0.0,1.0,7.000000000000001,5.0,8.0,7.0,1.0,20.0,9.0,6.0,6.0,4.0,1.0,25.0,77.0,BULL,BULL,BULL,False,,0.8,0.12,1.0
2020-08-31,7.0,5.0,5.0,4.0,4.0,1.0,25.0,4.0,3.0,0.0,0.0,1.0,7.000000000000001,5.0,8.0,7.0,1.0,20.0,9.0,0.0,6.0,4.0,1.0,19.0,71.0,BULL,BULL,BULL,False,,0.8,0.12,1.0
2020-09-01,7.0,5.0,5.0,4.0,4.0,1.0,25.0,4.0,0.0,0.0,0.0,1.0,4.0,5.0,8.0,7.0,1.0,20.0,9.0,0.0,6.0,4.0,1.0,19.0,68.0,BULL,BULL,BULL,False,,0.8,0.12,1.0
2020-09-02,7.0,5.0,5.0,4.0,4.0,1.0,25.0,4.0,3.0,0.0,0.0,1.0,7.000000000000001,5.0,8.0,7.0,1.0,20.0,9.0,0.0,6.0,4.0,1.0,19.0,71.0,BULL,BULL,BULL,False,,0.8,0.12,1.0
2020-09-03,7.0,5.0,5.0,4.0,4.0,1.0,25.0,4.0,3.0,0.0,0.0,1.0,7.000000000000001,2.0,8.0,7.0,1.0,17.0,9.0,0.0,6.0,4.0,1.0,19.0,68.0,BULL,BULL,BULL,False,,0.8,0.12,1.0
2020-09-04,7.0,5.0,5.0,4.0,4.0,1.0,25.0,4.0,3.0,0.0,0.0,1.0,7.000000000000001,2.0,8.0,7.0,1.0,17.0,9.0,0.0,6.0,4.0,1.0,19.0,68.0,BULL,BULL,BULL,False,,0.8,0.12,1.0
2020-09-08,7.0,5.0,5.0,4.0,4.0,1.0,25.0,4.0,3.0,0.0,0.0,1.0,7.000000000000001,2.0,4.0,3.0,1.0,9.0,9.0,0.0,6.0,4.0,1.0,19.0,60.0,NEUTRAL,BULL,BULL,False,,0.8,0.12,1.0
2020-09-09,7.0,5.0,5.0,4.0,4.0,1.0,25.0,4.0,3.0,0.0,0.0,1.0,7.000000000000001,5.0,8.0,3.0,1.0,16.0,9.0,0.0,6.0,4.0,1.0,19.0,67.0,BULL,BULL,BULL,False,,0.8,0.12,1.0
2020-09-10,7.0,5.0,5.0,4.0,4.0,1.0,25.0,4.0,3.0,0.0,0.0,1.0,7.000000000000001,2.0,8.0,3.0,1.0,13.0,9.0,0.0,6.0,4.0,1.0,19.0,64.0,NEUTRAL,BULL,CAUTION,True,SPY_5D_CRASH,0.25,0.05,0.4
2020-09-11,7.0,5.0,5.0,4.0,4.0,1.0,25.0,4.0,3.0,0.0,0.0,1.0,7.000000000000001,5.0,8.0,3.0,1.0,16.0,9.0,0.0,6.0,4.0,1.0,19.0,67.0,BULL,BULL,BULL,True,,0.8,0.12,1.0
2020-09-14,7.0,5.0,5.0,4.0,4.0,1.0,25.0,4.0,3.0,0.0,0.0,1.0,7.000000000000001,5.0,8.0,3.0,1.0,16.0,9.0,0.0,6.0,4.0,1.0,19.0,67.0,BULL,BULL,BULL,True,,0.8,0.12,1.0
2020-09-15,7.0,5.0,5.0,4.0,4.0,1.0,25.0,4.0,3.0,0.0,0.0,1.0,7.000000000000001,5.0,8.0,3.0,1.0,16.0,9.0,0.0,6.0,4.0,1.0,19.0,67.0,BULL,BULL,BULL,False,,0.8,0.12,1.0
2020-09-16,7.0,5.0,5.0,4.0,0.0,1.0,21.0,8.0,3.0,0.0,5.0,1.0,16.0,5.0,8.0,3.0,1.0,16.0,9.0,0.0,6.0,4.0,1.0,19.0,72.0,BULL,BULL,BULL,False,,0.8,0.12,1.0
2020-09-17,7.0,5.0,5.0,4.0,0.0,1.0,21.0,8.0,6.0,6.0,5.0,1.0,25.0,5.0,8.0,3.0,1.0,16.0,9.0,0.0,6.0,4.0,1.0,19.0,81.0,STRONG_BULL,BULL,BULL,False,,0.8,0.12,1.0
2020-09-18,7.0,0.0,5.0,4.0,0.0,1.0,16.0,8.0,6.0,6.0,5.0,1.0,25.0,5.0,8.0,3.0,1.0,16.0,9.0,6.0,6.0,4.0,1.0,25.0,82.0,STRONG_BULL,STRONG_BULL,STRONG_BULL,False,,1.0,0.15,1.15
2020-09-21,7.0,0.0,5.0,4.0,0.0,1.0,16.0,8.0,3.0,6.0,5.0,1.0,22.0,5.0,8.0,3.0,1.0,16.0,0.0,0.0,6.0,4.0,1.0,10.0,64.0,NEUTRAL,STRONG_BULL,STRONG_BULL,False,,1.0,0.15,1.15
2020-09-22,7.0,0.0,5.0,4.0,0.0,1.0,16.0,8.0,3.0,6.0,5.0,1.0,22.0,5.0,8.0,3.0,1.0,16.0,0.0,0.0,6.0,0.0,1.0,6.0,60.0,NEUTRAL,NEUTRAL,NEUTRAL,False,,0.5,0.08,0.7
2020-09-23,7.0,0.0,5.0,4.0,0.0,1.0,16.0,8.0,3.0,6.0,5.0,1.0,22.0,5.0,8.0,3.0,1.0,16.0,0.0,0.0,6.0,0.0,1.0,6.0,60.0,NEUTRAL,NEUTRAL,NEUTRAL,False,,0.5,0.08,0.7
2020-09-24,7.0,0.0,5.0,4.0,0.0,1.0,16.0,8.0,3.0,6.0,5.0,1.0,22.0,5.0,8.0,3.0,1.0,16.0,0.0,6.0,6.0,0.0,1.0,12.0,66.0,BULL,NEUTRAL,NEUTRAL,False,,0.5,0.08,0.7
2020-09-25,7.0,0.0,5.0,4.0,0.0,1.0,16.0,8.0,3.0,6.0,5.0,1.0,22.0,5.0,8.0,3.0,1.0,16.0,0.0,6.0,6.0,0.0,1.0,12.0,66.0,BULL,BULL,BULL,False,,0.8,0.12,1.0
2020-09-28,7.0,5.0,5.0,4.0,0.0,1.0,21.0,8.0,3.0,6.0,5.0,1.0,22.0,5.0,8.0,3.0,1.0,16.0,0.0,6.0,6.0,0.0,1.0,12.0,71.0,BULL,BULL,BULL,False,,0.8,0.12,1.0
2020-09-29,7.0,5.0,5.0,4.0,0.0,1.0,21.0,8.0,3.0,6.0,5.0,1.0,22.0,5.0,8.0,3.0,1.0,16.0,0.0,6.0,6.0,0.0,1.0,12.0,71.0,BULL,BULL,BULL,False,,0.8,0.12,1.0
2020-09-30,7.0,5.0,5.0,4.0,0.0,1.0,21.0,8.0,3.0,6.0,5.0,1.0,22.0,5.0,8.0,3.0,1.0,16.0,0.0,6.0,6.0,0.0,1.0,12.0,71.0,BULL,BULL,BULL,False,,0.8,0.12,1.0
2020-10-01,7.0,5.0,5.0,4.0,0.0,1.0,21.0,8.0,3.0,6.0,5.0,1.0,22.0,5.0,8.0,3.0,1.0,16.0,0.0,6.0,6.0,0.0,1.0,12.0,71.0,BULL,BULL,BULL,False,,0.8,0.12,1.0
2020-10-02,7.0,5.0,5.0,4.0,0.0,1.0,21.0,8.0,6.0,6.0,5.0,1.0,25.0,5.0,8.0,3.0,1.0,16.0,0.0,6.0,6.0,0.0,1.0,12.0,74.0,BULL,BULL,BULL,False,,0.8,0.12,1.0
2020-10-05,7.0,5.0,5.0,4.0,0.0,1.0,21.0,8.0,6.0,6.0,5.0,1.0,25.0,5.0,8.0,3.0,1.0,16.0,9.0,6.0,6.0,0.0,1.0,21.0,83.0,STRONG_BULL,BULL,BULL,False,,0.8,0.12,1.0
2020-10-06,7.0,5.0,5.0,4.0,4.0,1.0,25.0,8.0,6.0,6.0,5.0,1.0,25.0,5.0,8.0,3.0,1.0,16.0,9.0,6.0,6.0,0.0,1.0,21.0,87.0,STRONG_BULL,STRONG_BULL,STRONG_BULL,False,,1.0,0.15,1.15
2020-10-07,7.0,5.0,5.0,4.0,4.0,1.0,25.0,8.0,6.0,6.0,5.0,1.0,25.0,5.0,8.0,3.0,1.0,16.0,9.0,6.0,6.0,0.0,1.0,21.0,87.0,STRONG_BULL,STRONG_BULL,STRONG_BULL,False,,1.0,0.15,1.15
2020-10-08,7.0,5.0,5.0,4.0,0.0,1.0,21.0,8.0,6.0,6.0,5.0,1.0,25.0,5.0,8.0,3.0,1.0,16.0,9.0,6.0,6.0,0.0,1.0,21.0,83.0,STRONG_BULL,STRONG_BULL,STRONG_BULL,False,,1.0,0.15,1.15
2020-10-09,7.0,5.0,5.0,4.0,4.0,1.0,25.0,8.0,3.0,6.0,5.0,1.0,22.0,5.0,8.0,3.0,1.0,16.0,9.0,6.0,6.0,4.0,1.0,25.0,88.0,STRONG_BULL,STRONG_BULL,STRONG_BULL,False,,1.0,0.15,1.15
2020-10-12,7.0,5.0,5.0,4.0,4.0,1.0,25.0,4.0,3.0,6.0,0.0,1.0,13.0,5.0,8.0,3.0,1.0,16.0,9.0,6.0,6.0,4.0,1.0,25.0,79.0,BULL,STRONG_BULL,STRONG_BULL,False,,1.0,0.15,1.15
2020-10-13,7.0,5.0,5.0,4.0,4.0,1.0,25.0,4.0,3.0,6.0,0.0,1.0,13.0,5.0,8.0,3.0,1.0,16.0,9.0,6.0,6.0,0.0,1.0,21.0,75.0,BULL,BULL,BULL,False,,0.8,0.12,1.0
2020-10-14,7.0,5.0,5.0,4.0,4.0,1.0,25.0,4.0,3.0,0.0,0.0,1.0,7.000000000000001,5.0,8.0,3.0,1.0,16.0,9.0,6.0,6.0,0.0,1.0,21.0,69.0,BULL,BULL,BULL,False,,0.8,0.12,1.0
2020-10-15,7.0,5.0,5.0,4.0,4.0,1.0,25.0,4.0,3.0,0.0,0.0,1.0,7.000000000000001,5.0,8.0,3.0,1.0,16.0,9.0,6.0,6.0,0.0,1.0,21.0,69.0,BULL,BULL,BULL,False,,0.8,0.12,1.0
2020-10-16,7.0,5.0,5.0,4.0,4.0,1.0,25.0,4.0,3.0,0.0,0.0,1.0,7.000000000000001,5.0,8.0,3.0,1.0,16.0,9.0,6.0,6.0,0.0,1.0,21.0,69.0,BULL,BULL,BULL,False,,0.8,0.12,1.0
2020-10-19,7.0,5.0,5.0,4.0,4.0,1.0,25.0,8.0,3.0,0.0,5.0,1.0,16.0,5.0,8.0,3.0,1.0,16.0,9.0,6.0,6.0,0.0,1.0,21.0,78.0,BULL,BULL,BULL,False,,0.8,0.12,1.0
2020-10-20,7.0,5.0,5.0,4.0,4.0,1.0,25.0,8.0,3.0,0.0,5.0,1.0,16.0,5.0,8.0,3.0,1.0,16.0,9.0,6.0,6.0,4.0,1.0,25.0,82.0,BULL,BULL,BULL,False,,0.8,0.12,1.0
2020-10-21,7.0,5.0,5.0,4.0,4.0,1.0,25.0,8.0,3.0,0.0,5.0,1.0,16.0,5.0,8.0,7.0,1.0,20.0,9.0,6.0,6.0,4.0,1.0,25.0,86.0,BULL,BULL,BULL,False,,0.8,0.12,1.0
2020-10-22,7.0,5.0,5.0,4.0,4.0,1.0,25.0,8.0,3.0,6.0,5.0,1.0,22.0,5.0,8.0,7.0,1.0,20.0,9.0,6.0,6.0,4.0,1.0,25.0,92.0,STRONG_BULL,BULL,BULL,False,,0.8,0.12,1.0
2020-10-23,7.0,5.0,5.0,4.0,0.0,1.0,21.0,8.0,6.0,6.0,5.0,1.0,25.0,5.0,8.0,7.0,1.0,20.0,9.0,6.0,6.0,4.0,1.0,25.0,91.0,STRONG_BULL,STRONG_BULL,STRONG_BULL,False,,1.0,0.15,1.15
2020-10-26,7.0,5.0,5.0,4.0,0.0,1.0,21.0,8.0,6.0,6.0,5.0,1.0,25.0,2.0,0.0,7.0,1.0,9.0,9.0,6.0,6.0,4.0,1.0,25.0,80.0,STRONG_BULL,STRONG_BULL,CRISIS,True,TERM_BACKWARDATION,0.0,0.0,0.0
2020-10-27,7.0,5.0,5.0,4.0,4.0,1.0,25.0,8.0,6.0,6.0,5.0,1.0,25.0,2.0,0.0,7.0,1.0,9.0,9.0,6.0,6.0,4.0,1.0,25.0,84.0,STRONG_BULL,STRONG_BULL,CRISIS,True,TERM_BACKWARDATION,0.0,0.0,0.0
2020-10-28,7.0,0.0,5.0,4.0,4.0,1.0,20.0,8.0,6.0,6.0,5.0,1.0,25.0,2.0,0.0,3.0,1.0,5.0,0.0,6.0,6.0,0.0,1.0,12.0,62.0,NEUTRAL,STRONG_BULL,CRISIS,True,TERM_BACKWARDATION,0.0,0.0,0.0
2020-10-29,7.0,0.0,5.0,4.0,4.0,1.0,20.0,8.0,6.0,6.0,5.0,1.0,25.0,2.0,0.0,3.0,1.0,5.0,9.0,6.0,6.0,0.0,1.0,21.0,71.0,BULL,STRONG_BULL,CRISIS,True,TERM_BACKWARDATION,0.0,0.0,0.0
2020-10-30,7.0,0.0,5.0,4.0,4.0,1.0,20.0,8.0,6.0,6.0,5.0,1.0,25.0,2.0,0.0,3.0,1.0,5.0,9.0,6.0,6.0,0.0,1.0,21.0,71.0,BULL,BULL,CRISIS,True,TERM_BACKWARDATION,0.0,0.0,0.0
2020-11-02,7.0,0.0,5.0,4.0,0.0,1.0,16.0,8.0,6.0,6.0,5.0,1.0,25.0,2.0,0.0,3.0,1.0,5.0,9.0,6.0,6.0,0.0,1.0,21.0,67.0,BULL,BULL,CRISIS,True,TERM_BACKWARDATION,0.0,0.0,0.0
2020-11-03,7.0,0.0,5.0,4.0,0.0,1.0,16.0,8.0,6.0,6.0,5.0,1.0,25.0,2.0,0.0,3.0,1.0,5.0,9.0,6.0,6.0,0.0,1.0,21.0,67.0,BULL,BULL,CRISIS,True,TERM_BACKWARDATION,0.0,0.0,0.0
2020-11-04,7.0,5.0,5.0,4.0,4.0,1.0,25.0,4.0,3.0,6.0,0.0,1.0,13.0,5.0,0.0,3.0,1.0,8.0,9.0,6.0,6.0,0.0,1.0,21.0,67.0,BULL,BULL,BULL,False,,0.8,0.12,1.0
2020-11-05,7.0,5.0,5.0,4.0,4.0,1.0,25.0,4.0,3.0,6.0,0.0,1.0,13.0,5.0,4.0,3.0,1.0,12.0,9.0,6.0,6.0,4.0,1.0,25.0,75.0,BULL,BULL,BULL,False,,0.8,0.12,1.0
2020-11-06,7.0,5.0,5.0,4.0,4.0,1.0,25.0,4.0,3.0,6.0,0.0,1.0,13.0,10.0,8.0,3.0,1.0,21.0,9.0,6.0,6.0,4.0,1.0,25.0,84.0,BULL,BULL,BULL,False,,0.8,0.12,1.0
2020-11-09,7.0,5.0,5.0,4.0,0.0,1.0,21.0,8.0,6.0,6.0,5.0,1.0,25.0,5.0,4.0,3.0,1.0,12.0,9.0,6.0,6.0,4.0,1.0,25.0,83.0,STRONG_BULL,BULL,BULL,False,,0.8,0.12,1.0
2020-11-10,7.0,5.0,5.0,4.0,0.0,1.0,21.0,8.0,6.0,6.0,5.0,1.0,25.0,10.0,8.0,3.0,1.0,21.0,9.0,6.0,6.0,4.0,1.0,25.0,92.0,STRONG_BULL,STRONG_BULL,STRONG_BULL,False,,1.0,0.15,1.15
2020-11-11,7.0,5.0,5.0,4.0,0.0,1.0,21.0,8.0,6.0,6.0,5.0,1.0,25.0,10.0,8.0,3.0,1.0,21.0,9.0,6.0,6.0,4.0,1.0,25.0,92.0,STRONG_BULL,STRONG_BULL,STRONG_BULL,False,,1.0,0.15,1.15
2020-11-12,7.0,5.0,5.0,4.0,0.0,1.0,21.0,8.0,6.0,6.0,5.0,1.0,25.0,5.0,8.0,3.0,1.0,16.0,9.0,6.0,6.0,4.0,1.0,25.0,87.0,STRONG_BULL,STRONG_BULL,STRONG_BULL,False,,1.0,0.15,1.15
2020-11-13,7.0,5.0,5.0,4.0,0.0,1.0,21.0,8.0,6.0,6.0,5.0,1.0,25.0,10.0,8.0,3.0,1.0,21.0,9.0,6.0,6.0,4.0,1.0,25.0,92.0,STRONG_BULL,STRONG_BULL,STRONG_BULL,False,,1.0,0.15,1.15
2020-11-16,7.0,5.0,5.0,4.0,0.0,1.0,21.0,8.0,6.0,6.0,5.0,1.0,25.0,10.0,8.0,3.0,1.0,21.0,9.0,6.0,6.0,4.0,1.0,25.0,92.0,STRONG_BULL,STRONG_BULL,STRONG_BULL,False,,1.0,0.15,1.15
2020-11-17,7.0,5.0,5.0,4.0,0.0,1.0,21.0,8.0,6.0,6.0,5.0,1.0,25.0,10.0,8.0,3.0,1.0,21.0,9.0,6.0,6.0,4.0,1.0,25.0,92.0,STRONG_BULL,STRONG_BULL,STRONG_BULL,False,,1.0,0.15,1.15
2020-11-18,7.0,5.0,5.0,4.0,0.0,1.0,21.0,8.0,6.0,6.0,5.0,1.0,25.0,10.0,8.0,3.0,1.0,21.0,9.0,6.0,6.0,4.0,1.0,25.0,92.0,STRONG_BULL,STRONG_BULL,STRONG_BULL,False,,1.0,0.15,1.15
2020-11-19,7.0,5.0,5.0,4.0,0.0,1.0,21.0,8.0,6.0,6.0,5.0,1.0,25.0,10.0,8.0,3.0,1.0,21.0,9.0,6.0,6.0,4.0,1.0,25.0,92.0,STRONG_BULL,STRONG_BULL,STRONG_BULL,False,,1.0,0.15,1.15
2020-11-20,7.0,5.0,5.0,4.0,0.0,1.0,21.0,8.0,6.0,6.0,5.0,1.0,25.0,10.0,8.0,3.0,1.0,21.0,9.0,6.0,6.0,4.0,1.0,25.0,92.0,STRONG_BULL,STRONG_BULL,STRONG_BULL,False,,1.0,0.15,1.15
2020-11-23,7.0,5.0,5.0,4.0,0.0,1.0,21.0,8.0,6.0,6.0,5.0,1.0,25.0,10.0,8.0,3.0,1.0,21.0,9.0,6.0,6.0,4.0,1.0,25.0,92.0,STRONG_BULL,STRONG_BULL,STRONG_BULL,False,,1.0,0.15,1.15
2020-11-24,7.0,5.0,5.0,4.0,0.0,1.0,21.0,8.0,6.0,6.0,5.0,1.0,25.0,10.0,8.0,3.0,1.0,21.0,9.0,6.0,6.0,4.0,1.0,25.0,92.0,STRONG_BULL,STRONG_BULL,STRONG_BULL,False,,1.0,0.15,1.15
2020-11-25,7.0,5.0,5.0,4.0,0.0,1.0,21.0,8.0,6.0,6.0,5.0,1.0,25.0,10.0,8.0,7.0,1.0,25.0,9.0,6.0,6.0,4.0,1.0,25.0,96.0,STRONG_BULL,STRONG_BULL,STRONG_BULL,False,,1.0,0.15,1.15
2020-11-27,7.0,5.0,5.0,4.0,0.0,1.0,21.0,8.0,6.0,6.0,5.0,1.0,25.0,10.0,8.0,7.0,1.0,25.0,9.0,6.0,6.0,4.0,1.0,25.0,96.0,STRONG_BULL,STRONG_BULL,STRONG_BULL,False,,1.0,0.15,1.15
2020-11-30,7.0,5.0,5.0,4.0,4.0,1.0,25.0,8.0,6.0,6.0,5.0,1.0,25.0,10.0,8.0,7.0,1.0,25.0,9.0,6.0,6.0,4.0,1.0,25.0,100.0,STRONG_BULL,STRONG_BULL,STRONG_BULL,False,,1.0,0.15,1.15
2020-12-01,7.0,5.0,5.0,4.0,4.0,1.0,25.0,8.0,6.0,6.0,5.0,1.0,25.0,10.0,8.0,7.0,1.0,25.0,9.0,6.0,6.0,4.0,1.0,25.0,100.0,STRONG_BULL,STRONG_BULL,STRONG_BULL,False,,1.0,0.15,1.15
2020-12-02,7.0,5.0,5.0,4.0,4.0,1.0,25.0,8.0,6.0,6.0,5.0,1.0,25.0,10.0,8.0,7.0,1.0,25.0,9.0,6.0,6.0,4.0,1.0,25.0,100.0,STRONG_BULL,STRONG_BULL,STRONG_BULL,False,,1.0,0.15,1.15
2020-12-03,7.0,5.0,5.0,4.0,0.0,1.0,21.0,8.0,6.0,6.0,5.0,1.0,25.0,10.0,8.0,7.0,1.0,25.0,9.0,6.0,6.0,4.0,1.0,25.0,96.0,STRONG_BULL,STRONG_BULL,STRONG_BULL,False,,1.0,0.15,1.15
2020-12-04,7.0,5.0,5.0,4.0,0.0,1.0,21.0,8.0,6.0,6.0,5.0,1.0,25.0,10.0,8.0,7.0,1.0,25.0,9.0,6.0,6.0,4.0,1.0,25.0,96.0,STRONG_BULL,STRONG_BULL,STRONG_BULL,False,,1.0,0.15,1.15
2020-12-07,7.0,5.0,5.0,4.0,0.0,1.0,21.0,8.0,6.0,6.0,5.0,1.0,25.0,10.0,8.0,7.0,1.0,25.0,9.0,6.0,6.0,4.0,1.0,25.0,96.0,STRONG_BULL,STRONG_BULL,STRONG_BULL,False,,1.0,0.15,1.15
2020-12-08,7.0,5.0,5.0,4.0,4.0,1.0,25.0,8.0,6.0,6.0,5.0,1.0,25.0,10.0,8.0,7.0,1.0,25.0,9.0,6.0,6.0,4.0,1.0,25.0,100.0,STRONG_BULL,STRONG_BULL,STRONG_BULL,False,,1.0,0.15,1.15
2020-12-09,7.0,5.0,5.0,4.0,4.0,1.0,25.0,8.0,6.0,6.0,5.0,1.0,25.0,10.0,8.0,7.0,1.0,25.0,9.0,6.0,6.0,4.0,1.0,25.0,100.0,STRONG_BULL,STRONG_BULL,STRONG_BULL,False,,1.0,0.15,1.15
2020-12-10,7.0,5.0,5.0,4.0,4.0,1.0,25.0,8.0,6.0,6.0,5.0,1.0,25.0,10.0,8.0,7.0,1.0,25.0,9.0,6.0,6.0,4.0,1.0,25.0,100.0,STRONG_BULL,STRONG_BULL,STRONG_BULL,False,,1.0,0.15,1.15
2020-12-11,7.0,5.0,5.0,4.0,4.0,1.0,25.0,8.0,6.0,6.0,5.0,1.0,25.0,10.0,8.0,7.0,1.0,25.0,9.0,6.0,6.0,4.0,1.0,25.0,100.0,STRONG_BULL,STRONG_BULL,STRONG_BULL,False,,1.0,0.15,1.15
2020-12-14,7.0,5.0,5.0,4.0,4.0,1.0,25.0,8.0,6.0,6.0,5.0,1.0,25.0,10.0,8.0,7.0,1.0,25.0,9.0,6.0,6.0,4.0,1.0,25.0,100.0,STRONG_BULL,STRONG_BULL,STRONG_BULL,False,,1.0,0.15,1.15
2020-12-15,7.0,5.0,5.0,4.0,4.0,1.0,25.0,8.0,6.0,6.0,5.0,1.0,25.0,10.0,8.0,7.0,1.0,25.0,9.0,6.0,6.0,4.0,1.0,25.0,100.0,STRONG_BULL,STRONG_BULL,STRONG_BULL,False,,1.0,0.15,1.15
2020-12-16,7.0,5.0,5.0,4.0,4.0,1.0,25.0,8.0,6.0,6.0,5.0,1.0,25.0,10.0,8.0,7.0,1.0,25.0,9.0,6.0,6.0,4.0,1.0,25.0,100.0,STRONG_BULL,STRONG_BULL,STRONG_BULL,False,,1.0,0.15,1.15
2020-12-17,7.0,5.0,5.0,4.0,4.0,1.0,25.0,8.0,6.0,6.0,5.0,1.0,25.0,10.0,8.0,7.0,1.0,25.0,9.0,6.0,6.0,4.0,1.0,25.0,100.0,STRONG_BULL,STRONG_BULL,STRONG_BULL,False,,1.0,0.15,1.15
2020-12-18,7.0,5.0,5.0,4.0,4.0,1.0,25.0,8.0,6.0,6.0,5.0,1.0,25.0,10.0,8.0,7.0,1.0,25.0,9.0,6.0,6.0,4.0,1.0,25.0,100.0,STRONG_BULL,STRONG_BULL,STRONG_BULL,False,,1.0,0.15,1.15
2020-12-21,7.0,5.0,5.0,4.0,4.0,1.0,25.0,8.0,6.0,6.0,5.0,1.0,25.0,10.0,8.0,7.0,1.0,25.0,9.0,6.0,6.0,4.0,1.0,25.0,100.0,STRONG_BULL,STRONG_BULL,STRONG_BULL,False,,1.0,0.15,1.15
2020-12-22,7.0,5.0,5.0,4.0,4.0,1.0,25.0,4.0,6.0,6.0,0.0,1.0,16.0,10.0,8.0,7.0,1.0,25.0,9.0,6.0,6.0,4.0,1.0,25.0,91.0,BULL,STRONG_BULL,STRONG_BULL,False,,1.0,0.15,1.15
2020-12-23,7.0,5.0,5.0,4.0,4.0,1.0,25.0,4.0,6.0,6.0,0.0,1.0,16.0,10.0,8.0,7.0,1.0,25.0,9.0,6.0,6.0,4.0,1.0,25.0,91.0,BULL,BULL,BULL,False,,0.8,0.12,1.0
2020-12-24,7.0,5.0,5.0,4.0,4.0,1.0,25.0,4.0,6.0,0.0,0.0,1.0,10.0,10.0,8.0,7.0,1.0,25.0,9.0,6.0,6.0,4.0,1.0,25.0,85.0,BULL,BULL,BULL,False,,0.8,0.12,1.0
2020-12-28,7.0,5.0,5.0,4.0,4.0,1.0,25.0,4.0,6.0,0.0,0.0,1.0,10.0,10.0,8.0,7.0,1.0,25.0,9.0,6.0,6.0,4.0,1.0,25.0,85.0,BULL,BULL,BULL,False,,0.8,0.12,1.0
2020-12-29,7.0,5.0,5.0,4.0,4.0,1.0,25.0,4.0,6.0,0.0,0.0,1.0,10.0,10.0,8.0,7.0,1.0,25.0,9.0,6.0,6.0,4.0,1.0,25.0,85.0,BULL,BULL,BULL,False,,0.8,0.12,1.0
2020-12-30,7.0,5.0,5.0,4.0,4.0,1.0,25.0,8.0,6.0,0.0,5.0,1.0,19.0,10.0,8.0,7.0,1.0,25.0,9.0,6.0,6.0,4.0,1.0,25.0,94.0,STRONG_BULL,BULL,BULL,False,,0.8,0.12,1.0
2020-12-31,7.0,5.0,5.0,4.0,4.0,1.0,25.0,8.0,6.0,0.0,5.0,1.0,19.0,10.0,8.0,7.0,1.0,25.0,9.0,6.0,6.0,4.0,1.0,25.0,94.0,STRONG_BULL,STRONG_BULL,STRONG_BULL,False,,1.0,0.15,1.15
2021-01-04,7.0,5.0,5.0,4.0,4.0,1.0,25.0,4.0,6.0,0.0,0.0,1.0,10.0,5.0,4.0,7.0,1.0,16.0,9.0,6.0,6.0,4.0,1.0,25.0,76.0,BULL,STRONG_BULL,STRONG_BULL,False,,1.0,0.15,1.15
2021-01-05,7.0,5.0,5.0,4.0,4.0,1.0,25.0,4.0,6.0,0.0,0.0,1.0,10.0,10.0,8.0,7.0,1.0,25.0,9.0,6.0,6.0,4.0,1.0,25.0,85.0,BULL,BULL,BULL,False,,0.8,0.12,1.0
2021-01-06,7.0,5.0,5.0,4.0,0.0,1.0,21.0,8.0,6.0,6.0,5.0,1.0,25.0,10.0,8.0,7.0,1.0,25.0,9.0,6.0,6.0,4.0,1.0,25.0,96.0,STRONG_BULL,BULL,BULL,False,,0.8,0.12,1.0
2021-01-07,7.0,5.0,5.0,4.0,0.0,1.0,21.0,8.0,6.0,6.0,5.0,1.0,25.0,10.0,8.0,7.0,1.0,25.0,9.0,6.0,6.0,4.0,1.0,25.0,96.0,STRONG_BULL,STRONG_BULL,STRONG_BULL,False,,1.0,0.15,1.15
2021-01-08,7.0,5.0,5.0,4.0,4.0,1.0,25.0,4.0,6.0,6.0,0.0,1.0,16.0,10.0,8.0,7.0,1.0,25.0,9.0,6.0,6.0,4.0,1.0,25.0,91.0,BULL,STRONG_BULL,STRONG_BULL,False,,1.0,0.15,1.15
2021-01-11,7.0,5.0,5.0,4.0,4.0,1.0,25.0,8.0,6.0,6.0,5.0,1.0,25.0,10.0,8.0,7.0,1.0,25.0,9.0,6.0,6.0,4.0,1.0,25.0,100.0,STRONG_BULL,STRONG_BULL,STRONG_BULL,False,,1.0,0.15,1.15
2021-01-12,7.0,5.0,5.0,4.0,4.0,1.0,25.0,8.0,6.0,6.0,5.0,1.0,25.0,10.0,8.0,7.0,1.0,25.0,9.0,6.0,6.0,4.0,1.0,25.0,100.0,STRONG_BULL,STRONG_BULL,STRONG_BULL,False,,1.0,0.15,1.15
2021-01-13,7.0,5.0,5.0,4.0,0.0,1.0,21.0,8.0,6.0,6.0,5.0,1.0,25.0,10.0,8.0,7.0,1.0,25.0,9.0,6.0,6.0,4.0,1.0,25.0,96.0,STRONG_BULL,STRONG_BULL,STRONG_BULL,False,,1.0,0.15,1.15
2021-01-14,7.0,5.0,5.0,4.0,0.0,1.0,21.0,8.0,6.0,6.0,5.0,1.0,25.0,10.0,8.0,7.0,1.0,25.0,9.0,6.0,6.0,4.0,1.0,25.0,96.0,STRONG_BULL,STRONG_BULL,STRONG_BULL,False,,1.0,0.15,1.15
2021-01-15,7.0,5.0,5.0,4.0,0.0,1.0,21.0,8.0,6.0,6.0,5.0,1.0,25.0,10.0,8.0,7.0,1.0,25.0,9.0,6.0,6.0,4.0,1.0,25.0,96.0,STRONG_BULL,STRONG_BULL,STRONG_BULL,False,,1.0,0.15,1.15
2021-01-19,7.0,5.0,5.0,4.0,0.0,1.0,21.0,8.0,6.0,6.0,5.0,1.0,25.0,10.0,8.0,7.0,1.0,25.0,9.0,6.0,6.0,4.0,1.0,25.0,96.0,STRONG_BULL,STRONG_BULL,STRONG_BULL,False,,1.0,0.15,1.15
2021-01-20,7.0,5.0,5.0,4.0,4.0,1.0,25.0,8.0,6.0,6.0,5.0,1.0,25.0,10.0,8.0,7.0,1.0,25.0,9.0,6.0,6.0,4.0,1.0,25.0,100.0,STRONG_BULL,STRONG_BULL,STRONG_BULL,False,,1.0,0.15,1.15
2021-01-21,7.0,5.0,5.0,4.0,4.0,1.0,25.0,8.0,6.0,6.0,5.0,1.0,25.0,10.0,8.0,7.0,1.0,25.0,9.0,6.0,6.0,4.0,1.0,25.0,100.0,STRONG_BULL,STRONG_BULL,STRONG_BULL,False,,1.0,0.15,1.15
2021-01-22,7.0,5.0,5.0,4.0,4.0,1.0,25.0,8.0,6.0,6.0,5.0,1.0,25.0,10.0,8.0,7.0,1.0,25.0,9.0,6.0,6.0,4.0,1.0,25.0,100.0,STRONG_BULL,STRONG_BULL,STRONG_BULL,False,,1.0,0.15,1.15
2021-01-25,7.0,5.0,5.0,4.0,4.0,1.0,25.0,4.0,6.0,6.0,0.0,1.0,16.0,10.0,8.0,7.0,1.0,25.0,9.0,6.0,6.0,4.0,1.0,25.0,91.0,BULL,STRONG_BULL,STRONG_BULL,False,,1.0,0.15,1.15
2021-01-26,7.0,5.0,5.0,4.0,4.0,1.0,25.0,4.0,6.0,6.0,0.0,1.0,16.0,10.0,8.0,7.0,1.0,25.0,9.0,6.0,6.0,4.0,1.0,25.0,91.0,BULL,BULL,BULL,False,,0.8,0.12,1.0
2021-01-27,7.0,5.0,5.0,4.0,4.0,1.0,25.0,8.0,6.0,6.0,5.0,1.0,25.0,2.0,0.0,7.0,1.0,9.0,9.0,6.0,6.0,4.0,1.0,25.0,84.0,STRONG_BULL,BULL,CRISIS,True,TERM_BACKWARDATION|VIX_SPIKE,0.0,0.0,0.0
2021-01-28,7.0,5.0,5.0,4.0,4.0,1.0,25.0,8.0,6.0,6.0,5.0,1.0,25.0,5.0,8.0,7.0,1.0,20.0,9.0,6.0,6.0,4.0,1.0,25.0,95.0,STRONG_BULL,STRONG_BULL,STRONG_BULL,False,,1.0,0.15,1.15
2021-01-29,7.0,5.0,5.0,4.0,4.0,1.0,25.0,8.0,6.0,6.0,5.0,1.0,25.0,2.0,4.0,7.0,1.0,13.0,9.0,6.0,6.0,4.0,1.0,25.0,88.0,STRONG_BULL,STRONG_BULL,STRONG_BULL,False,,1.0,0.15,1.15
2021-02-01,7.0,5.0,5.0,4.0,4.0,1.0,25.0,4.0,6.0,6.0,0.0,1.0,16.0,5.0,8.0,7.0,1.0,20.0,9.0,6.0,6.0,0.0,1.0,21.0,82.0,BULL,STRONG_BULL,STRONG_BULL,False,,1.0,0.15,1.15
2021-02-02,7.0,5.0,5.0,4.0,4.0,1.0,25.0,4.0,6.0,6.0,0.0,1.0,16.0,10.0,8.0,7.0,1.0,25.0,9.0,6.0,6.0,0.0,1.0,21.0,87.0,BULL,BULL,BULL,False,,0.8,0.12,1.0
2021-02-03,7.0,5.0,5.0,4.0,4.0,1.0,25.0,4.0,6.0,6.0,0.0,1.0,16.0,10.0,8.0,7.0,1.0,25.0,9.0,6.0,6.0,0.0,1.0,21.0,87.0,BULL,BULL,BULL,False,,0.8,0.12,1.0
2021-02-04,7.0,5.0,5.0,4.0,4.0,1.0,25.0,4.0,6.0,0.0,0.0,1.0,10.0,10.0,8.0,7.0,1.0,25.0,9.0,6.0,6.0,0.0,1.0,21.0,81.0,BULL,BULL,BULL,False,,0.8,0.12,1.0
2021-02-05,7.0,5.0,5.0,4.0,4.0,1.0,25.0,4.0,6.0,0.0,0.0,1.0,10.0,10.0,8.0,7.0,1.0,25.0,9.0,6.0,6.0,0.0,1.0,21.0,81.0,BULL,BULL,BULL,False,,0.8,0.12,1.0
2021-02-08,7.0,5.0,5.0,4.0,4.0,1.0,25.0,4.0,6.0,0.0,0.0,1.0,10.0,10.0,8.0,7.0,1.0,25.0,9.0,6.0,6.0,0.0,1.0,21.0,81.0,BULL,BULL,BULL,False,,0.8,0.12,1.0
2021-02-09,7.0,5.0,5.0,4.0,4.0,1.0,25.0,4.0,6.0,0.0,0.0,1.0,10.0,10.0,8.0,7.0,1.0,25.0,9.0,6.0,6.0,4.0,1.0,25.0,85.0,BULL,BULL,BULL,False,,0.8,0.12,1.0
2021-02-10,7.0,5.0,5.0,4.0,4.0,1.0,25.0,4.0,6.0,0.0,0.0,1.0,10.0,10.0,8.0,7.0,1.0,25.0,9.0,6.0,6.0,4.0,1.0,25.0,85.0,BULL,BULL,BULL,False,,0.8,0.12,1.0
2021-02-11,7.0,5.0,5.0,4.0,4.0,1.0,25.0,4.0,6.0,0.0,0.0,1.0,10.0,10.0,8.0,7.0,1.0,25.0,9.0,6.0,6.0,4.0,1.0,25.0,85.0,BULL,BULL,BULL,False,,0.8,0.12,1.0
2021-02-12,7.0,5.0,5.0,4.0,4.0,1.0,25.0,4.0,6.0,0.0,0.0,1.0,10.0,10.0,8.0,7.0,1.0,25.0,9.0,6.0,6.0,0.0,1.0,21.0,81.0,BULL,BULL,BULL,False,,0.8,0.12,1.0
2021-02-16,7.0,5.0,5.0,4.0,4.0,1.0,25.0,4.0,6.0,0.0,0.0,1.0,10.0,10.0,8.0,7.0,1.0,25.0,9.0,6.0,6.0,0.0,1.0,21.0,81.0,BULL,BULL,BULL,False,,0.8,0.12,1.0
2021-02-17,7.0,5.0,5.0,4.0,4.0,1.0,25.0,4.0,6.0,0.0,0.0,1.0,10.0,10.0,8.0,7.0,1.0,25.0,9.0,6.0,6.0,0.0,1.0,21.0,81.0,BULL,BULL,BULL,False,,0.8,0.12,1.0
2021-02-18,7.0,5.0,5.0,4.0,4.0,1.0,25.0,4.0,6.0,0.0,0.0,1.0,10.0,10.0,8.0,7.0,1.0,25.0,9.0,6.0,6.0,0.0,1.0,21.0,81.0,BULL,BULL,BULL,False,,0.8,0.12,1.0
2021-02-19,7.0,5.0,5.0,4.0,0.0,1.0,21.0,8.0,6.0,0.0,5.0,1.0,19.0,10.0,8.0,7.0,1.0,25.0,9.0,6.0,6.0,4.0,1.0,25.0,90.0,STRONG_BULL,BULL,BULL,False,,0.8,0.12,1.0
2021-02-22,7.0,5.0,5.0,4.0,0.0,1.0,21.0,8.0,6.0,6.0,5.0,1.0,25.0,10.0,8.0,7.0,1.0,25.0,9.0,6.0,6.0,4.0,1.0,25.0,96.0,STRONG_BULL,STRONG_BULL,STRONG_BULL,False,,1.0,0.15,1.15
2021-02-23,7.0,5.0,5.0,4.0,0.0,1.0,21.0,8.0,6.0,6.0,5.0,1.0,25.0,10.0,8.0,7.0,1.0,25.0,9.0,6.0,0.0,4.0,1.0,19.0,90.0,STRONG_BULL,STRONG_BULL,STRONG_BULL,False,,1.0,0.15,1.15
2021-02-24,7.0,5.0,5.0,4.0,0.0,1.0,21.0,8.0,6.0,6.0,5.0,1.0,25.0,10.0,8.0,7.0,1.0,25.0,9.0,6.0,0.0,4.0,1.0,19.0,90.0,STRONG_BULL,STRONG_BULL,STRONG_BULL,False,,1.0,0.15,1.15
2021-02-25,7.0,5.0,5.0,4.0,0.0,1.0,21.0,8.0,6.0,6.0,5.0,1.0,25.0,5.0,0.0,7.0,1.0,12.0,9.0,6.0,0.0,4.0,1.0,19.0,77.0,BULL,STRONG_BULL,STRONG_BULL,False,,1.0,0.15,1.15
2021-02-26,7.0,5.0,5.0,4.0,0.0,1.0,21.0,8.0,6.0,6.0,5.0,1.0,25.0,5.0,4.0,7.0,1.0,16.0,9.0,6.0,0.0,0.0,1.0,15.0,77.0,BULL,BULL,BULL,False,,0.8,0.12,1.0
2021-03-01,7.0,5.0,5.0,4.0,0.0,1.0,21.0,8.0,6.0,6.0,5.0,1.0,25.0,10.0,8.0,7.0,1.0,25.0,9.0,6.0,0.0,0.0,1.0,15.0,86.0,STRONG_BULL,BULL,BULL,False,,0.8,0.12,1.0
2021-03-02,7.0,5.0,5.0,4.0,0.0,1.0,21.0,8.0,6.0,6.0,5.0,1.0,25.0,10.0,8.0,7.0,1.0,25.0,9.0,6.0,0.0,0.0,1.0,15.0,86.0,STRONG_BULL,STRONG_BULL,STRONG_BULL,False,,1.0,0.15,1.15
2021-03-03,7.0,5.0,5.0,4.0,0.0,1.0,21.0,8.0,6.0,6.0,5.0,1.0,25.0,5.0,8.0,7.0,1.0,20.0,9.0,6.0,0.0,0.0,1.0,15.0,81.0,STRONG_BULL,STRONG_BULL,STRONG_BULL,False,,1.0,0.15,1.15
2021-03-04,7.0,0.0,5.0,4.0,0.0,1.0,16.0,8.0,6.0,6.0,5.0,1.0,25.0,5.0,4.0,7.0,1.0,16.0,9.0,6.0,0.0,0.0,1.0,15.0,72.0,BULL,STRONG_BULL,STRONG_BULL,False,,1.0,0.15,1.15
2021-03-05,7.0,5.0,5.0,4.0,0.0,1.0,21.0,8.0,6.0,6.0,5.0,1.0,25.0,10.0,8.0,7.0,1.0,25.0,9.0,6.0,0.0,0.0,1.0,15.0,86.0,STRONG_BULL,STRONG_BULL,STRONG_BULL,False,,1.0,0.15,1.15
2021-03-08,7.0,5.0,5.0,4.0,0.0,1.0,21.0,8.0,6.0,6.0,5.0,1.0,25.0,5.0,8.0,7.0,1.0,20.0,9.0,6.0,0.0,0.0,1.0,15.0,81.0,STRONG_BULL,STRONG_BULL,STRONG_BULL,False,,1.0,0.15,1.15
2021-03-09,7.0,5.0,5.0,4.0,0.0,1.0,21.0,8.0,6.0,6.0,5.0,1.0,25.0,10.0,8.0,7.0,1.0,25.0,9.0,6.0,0.0,0.0,1.0,15.0,86.0,STRONG_BULL,STRONG_BULL,STRONG_BULL,False,,1.0,0.15,1.15
2021-03-10,7.0,5.0,5.0,4.0,0.0,1.0,21.0,8.0,6.0,6.0,5.0,1.0,25.0,10.0,8.0,7.0,1.0,25.0,9.0,6.0,0.0,0.0,1.0,15.0,86.0,STRONG_BULL,STRONG_BULL,STRONG_BULL,False,,1.0,0.15,1.15
2021-03-11,7.0,5.0,5.0,4.0,0.0,1.0,21.0,8.0,6.0,6.0,5.0,1.0,25.0,10.0,8.0,3.0,1.0,21.0,9.0,6.0,0.0,0.0,1.0,15.0,82.0,STRONG_BULL,STRONG_BULL,STRONG_BULL,False,,1.0,0.15,1.15
2021-03-12,7.0,5.0,5.0,4.0,0.0,1.0,21.0,8.0,6.0,6.0,5.0,1.0,25.0,10.0,8.0,3.0,1.0,21.0,9.0,6.0,0.0,0.0,1.0,15.0,82.0,STRONG_BULL,STRONG_BULL,STRONG_BULL,False,,1.0,0.15,1.15
2021-03-15,7.0,5.0,5.0,4.0,0.0,1.0,21.0,8.0,6.0,6.0,5.0,1.0,25.0,10.0,8.0,3.0,1.0,21.0,9.0,6.0,0.0,0.0,1.0,15.0,82.0,STRONG_BULL,STRONG_BULL,STRONG_BULL,False,,1.0,0.15,1.15
2021-03-16,7.0,5.0,5.0,4.0,0.0,1.0,21.0,8.0,6.0,6.0,5.0,1.0,25.0,10.0,8.0,3.0,1.0,21.0,9.0,6.0,0.0,0.0,1.0,15.0,82.0,STRONG_BULL,STRONG_BULL,STRONG_BULL,False,,1.0,0.15,1.15
2021-03-17,7.0,5.0,5.0,4.0,0.0,1.0,21.0,8.0,6.0,6.0,5.0,1.0,25.0,10.0,8.0,3.0,1.0,21.0,9.0,6.0,0.0,0.0,1.0,15.0,82.0,STRONG_BULL,STRONG_BULL,STRONG_BULL,False,,1.0,0.15,1.15
2021-03-18,7.0,5.0,5.0,4.0,0.0,1.0,21.0,8.0,6.0,6.0,5.0,1.0,25.0,10.0,8.0,3.0,1.0,21.0,9.0,6.0,0.0,0.0,1.0,15.0,82.0,STRONG_BULL,STRONG_BULL,STRONG_BULL,False,,1.0,0.15,1.15
2021-03-19,7.0,5.0,5.0,4.0,0.0,1.0,21.0,8.0,6.0,6.0,5.0,1.0,25.0,10.0,8.0,3.0,1.0,21.0,9.0,6.0,0.0,0.0,1.0,15.0,82.0,STRONG_BULL,STRONG_BULL,STRONG_BULL,False,,1.0,0.15,1.15
2021-03-22,7.0,5.0,5.0,4.0,0.0,1.0,21.0,8.0,6.0,6.0,5.0,1.0,25.0,10.0,8.0,3.0,1.0,21.0,9.0,0.0,0.0,0.0,1.0,9.0,76.0,BULL,STRONG_BULL,STRONG_BULL,False,,1.0,0.15,1.15
2021-03-23,7.0,5.0,5.0,4.0,0.0,1.0,21.0,8.0,6.0,6.0,5.0,1.0,25.0,10.0,8.0,3.0,1.0,21.0,9.0,0.0,6.0,0.0,1.0,15.0,82.0,STRONG_BULL,STRONG_BULL,STRONG_BULL,False,,1.0,0.15,1.15
2021-03-24,7.0,5.0,5.0,4.0,0.0,1.0,21.0,8.0,6.0,6.0,5.0,1.0,25.0,10.0,8.0,3.0,1.0,21.0,9.0,0.0,6.0,0.0,1.0,15.0,82.0,STRONG_BULL,STRONG_BULL,STRONG_BULL,False,,1.0,0.15,1.15
2021-03-25,7.0,5.0,5.0,4.0,0.0,1.0,21.0,8.0,6.0,6.0,5.0,1.0,25.0,10.0,8.0,7.0,1.0,25.0,9.0,0.0,6.0,0.0,1.0,15.0,86.0,STRONG_BULL,STRONG_BULL,STRONG_BULL,False,,1.0,0.15,1.15
2021-03-26,7.0,5.0,5.0,4.0,0.0,1.0,21.0,8.0,6.0,6.0,5.0,1.0,25.0,10.0,8.0,7.0,1.0,25.0,9.0,0.0,6.0,0.0,1.0,15.0,86.0,STRONG_BULL,STRONG_BULL,STRONG_BULL,False,,1.0,0.15,1.15
2021-03-29,7.0,5.0,5.0,4.0,0.0,1.0,21.0,8.0,6.0,6.0,5.0,1.0,25.0,10.0,8.0,7.0,1.0,25.0,9.0,0.0,6.0,0.0,1.0,15.0,86.0,STRONG_BULL,STRONG_BULL,STRONG_BULL,False,,1.0,0.15,1.15
2021-03-30,7.0,5.0,5.0,4.0,0.0,1.0,21.0,8.0,6.0,6.0,5.0,1.0,25.0,10.0,8.0,7.0,1.0,25.0,9.0,0.0,0.0,0.0,1.0,9.0,80.0,STRONG_BULL,STRONG_BULL,STRONG_BULL,False,,1.0,0.15,1.15
2021-03-31,7.0,5.0,5.0,4.0,0.0,1.0,21.0,8.0,6.0,6.0,5.0,1.0,25.0,10.0,8.0,7.0,1.0,25.0,9.0,0.0,6.0,0.0,1.0,15.0,86.0,STRONG_BULL,STRONG_BULL,STRONG_BULL,False,,1.0,0.15,1.15
2021-04-01,7.0,5.0,5.0,4.0,4.0,1.0,25.0,8.0,6.0,6.0,5.0,1.0,25.0,10.0,8.0,7.0,1.0,25.0,9.0,0.0,6.0,0.0,1.0,15.0,90.0,STRONG_BULL,STRONG_BULL,STRONG_BULL,False,,1.0,0.15,1.15
2021-04-05,7.0,5.0,5.0,4.0,4.0,1.0,25.0,4.0,6.0,6.0,0.0,1.0,16.0,10.0,8.0,7.0,1.0,25.0,9.0,0.0,6.0,0.0,1.0,15.0,81.0,BULL,STRONG_BULL,STRONG_BULL,False,,1.0,0.15,1.15
2021-04-06,7.0,5.0,5.0,4.0,4.0,1.0,25.0,4.0,6.0,6.0,0.0,1.0,16.0,10.0,8.0,7.0,1.0,25.0,9.0,0.0,6.0,0.0,1.0,15.0,81.0,BULL,BULL,BULL,False,,0.8,0.12,1.0
2021-04-07,7.0,5.0,5.0,4.0,4.0,1.0,25.0,4.0,6.0,0.0,0.0,1.0,10.0,10.0,8.0,7.0,1.0,25.0,9.0,0.0,6.0,0.0,1.0,15.0,75.0,BULL,BULL,BULL,False,,0.8,0.12,1.0
2021-04-08,7.0,5.0,5.0,4.0,4.0,1.0,25.0,4.0,6.0,0.0,0.0,1.0,10.0,10.0,8.0,7.0,1.0,25.0,9.0,0.0,6.0,0.0,1.0,15.0,75.0,BULL,BULL,BULL,False,,0.8,0.12,1.0
2021-04-09,7.0,5.0,5.0,4.0,4.0,1.0,25.0,4.0,6.0,0.0,0.0,1.0,10.0,10.0,8.0,7.0,1.0,25.0,9.0,0.0,6.0,0.0,1.0,15.0,75.0,BULL,BULL,BULL,False,,0.8,0.12,1.0
2021-04-12,7.0,5.0,5.0,4.0,4.0,1.0,25.0,4.0,6.0,0.0,0.0,1.0,10.0,10.0,8.0,7.0,1.0,25.0,9.0,0.0,6.0,0.0,1.0,15.0,75.0,BULL,BULL,BULL,False,,0.8,0.12,1.0
2021-04-13,7.0,5.0,5.0,4.0,4.0,1.0,25.0,4.0,6.0,0.0,0.0,1.0,10.0,10.0,8.0,7.0,1.0,25.0,9.0,0.0,6.0,0.0,1.0,15.0,75.0,BULL,BULL,BULL,False,,0.8,0.12,1.0
2021-04-14,7.0,5.0,5.0,4.0,4.0,1.0,25.0,4.0,6.0,0.0,0.0,1.0,10.0,10.0,8.0,7.0,1.0,25.0,9.0,0.0,6.0,0.0,1.0,15.0,75.0,BULL,BULL,BULL,False,,0.8,0.12,1.0
2021-04-15,7.0,5.0,5.0,4.0,4.0,1.0,25.0,4.0,6.0,0.0,0.0,1.0,10.0,10.0,8.0,7.0,1.0,25.0,9.0,0.0,6.0,0.0,1.0,15.0,75.0,BULL,BULL,BULL,False,,0.8,0.12,1.0
2021-04-16,7.0,5.0,5.0,4.0,4.0,1.0,25.0,4.0,6.0,0.0,0.0,1.0,10.0,10.0,8.0,7.0,1.0,25.0,9.0,0.0,6.0,4.0,1.0,19.0,79.0,BULL,BULL,BULL,False,,0.8,0.12,1.0
2021-04-19,7.0,5.0,5.0,4.0,4.0,1.0,25.0,4.0,6.0,0.0,0.0,1.0,10.0,10.0,8.0,7.0,1.0,25.0,9.0,0.0,6.0,4.0,1.0,19.0,79.0,BULL,BULL,BULL,False,,0.8,0.12,1.0
2021-04-20,7.0,5.0,5.0,4.0,4.0,1.0,25.0,4.0,6.0,0.0,0.0,1.0,10.0,10.0,8.0,7.0,1.0,25.0,9.0,0.0,6.0,4.0,1.0,19.0,79.0,BULL,BULL,BULL,False,,0.8,0.12,1.0
2021-04-21,7.0,5.0,5.0,4.0,4.0,1.0,25.0,4.0,6.0,0.0,0.0,1.0,10.0,10.0,8.0,7.0,1.0,25.0,9.0,0.0,6.0,4.0,1.0,19.0,79.0,BULL,BULL,BULL,False,,0.8,0.12,1.0
2021-04-22,7.0,5.0,5.0,4.0,4.0,1.0,25.0,4.0,6.0,0.0,0.0,1.0,10.0,10.0,8.0,7.0,1.0,25.0,9.0,0.0,6.0,4.0,1.0,19.0,79.0,BULL,BULL,BULL,False,,0.8,0.12,1.0
2021-04-23,7.0,5.0,5.0,4.0,4.0,1.0,25.0,4.0,6.0,0.0,0.0,1.0,10.0,10.0,8.0,7.0,1.0,25.0,9.0,0.0,6.0,4.0,1.0,19.0,79.0,BULL,BULL,BULL,False,,0.8,0.12,1.0
2021-04-26,7.0,5.0,5.0,4.0,4.0,1.0,25.0,4.0,6.0,0.0,0.0,1.0,10.0,10.0,8.0,7.0,1.0,25.0,9.0,0.0,6.0,4.0,1.0,19.0,79.0,BULL,BULL,BULL,False,,0.8,0.12,1.0
2021-04-27,7.0,5.0,5.0,4.0,4.0,1.0,25.0,4.0,6.0,0.0,0.0,1.0,10.0,10.0,8.0,7.0,1.0,25.0,9.0,6.0,6.0,4.0,1.0,25.0,85.0,BULL,BULL,BULL,False,,0.8,0.12,1.0
2021-04-28,7.0,5.0,5.0,4.0,4.0,1.0,25.0,4.0,6.0,0.0,0.0,1.0,10.0,10.0,8.0,7.0,1.0,25.0,9.0,6.0,6.0,4.0,1.0,25.0,85.0,BULL,BULL,BULL,False,,0.8,0.12,1.0
2021-04-29,7.0,5.0,5.0,4.0,4.0,1.0,25.0,4.0,6.0,0.0,0.0,1.0,10.0,10.0,8.0,7.0,1.0,25.0,9.0,0.0,6.0,4.0,1.0,19.0,79.0,BULL,BULL,BULL,False,,0.8,0.12,1.0
2021-04-30,7.0,5.0,5.0,4.0,0.0,1.0,21.0,4.0,6.0,0.0,0.0,1.0,10.0,10.0,8.0,7.0,1.0,25.0,9.0,0.0,6.0,4.0,1.0,19.0,75.0,BULL,BULL,BULL,False,,0.8,0.12,1.0
2021-05-03,7.0,5.0,5.0,4.0,0.0,1.0,21.0,8.0,6.0,0.0,5.0,1.0,19.0,10.0,8.0,7.0,1.0,25.0,9.0,0.0,6.0,4.0,1.0,19.0,84.0,STRONG_BULL,BULL,BULL,False,,0.8,0.12,1.0
2021-05-04,7.0,5.0,5.0,4.0,0.0,1.0,21.0,8.0,6.0,0.0,5.0,1.0,19.0,10.0,8.0,7.0,1.0,25.0,9.0,0.0,6.0,4.0,1.0,19.0,84.0,STRONG_BULL,STRONG_BULL,STRONG_BULL,False,,1.0,0.15,1.15
2021-05-05,7.0,5.0,5.0,4.0,0.0,1.0,21.0,8.0,6.0,6.0,5.0,1.0,25.0,10.0,8.0,7.0,1.0,25.0,9.0,0.0,6.0,4.0,1.0,19.0,90.0,STRONG_BULL,STRONG_BULL,STRONG_BULL,False,,1.0,0.15,1.15
2021-05-06,7.0,5.0,5.0,4.0,0.0,1.0,21.0,8.0,6.0,6.0,5.0,1.0,25.0,10.0,8.0,7.0,1.0,25.0,9.0,0.0,6.0,4.0,1.0,19.0,90.0,STRONG_BULL,STRONG_BULL,STRONG_BULL,False,,1.0,0.15,1.15
2021-05-07,7.0,5.0,5.0,4.0,0.0,1.0,21.0,8.0,6.0,6.0,5.0,1.0,25.0,10.0,8.0,7.0,1.0,25.0,9.0,0.0,6.0,4.0,1.0,19.0,90.0,STRONG_BULL,STRONG_BULL,STRONG_BULL,False,,1.0,0.15,1.15
2021-05-10,7.0,5.0,5.0,4.0,0.0,1.0,21.0,8.0,6.0,6.0,5.0,1.0,25.0,10.0,8.0,7.0,1.0,25.0,9.0,0.0,6.0,4.0,1.0,19.0,90.0,STRONG_BULL,STRONG_BULL,STRONG_BULL,False,,1.0,0.15,1.15
2021-05-11,7.0,5.0,5.0,4.0,0.0,1.0,21.0,8.0,6.0,6.0,5.0,1.0,25.0,10.0,8.0,7.0,1.0,25.0,9.0,0.0,6.0,4.0,1.0,19.0,90.0,STRONG_BULL,STRONG_BULL,STRONG_BULL,False,,1.0,0.15,1.15
2021-05-12,7.0,0.0,5.0,4.0,0.0,1.0,16.0,8.0,6.0,6.0,5.0,1.0,25.0,2.0,0.0,7.0,1.0,9.0,9.0,0.0,6.0,4.0,1.0,19.0,69.0,BULL,STRONG_BULL,STRONG_BULL,False,,1.0,0.15,1.15
2021-05-13,7.0,5.0,5.0,4.0,0.0,1.0,21.0,8.0,6.0,6.0,5.0,1.0,25.0,5.0,8.0,7.0,1.0,20.0,9.0,0.0,6.0,4.0,1.0,19.0,85.0,STRONG_BULL,STRONG_BULL,STRONG_BULL,False,,1.0,0.15,1.15
2021-05-14,7.0,5.0,5.0,4.0,0.0,1.0,21.0,8.0,6.0,6.0,5.0,1.0,25.0,10.0,8.0,7.0,1.0,25.0,9.0,0.0,6.0,4.0,1.0,19.0,90.0,STRONG_BULL,STRONG_BULL,STRONG_BULL,False,,1.0,0.15,1.15
2021-05-17,7.0,5.0,5.0,4.0,0.0,1.0,21.0,8.0,6.0,6.0,5.0,1.0,25.0,10.0,8.0,7.0,1.0,25.0,9.0,6.0,6.0,4.0,1.0,25.0,96.0,STRONG_BULL,STRONG_BULL,STRONG_BULL,False,,1.0,0.15,1.15
2021-05-18,7.0,5.0,5.0,4.0,0.0,1.0,21.0,8.0,6.0,6.0,5.0,1.0,25.0,10.0,8.0,7.0,1.0,25.0,9.0,6.0,6.0,4.0,1.0,25.0,96.0,STRONG_BULL,STRONG_BULL,STRONG_BULL,False,,1.0,0.15,1.15
2021-05-19,7.0,5.0,5.0,4.0,0.0,1.0,21.0,8.0,6.0,6.0,5.0,1.0,25.0,10.0,8.0,7.0,1.0,25.0,9.0,6.0,6.0,4.0,1.0,25.0,96.0,STRONG_BULL,STRONG_BULL,STRONG_BULL,False,,1.0,0.15,1.15
2021-05-20,7.0,5.0,5.0,4.0,0.0,1.0,21.0,8.0,6.0,6.0,5.0,1.0,25.0,10.0,8.0,7.0,1.0,25.0,9.0,0.0,6.0,4.0,1.0,19.0,90.0,STRONG_BULL,STRONG_BULL,STRONG_BULL,False,,1.0,0.15,1.15
2021-05-21,7.0,5.0,5.0,4.0,0.0,1.0,21.0,8.0,6.0,6.0,5.0,1.0,25.0,10.0,8.0,7.0,1.0,25.0,9.0,0.0,6.0,4.0,1.0,19.0,90.0,STRONG_BULL,STRONG_BULL,STRONG_BULL,False,,1.0,0.15,1.15
2021-05-24,7.0,5.0,5.0,4.0,0.0,1.0,21.0,8.0,6.0,6.0,5.0,1.0,25.0,10.0,8.0,7.0,1.0,25.0,9.0,0.0,6.0,4.0,1.0,19.0,90.0,STRONG_BULL,STRONG_BULL,STRONG_BULL,False,,1.0,0.15,1.15
2021-05-25,7.0,5.0,5.0,4.0,0.0,1.0,21.0,8.0,6.0,6.0,5.0,1.0,25.0,10.0,8.0,7.0,1.0,25.0,0.0,0.0,6.0,4.0,1.0,10.0,81.0,STRONG_BULL,STRONG_BULL,STRONG_BULL,False,,1.0,0.15,1.15
2021-05-26,7.0,5.0,5.0,4.0,0.0,1.0,21.0,8.0,6.0,6.0,5.0,1.0,25.0,10.0,8.0,7.0,1.0,25.0,0.0,0.0,6.0,4.0,1.0,10.0,81.0,STRONG_BULL,STRONG_BULL,STRONG_BULL,False,,1.0,0.15,1.15
2021-05-27,7.0,5.0,5.0,4.0,0.0,1.0,21.0,8.0,6.0,6.0,5.0,1.0,25.0,10.0,8.0,7.0,1.0,25.0,9.0,6.0,6.0,4.0,1.0,25.0,96.0,STRONG_BULL,STRONG_BULL,STRONG_BULL,False,,1.0,0.15,1.15
2021-05-28,7.0,5.0,5.0,4.0,0.0,1.0,21.0,8.0,6.0,6.0,5.0,1.0,25.0,10.0,8.0,7.0,1.0,25.0,0.0,6.0,6.0,4.0,1.0,16.0,87.0,STRONG_BULL,STRONG_BULL,STRONG_BULL,False,,1.0,0.15,1.15
2021-06-01,7.0,5.0,5.0,4.0,0.0,1.0,21.0,8.0,6.0,6.0,5.0,1.0,25.0,10.0,8.0,7.0,1.0,25.0,9.0,6.0,6.0,4.0,1.0,25.0,96.0,STRONG_BULL,STRONG_BULL,STRONG_BULL,False,,1.0,0.15,1.15
2021-06-02,7.0,5.0,5.0,4.0,0.0,1.0,21.0,8.0,6.0,6.0,5.0,1.0,25.0,10.0,8.0,7.0,1.0,25.0,9.0,6.0,6.0,4.0,1.0,25.0,96.0,STRONG_BULL,STRONG_BULL,STRONG_BULL,False,,1.0,0.15,1.15
2021-06-03,7.0,5.0,5.0,4.0,0.0,1.0,21.0,8.0,6.0,6.0,5.0,1.0,25.0,10.0,8.0,7.0,1.0,25.0,9.0,6.0,6.0,4.0,1.0,25.0,96.0,STRONG_BULL,STRONG_BULL,STRONG_BULL,False,,1.0,0.15,1.15
2021-06-04,7.0,5.0,5.0,4.0,4.0,1.0,25.0,8.0,6.0,6.0,5.0,1.0,25.0,10.0,8.0,7.0,1.0,25.0,0.0,6.0,6.0,4.0,1.0,16.0,91.0,STRONG_BULL,STRONG_BULL,STRONG_BULL,False,,1.0,0.15,1.15
2021-06-07,7.0,5.0,5.0,4.0,4.0,1.0,25.0,8.0,6.0,6.0,5.0,1.0,25.0,10.0,8.0,7.0,1.0,25.0,9.0,6.0,6.0,4.0,1.0,25.0,100.0,STRONG_BULL,STRONG_BULL,STRONG_BULL,False,,1.0,0.15,1.15
2021-06-08,7.0,5.0,5.0,4.0,4.0,1.0,25.0,4.0,6.0,6.0,0.0,1.0,16.0,10.0,8.0,7.0,1.0,25.0,0.0,6.0,6.0,4.0,1.0,16.0,82.0,BULL,STRONG_BULL,STRONG_BULL,False,,1.0,0.15,1.15
2021-06-09,7.0,5.0,5.0,4.0,4.0,1.0,25.0,4.0,3.0,6.0,0.0,1.0,13.0,10.0,8.0,7.0,1.0,25.0,0.0,6.0,6.0,4.0,1.0,16.0,79.0,BULL,BULL,BULL,False,,0.8,0.12,1.0
2021-06-10,7.0,5.0,5.0,4.0,4.0,1.0,25.0,4.0,6.0,0.0,0.0,1.0,10.0,10.0,8.0,7.0,1.0,25.0,0.0,6.0,6.0,4.0,1.0,16.0,76.0,BULL,BULL,BULL,False,,0.8,0.12,1.0
2021-06-11,7.0,5.0,5.0,4.0,4.0,1.0,25.0,4.0,6.0,0.0,0.0,1.0,10.0,10.0,8.0,7.0,1.0,25.0,0.0,6.0,6.0,4.0,1.0,16.0,76.0,BULL,BULL,BULL,False,,0.8,0.12,1.0
2021-06-14,7.0,5.0,5.0,4.0,4.0,1.0,25.0,4.0,3.0,0.0,0.0,1.0,7.000000000000001,10.0,8.0,7.0,1.0,25.0,0.0,6.0,6.0,4.0,1.0,16.0,73.0,BULL,BULL,BULL,False,,0.8,0.12,1.0
2021-06-15,7.0,5.0,5.0,4.0,4.0,1.0,25.0,4.0,3.0,0.0,0.0,1.0,7.000000000000001,10.0,8.0,7.0,1.0,25.0,0.0,6.0,6.0,4.0,1.0,16.0,73.0,BULL,BULL,BULL,False,,0.8,0.12,1.0
2021-06-16,7.0,5.0,5.0,4.0,4.0,1.0,25.0,4.0,6.0,0.0,0.0,1.0,10.0,10.0,8.0,7.0,1.0,25.0,9.0,6.0,6.0,0.0,1.0,21.0,81.0,BULL,BULL,BULL,False,,0.8,0.12,1.0
2021-06-17,7.0,5.0,5.0,4.0,4.0,1.0,25.0,4.0,3.0,0.0,0.0,1.0,7.000000000000001,10.0,8.0,7.0,1.0,25.0,9.0,6.0,6.0,0.0,1.0,21.0,78.0,BULL,BULL,BULL,False,,0.8,0.12,1.0
2021-06-18,7.0,5.0,5.0,4.0,4.0,1.0,25.0,4.0,3.0,0.0,0.0,1.0,7.000000000000001,10.0,8.0,7.0,1.0,25.0,0.0,6.0,6.0,0.0,1.0,12.0,69.0,BULL,BULL,BULL,False,,0.8,0.12,1.0
2021-06-21,7.0,5.0,5.0,4.0,4.0,1.0,25.0,4.0,3.0,0.0,0.0,1.0,7.000000000000001,10.0,8.0,7.0,1.0,25.0,9.0,6.0,6.0,0.0,1.0,21.0,78.0,BULL,BULL,BULL,False,,0.8,0.12,1.0
2021-06-22,7.0,5.0,5.0,4.0,4.0,1.0,25.0,4.0,3.0,0.0,0.0,1.0,7.000000000000001,10.0,8.0,7.0,1.0,25.0,0.0,6.0,6.0,0.0,1.0,12.0,69.0,BULL,BULL,BULL,False,,0.8,0.12,1.0
2021-06-23,7.0,5.0,5.0,4.0,4.0,1.0,25.0,4.0,3.0,0.0,0.0,1.0,7.000000000000001,10.0,8.0,7.0,1.0,25.0,9.0,6.0,6.0,0.0,1.0,21.0,78.0,BULL,BULL,BULL,False,,0.8,0.12,1.0
2021-06-24,7.0,5.0,5.0,4.0,4.0,1.0,25.0,4.0,3.0,0.0,0.0,1.0,7.000000000000001,10.0,8.0,7.0,1.0,25.0,9.0,6.0,6.0,0.0,1.0,21.0,78.0,BULL,BULL,BULL,False,,0.8,0.12,1.0
2021-06-25,7.0,5.0,5.0,4.0,4.0,1.0,25.0,4.0,3.0,0.0,0.0,1.0,7.000000000000001,10.0,8.0,7.0,1.0,25.0,9.0,6.0,6.0,0.0,1.0,21.0,78.0,BULL,BULL,BULL,False,,0.8,0.12,1.0
2021-06-28,7.0,5.0,5.0,4.0,4.0,1.0,25.0,4.0,3.0,0.0,0.0,1.0,7.000000000000001,10.0,8.0,7.0,1.0,25.0,9.0,6.0,6.0,0.0,1.0,21.0,78.0,BULL,BULL,BULL,False,,0.8,0.12,1.0
2021-06-29,7.0,5.0,5.0,4.0,4.0,1.0,25.0,4.0,3.0,0.0,0.0,1.0,7.000000000000001,10.0,8.0,7.0,1.0,25.0,9.0,0.0,6.0,0.0,1.0,15.0,72.0,BULL,BULL,BULL,False,,0.8,0.12,1.0
2021-06-30,7.0,5.0,5.0,4.0,4.0,1.0,25.0,4.0,3.0,0.0,0.0,1.0,7.000000000000001,10.0,8.0,7.0,1.0,25.0,9.0,0.0,6.0,0.0,1.0,15.0,72.0,BULL,BULL,BULL,False,,0.8,0.12,1.0
2021-07-01,7.0,5.0,5.0,4.0,4.0,1.0,25.0,4.0,3.0,0.0,0.0,1.0,7.000000000000001,10.0,8.0,7.0,1.0,25.0,9.0,6.0,6.0,0.0,1.0,21.0,78.0,BULL,BULL,BULL,False,,0.8,0.12,1.0
2021-07-02,7.0,5.0,5.0,4.0,4.0,1.0,25.0,4.0,3.0,0.0,0.0,1.0,7.000000000000001,10.0,8.0,7.0,1.0,25.0,9.0,0.0,6.0,0.0,1.0,15.0,72.0,BULL,BULL,BULL,False,,0.8,0.12,1.0
2021-07-06,7.0,5.0,5.0,4.0,4.0,1.0,25.0,4.0,3.0,0.0,0.0,1.0,7.000000000000001,10.0,8.0,7.0,1.0,25.0,0.0,0.0,6.0,0.0,1.0,6.0,63.0,NEUTRAL,BULL,BULL,False,,0.8,0.12,1.0
2021-07-07,7.0,5.0,5.0,4.0,4.0,1.0,25.0,4.0,3.0,0.0,0.0,1.0,7.000000000000001,10.0,8.0,7.0,1.0,25.0,0.0,0.0,6.0,0.0,1.0,6.0,63.0,NEUTRAL,NEUTRAL,NEUTRAL,False,,0.5,0.08,0.7
2021-07-08,7.0,5.0,5.0,4.0,4.0,1.0,25.0,4.0,3.0,0.0,0.0,1.0,7.000000000000001,10.0,8.0,7.0,1.0,25.0,0.0,0.0,6.0,0.0,1.0,6.0,63.0,NEUTRAL,NEUTRAL,NEUTRAL,False,,0.5,0.08,0.7
2021-07-09,7.0,5.0,5.0,4.0,4.0,1.0,25.0,4.0,3.0,0.0,0.0,1.0,7.000000000000001,10.0,8.0,7.0,1.0,25.0,0.0,0.0,6.0,0.0,1.0,6.0,63.0,NEUTRAL,NEUTRAL,NEUTRAL,False,,0.5,0.08,0.7
2021-07-12,7.0,5.0,5.0,4.0,4.0,1.0,25.0,4.0,3.0,0.0,0.0,1.0,7.000000000000001,10.0,8.0,7.0,1.0,25.0,0.0,0.0,6.0,0.0,1.0,6.0,63.0,NEUTRAL,NEUTRAL,NEUTRAL,False,,0.5,0.08,0.7
2021-07-13,7.0,5.0,5.0,4.0,4.0,1.0,25.0,4.0,3.0,0.0,0.0,1.0,7.000000000000001,10.0,8.0,7.0,1.0,25.0,0.0,0.0,6.0,0.0,1.0,6.0,63.0,NEUTRAL,NEUTRAL,NEUTRAL,False,,0.5,0.08,0.7
2021-07-14,7.0,5.0,5.0,4.0,4.0,1.0,25.0,4.0,3.0,0.0,0.0,1.0,7.000000000000001,10.0,8.0,7.0,1.0,25.0,0.0,0.0,6.0,0.0,1.0,6.0,63.0,NEUTRAL,NEUTRAL,NEUTRAL,False,,0.5,0.08,0.7
2021-07-15,7.0,5.0,5.0,4.0,4.0,1.0,25.0,4.0,3.0,0.0,0.0,1.0,7.000000000000001,10.0,8.0,7.0,1.0,25.0,0.0,0.0,6.0,0.0,1.0,6.0,63.0,NEUTRAL,NEUTRAL,NEUTRAL,False,,0.5,0.08,0.7
2021-07-16,7.0,5.0,5.0,4.0,4.0,1.0,25.0,4.0,3.0,0.0,0.0,1.0,7.000000000000001,10.0,8.0,7.0,1.0,25.0,0.0,0.0,6.0,0.0,1.0,6.0,63.0,NEUTRAL,NEUTRAL,NEUTRAL,False,,0.5,0.08,0.7
2021-07-19,7.0,5.0,5.0,4.0,4.0,1.0,25.0,4.0,3.0,0.0,0.0,1.0,7.000000000000001,5.0,8.0,7.0,1.0,20.0,0.0,0.0,6.0,0.0,1.0,6.0,58.0,NEUTRAL,NEUTRAL,NEUTRAL,False,,0.5,0.08,0.7
2021-07-20,7.0,5.0,5.0,4.0,4.0,1.0,25.0,4.0,3.0,0.0,0.0,1.0,7.000000000000001,10.0,8.0,7.0,1.0,25.0,0.0,0.0,6.0,0.0,1.0,6.0,63.0,NEUTRAL,NEUTRAL,NEUTRAL,False,,0.5,0.08,0.7
2021-07-21,7.0,5.0,5.0,4.0,4.0,1.0,25.0,4.0,3.0,0.0,0.0,1.0,7.000000000000001,10.0,8.0,7.0,1.0,25.0,0.0,0.0,6.0,0.0,1.0,6.0,63.0,NEUTRAL,NEUTRAL,NEUTRAL,False,,0.5,0.08,0.7
2021-07-22,7.0,5.0,5.0,4.0,4.0,1.0,25.0,4.0,3.0,0.0,0.0,1.0,7.000000000000001,10.0,8.0,7.0,1.0,25.0,0.0,0.0,6.0,0.0,1.0,6.0,63.0,NEUTRAL,NEUTRAL,NEUTRAL,False,,0.5,0.08,0.7
2021-07-23,7.0,5.0,5.0,4.0,4.0,1.0,25.0,4.0,3.0,0.0,0.0,1.0,7.000000000000001,10.0,8.0,7.0,1.0,25.0,0.0,0.0,6.0,0.0,1.0,6.0,63.0,NEUTRAL,NEUTRAL,NEUTRAL,False,,0.5,0.08,0.7
2021-07-26,7.0,5.0,5.0,4.0,4.0,1.0,25.0,4.0,3.0,0.0,0.0,1.0,7.000000000000001,10.0,8.0,7.0,1.0,25.0,0.0,0.0,6.0,0.0,1.0,6.0,63.0,NEUTRAL,NEUTRAL,NEUTRAL,False,,0.5,0.08,0.7
2021-07-27,7.0,5.0,5.0,4.0,4.0,1.0,25.0,4.0,3.0,0.0,0.0,1.0,7.000000000000001,10.0,8.0,7.0,1.0,25.0,0.0,0.0,6.0,0.0,1.0,6.0,63.0,NEUTRAL,NEUTRAL,NEUTRAL,False,,0.5,0.08,0.7
2021-07-28,7.0,5.0,5.0,4.0,4.0,1.0,25.0,4.0,3.0,0.0,0.0,1.0,7.000000000000001,10.0,8.0,7.0,1.0,25.0,0.0,0.0,6.0,0.0,1.0,6.0,63.0,NEUTRAL,NEUTRAL,NEUTRAL,False,,0.5,0.08,0.7
2021-07-29,7.0,5.0,5.0,4.0,4.0,1.0,25.0,4.0,3.0,0.0,0.0,1.0,7.000000000000001,10.0,8.0,7.0,1.0,25.0,0.0,0.0,6.0,0.0,1.0,6.0,63.0,NEUTRAL,NEUTRAL,NEUTRAL,False,,0.5,0.08,0.7
2021-07-30,7.0,5.0,5.0,4.0,4.0,1.0,25.0,4.0,3.0,0.0,0.0,1.0,7.000000000000001,10.0,8.0,7.0,1.0,25.0,0.0,0.0,6.0,0.0,1.0,6.0,63.0,NEUTRAL,NEUTRAL,NEUTRAL,False,,0.5,0.08,0.7
2021-08-02,7.0,5.0,5.0,4.0,4.0,1.0,25.0,4.0,3.0,0.0,0.0,1.0,7.000000000000001,10.0,8.0,7.0,1.0,25.0,0.0,0.0,6.0,0.0,1.0,6.0,63.0,NEUTRAL,NEUTRAL,NEUTRAL,False,,0.5,0.08,0.7
2021-08-03,7.0,5.0,5.0,4.0,0.0,1.0,21.0,4.0,3.0,0.0,0.0,1.0,7.000000000000001,10.0,8.0,7.0,1.0,25.0,0.0,0.0,6.0,0.0,1.0,6.0,59.0,NEUTRAL,NEUTRAL,NEUTRAL,False,,0.5,0.08,0.7
2021-08-04,7.0,5.0,5.0,4.0,4.0,1.0,25.0,4.0,3.0,0.0,0.0,1.0,7.000000000000001,10.0,8.0,7.0,1.0,25.0,0.0,0.0,6.0,0.0,1.0,6.0,63.0,NEUTRAL,NEUTRAL,NEUTRAL,False,,0.5,0.08,0.7
2021-08-05,7.0,5.0,5.0,4.0,4.0,1.0,25.0,4.0,3.0,0.0,0.0,1.0,7.000000000000001,10.0,8.0,7.0,1.0,25.0,0.0,0.0,6.0,0.0,1.0,6.0,63.0,NEUTRAL,NEUTRAL,NEUTRAL,False,,0.5,0.08,0.7
2021-08-06,7.0,5.0,5.0,4.0,4.0,1.0,25.0,4.0,3.0,0.0,0.0,1.0,7.000000000000001,10.0,8.0,7.0,1.0,25.0,0.0,0.0,6.0,0.0,1.0,6.0,63.0,NEUTRAL,NEUTRAL,NEUTRAL,False,,0.5,0.08,0.7
2021-08-09,7.0,5.0,5.0,4.0,4.0,1.0,25.0,4.0,3.0,0.0,0.0,1.0,7.000000000000001,10.0,8.0,7.0,1.0,25.0,0.0,0.0,6.0,0.0,1.0,6.0,63.0,NEUTRAL,NEUTRAL,NEUTRAL,False,,0.5,0.08,0.7
2021-08-10,7.0,5.0,5.0,4.0,0.0,1.0,21.0,8.0,3.0,0.0,5.0,1.0,16.0,10.0,8.0,7.0,1.0,25.0,0.0,0.0,6.0,0.0,1.0,6.0,68.0,BULL,NEUTRAL,NEUTRAL,False,,0.5,0.08,0.7
2021-08-11,7.0,5.0,5.0,4.0,0.0,1.0,21.0,8.0,3.0,6.0,5.0,1.0,22.0,10.0,8.0,7.0,1.0,25.0,0.0,6.0,6.0,0.0,1.0,12.0,80.0,STRONG_BULL,NEUTRAL,NEUTRAL,False,,0.5,0.08,0.7
2021-08-12,7.0,5.0,5.0,4.0,0.0,1.0,21.0,8.0,3.0,6.0,5.0,1.0,22.0,10.0,8.0,7.0,1.0,25.0,0.0,6.0,6.0,0.0,1.0,12.0,80.0,STRONG_BULL,STRONG_BULL,STRONG_BULL,False,,1.0,0.15,1.15
2021-08-13,7.0,5.0,5.0,4.0,0.0,1.0,21.0,8.0,3.0,6.0,5.0,1.0,22.0,10.0,8.0,7.0,1.0,25.0,0.0,6.0,6.0,0.0,1.0,12.0,80.0,STRONG_BULL,STRONG_BULL,STRONG_BULL,False,,1.0,0.15,1.15
2021-08-16,7.0,5.0,5.0,4.0,0.0,1.0,21.0,8.0,3.0,6.0,5.0,1.0,22.0,10.0,8.0,7.0,1.0,25.0,0.0,0.0,6.0,0.0,1.0,6.0,74.0,BULL,STRONG_BULL,STRONG_BULL,False,,1.0,0.15,1.15
2021-08-17,7.0,5.0,5.0,4.0,0.0,1.0,21.0,8.0,3.0,6.0,5.0,1.0,22.0,10.0,8.0,7.0,1.0,25.0,0.0,0.0,6.0,0.0,1.0,6.0,74.0,BULL,BULL,BULL,False,,0.8,0.12,1.0
2021-08-18,7.0,5.0,5.0,4.0,0.0,1.0,21.0,8.0,3.0,6.0,5.0,1.0,22.0,5.0,4.0,7.0,1.0,16.0,0.0,0.0,6.0,0.0,1.0,6.0,65.0,BULL,BULL,BULL,False,,0.8,0.12,1.0
2021-08-19,7.0,5.0,5.0,4.0,0.0,1.0,21.0,8.0,3.0,6.0,5.0,1.0,22.0,5.0,8.0,7.0,1.0,20.0,0.0,0.0,6.0,0.0,1.0,6.0,69.0,BULL,BULL,BULL,False,,0.8,0.12,1.0
2021-08-20,7.0,5.0,5.0,4.0,0.0,1.0,21.0,8.0,3.0,6.0,5.0,1.0,22.0,10.0,8.0,7.0,1.0,25.0,0.0,0.0,6.0,0.0,1.0,6.0,74.0,BULL,BULL,BULL,False,,0.8,0.12,1.0
2021-08-23,7.0,5.0,5.0,4.0,0.0,1.0,21.0,8.0,3.0,6.0,5.0,1.0,22.0,10.0,8.0,7.0,1.0,25.0,0.0,0.0,6.0,0.0,1.0,6.0,74.0,BULL,BULL,BULL,False,,0.8,0.12,1.0
2021-08-24,7.0,5.0,5.0,4.0,4.0,1.0,25.0,8.0,3.0,6.0,5.0,1.0,22.0,10.0,8.0,7.0,1.0,25.0,0.0,6.0,6.0,0.0,1.0,12.0,84.0,STRONG_BULL,BULL,BULL,False,,0.8,0.12,1.0
2021-08-25,7.0,5.0,5.0,4.0,4.0,1.0,25.0,8.0,3.0,6.0,5.0,1.0,22.0,10.0,8.0,7.0,1.0,25.0,9.0,0.0,6.0,0.0,1.0,15.0,87.0,STRONG_BULL,STRONG_BULL,STRONG_BULL,False,,1.0,0.15,1.15
2021-08-26,7.0,5.0,5.0,4.0,4.0,1.0,25.0,4.0,3.0,6.0,0.0,1.0,13.0,10.0,8.0,7.0,1.0,25.0,9.0,0.0,6.0,0.0,1.0,15.0,78.0,BULL,STRONG_BULL,STRONG_BULL,False,,1.0,0.15,1.15
2021-08-27,7.0,5.0,5.0,4.0,4.0,1.0,25.0,4.0,3.0,6.0,0.0,1.0,13.0,10.0,8.0,7.0,1.0,25.0,9.0,6.0,6.0,0.0,1.0,21.0,84.0,BULL,BULL,BULL,False,,0.8,0.12,1.0
2021-08-30,7.0,5.0,5.0,4.0,4.0,1.0,25.0,4.0,3.0,0.0,0.0,1.0,7.000000000000001,10.0,8.0,7.0,1.0,25.0,9.0,6.0,6.0,0.0,1.0,21.0,78.0,BULL,BULL,BULL,False,,0.8,0.12,1.0
2021-08-31,7.0,5.0,5.0,4.0,4.0,1.0,25.0,4.0,3.0,0.0,0.0,1.0,7.000000000000001,10.0,8.0,7.0,1.0,25.0,9.0,6.0,6.0,0.0,1.0,21.0,78.0,BULL,BULL,BULL,False,,0.8,0.12,1.0
2021-09-01,7.0,5.0,5.0,4.0,4.0,1.0,25.0,4.0,3.0,0.0,0.0,1.0,7.000000000000001,10.0,8.0,7.0,1.0,25.0,9.0,6.0,6.0,4.0,1.0,25.0,82.0,BULL,BULL,BULL,False,,0.8,0.12,1.0
2021-09-02,7.0,5.0,5.0,4.0,4.0,1.0,25.0,4.0,3.0,0.0,0.0,1.0,7.000000000000001,10.0,8.0,7.0,1.0,25.0,9.0,6.0,6.0,4.0,1.0,25.0,82.0,BULL,BULL,BULL,False,,0.8,0.12,1.0
2021-09-03,7.0,5.0,5.0,4.0,4.0,1.0,25.0,4.0,3.0,0.0,0.0,1.0,7.000000000000001,10.0,8.0,7.0,1.0,25.0,9.0,6.0,6.0,4.0,1.0,25.0,82.0,BULL,BULL,BULL,False,,0.8,0.12,1.0
2021-09-07,7.0,5.0,5.0,4.0,4.0,1.0,25.0,4.0,3.0,0.0,0.0,1.0,7.000000000000001,10.0,8.0,7.0,1.0,25.0,9.0,6.0,6.0,4.0,1.0,25.0,82.0,BULL,BULL,BULL,False,,0.8,0.12,1.0
2021-09-08,7.0,5.0,5.0,4.0,4.0,1.0,25.0,4.0,3.0,0.0,0.0,1.0,7.000000000000001,10.0,8.0,7.0,1.0,25.0,9.0,0.0,6.0,0.0,1.0,15.0,72.0,BULL,BULL,BULL,False,,0.8,0.12,1.0
2021-09-09,7.0,5.0,5.0,4.0,4.0,1.0,25.0,4.0,3.0,0.0,0.0,1.0,7.000000000000001,10.0,8.0,7.0,1.0,25.0,9.0,0.0,6.0,4.0,1.0,19.0,76.0,BULL,BULL,BULL,False,,0.8,0.12,1.0
2021-09-10,7.0,5.0,5.0,4.0,4.0,1.0,25.0,4.0,3.0,0.0,0.0,1.0,7.000000000000001,5.0,4.0,7.0,1.0,16.0,9.0,6.0,6.0,4.0,1.0,25.0,73.0,BULL,BULL,BULL,False,,0.8,0.12,1.0
2021-09-13,7.0,5.0,5.0,4.0,4.0,1.0,25.0,4.0,3.0,0.0,0.0,1.0,7.000000000000001,10.0,8.0,7.0,1.0,25.0,9.0,6.0,6.0,4.0,1.0,25.0,82.0,BULL,BULL,BULL,False,,0.8,0.12,1.0
2021-09-14,7.0,5.0,5.0,4.0,4.0,1.0,25.0,4.0,3.0,0.0,0.0,1.0,7.000000000000001,5.0,8.0,7.0,1.0,20.0,9.0,6.0,6.0,0.0,1.0,21.0,73.0,BULL,BULL,BULL,False,,0.8,0.12,1.0
2021-09-15,7.0,5.0,5.0,4.0,4.0,1.0,25.0,4.0,3.0,0.0,0.0,1.0,7.000000000000001,10.0,8.0,7.0,1.0,25.0,9.0,6.0,6.0,4.0,1.0,25.0,82.0,BULL,BULL,BULL,False,,0.8,0.12,1.0
2021-09-16,7.0,5.0,5.0,4.0,4.0,1.0,25.0,4.0,3.0,0.0,0.0,1.0,7.000000000000001,10.0,8.0,7.0,1.0,25.0,9.0,6.0,6.0,0.0,1.0,21.0,78.0,BULL,BULL,BULL,False,,0.8,0.12,1.0
2021-09-17,7.0,5.0,5.0,4.0,4.0,1.0,25.0,4.0,3.0,0.0,0.0,1.0,7.000000000000001,5.0,8.0,7.0,1.0,20.0,9.0,6.0,6.0,0.0,1.0,21.0,73.0,BULL,BULL,BULL,False,,0.8,0.12,1.0
2021-09-20,7.0,0.0,5.0,4.0,4.0,1.0,20.0,8.0,3.0,0.0,5.0,1.0,16.0,2.0,0.0,7.0,1.0,9.0,9.0,6.0,6.0,0.0,1.0,21.0,66.0,BULL,BULL,BULL,False,,0.8,0.12,1.0
2021-09-21,7.0,0.0,5.0,4.0,4.0,1.0,20.0,4.0,3.0,0.0,0.0,1.0,7.000000000000001,2.0,4.0,7.0,1.0,13.0,9.0,6.0,6.0,0.0,1.0,21.0,61.0,NEUTRAL,BULL,BULL,False,,0.8,0.12,1.0
2021-09-22,7.0,0.0,5.0,4.0,4.0,1.0,20.0,4.0,3.0,0.0,0.0,1.0,7.000000000000001,5.0,8.0,7.0,1.0,20.0,9.0,6.0,6.0,0.0,1.0,21.0,68.0,BULL,BULL,BULL,False,,0.8,0.12,1.0
2021-09-23,7.0,5.0,5.0,4.0,4.0,1.0,25.0,4.0,3.0,0.0,0.0,1.0,7.000000000000001,10.0,8.0,7.0,1.0,25.0,9.0,6.0,6.0,0.0,1.0,21.0,78.0,BULL,BULL,BULL,False,,0.8,0.12,1.0
2021-09-24,7.0,5.0,5.0,4.0,4.0,1.0,25.0,4.0,3.0,0.0,0.0,1.0,7.000000000000001,10.0,8.0,7.0,1.0,25.0,9.0,6.0,6.0,0.0,1.0,21.0,78.0,BULL,BULL,BULL,False,,0.8,0.12,1.0
2021-09-27,7.0,5.0,5.0,4.0,0.0,1.0,21.0,8.0,3.0,0.0,5.0,1.0,16.0,10.0,8.0,7.0,1.0,25.0,9.0,6.0,6.0,0.0,1.0,21.0,83.0,BULL,BULL,BULL,False,,0.8,0.12,1.0
2021-09-28,7.0,0.0,5.0,4.0,0.0,1.0,16.0,8.0,3.0,6.0,5.0,1.0,22.0,2.0,0.0,7.0,1.0,9.0,9.0,6.0,6.0,0.0,1.0,21.0,68.0,BULL,BULL,BULL,False,,0.8,0.12,1.0
2021-09-29,7.0,0.0,5.0,4.0,0.0,1.0,16.0,8.0,6.0,6.0,5.0,1.0,25.0,5.0,8.0,7.0,1.0,20.0,9.0,6.0,6.0,0.0,1.0,21.0,82.0,STRONG_BULL,BULL,BULL,False,,0.8,0.12,1.0
2021-09-30,7.0,0.0,5.0,4.0,0.0,1.0,16.0,8.0,6.0,6.0,5.0,1.0,25.0,2.0,4.0,7.0,1.0,13.0,9.0,6.0,6.0,0.0,1.0,21.0,75.0,BULL,BULL,BULL,False,,0.8,0.12,1.0
2021-10-01,7.0,0.0,5.0,4.0,0.0,1.0,16.0,8.0,6.0,6.0,5.0,1.0,25.0,5.0,8.0,7.0,1.0,20.0,9.0,6.0,6.0,0.0,1.0,21.0,82.0,STRONG_BULL,BULL,BULL,False,,0.8,0.12,1.0
2021-10-04,7.0,0.0,5.0,4.0,0.0,1.0,16.0,8.0,6.0,6.0,5.0,1.0,25.0,2.0,4.0,7.0,1.0,13.0,9.0,6.0,6.0,0.0,1.0,21.0,75.0,BULL,BULL,BULL,False,,0.8,0.12,1.0
2021-10-05,7.0,0.0,5.0,0.0,0.0,1.0,12.0,8.0,6.0,6.0,5.0,1.0,25.0,5.0,8.0,7.0,1.0,20.0,9.0,6.0,6.0,0.0,1.0,21.0,78.0,BULL,BULL,BULL,False,,0.8,0.12,1.0
2021-10-06,7.0,0.0,5.0,0.0,0.0,1.0,12.0,8.0,6.0,6.0,5.0,1.0,25.0,5.0,8.0,7.0,1.0,20.0,9.0,6.0,6.0,0.0,1.0,21.0,78.0,BULL,BULL,BULL,False,,0.8,0.12,1.0
2021-10-07,7.0,5.0,5.0,0.0,0.0,1.0,17.0,8.0,6.0,6.0,5.0,1.0,25.0,5.0,8.0,7.0,1.0,20.0,9.0,6.0,6.0,0.0,1.0,21.0,83.0,STRONG_BULL,BULL,BULL,False,,0.8,0.12,1.0
2021-10-08,7.0,0.0,5.0,0.0,0.0,1.0,12.0,8.0,6.0,6.0,5.0,1.0,25.0,10.0,8.0,7.0,1.0,25.0,9.0,6.0,6.0,0.0,1.0,21.0,83.0,STRONG_BULL,STRONG_BULL,STRONG_BULL,False,,1.0,0.15,1.15
2021-10-11,7.0,0.0,5.0,0.0,0.0,1.0,12.0,8.0,6.0,6.0,5.0,1.0,25.0,5.0,8.0,7.0,1.0,20.0,9.0,6.0,6.0,0.0,1.0,21.0,78.0,BULL,STRONG_BULL,STRONG_BULL,False,,1.0,0.15,1.15
2021-10-12,7.0,0.0,5.0,0.0,0.0,1.0,12.0,8.0,6.0,6.0,5.0,1.0,25.0,5.0,8.0,7.0,1.0,20.0,9.0,6.0,0.0,0.0,1.0,15.0,72.0,BULL,BULL,BULL,False,,0.8,0.12,1.0
2021-10-13,7.0,0.0,5.0,0.0,0.0,1.0,12.0,8.0,6.0,6.0,5.0,1.0,25.0,10.0,8.0,7.0,1.0,25.0,9.0,6.0,6.0,0.0,1.0,21.0,83.0,STRONG_BULL,BULL,BULL,False,,0.8,0.12,1.0
2021-10-14,7.0,5.0,5.0,0.0,0.0,1.0,17.0,8.0,6.0,6.0,5.0,1.0,25.0,10.0,8.0,7.0,1.0,25.0,9.0,6.0,6.0,0.0,1.0,21.0,88.0,STRONG_BULL,STRONG_BULL,STRONG_BULL,False,,1.0,0.15,1.15
2021-10-15,7.0,5.0,5.0,0.0,0.0,1.0,17.0,8.0,6.0,6.0,5.0,1.0,25.0,10.0,8.0,7.0,1.0,25.0,9.0,6.0,6.0,0.0,1.0,21.0,88.0,STRONG_BULL,STRONG_BULL,STRONG_BULL,False,,1.0,0.15,1.15
2021-10-18,7.0,5.0,5.0,0.0,0.0,1.0,17.0,8.0,6.0,6.0,5.0,1.0,25.0,10.0,8.0,7.0,1.0,25.0,9.0,6.0,6.0,0.0,1.0,21.0,88.0,STRONG_BULL,STRONG_BULL,STRONG_BULL,False,,1.0,0.15,1.15
2021-10-19,7.0,5.0,5.0,0.0,0.0,1.0,17.0,8.0,6.0,6.0,5.0,1.0,25.0,10.0,8.0,7.0,1.0,25.0,9.0,6.0,0.0,0.0,1.0,15.0,82.0,STRONG_BULL,STRONG_BULL,STRONG_BULL,False,,1.0,0.15,1.15
2021-10-20,7.0,5.0,5.0,0.0,0.0,1.0,17.0,8.0,6.0,6.0,5.0,1.0,25.0,10.0,8.0,7.0,1.0,25.0,9.0,6.0,0.0,0.0,1.0,15.0,82.0,STRONG_BULL,STRONG_BULL,STRONG_BULL,False,,1.0,0.15,1.15
2021-10-21,7.0,5.0,5.0,4.0,0.0,1.0,21.0,8.0,6.0,6.0,5.0,1.0,25.0,10.0,8.0,7.0,1.0,25.0,9.0,6.0,6.0,0.0,1.0,21.0,92.0,STRONG_BULL,STRONG_BULL,STRONG_BULL,False,,1.0,0.15,1.15
2021-10-22,7.0,5.0,5.0,4.0,0.0,1.0,21.0,8.0,6.0,6.0,5.0,1.0,25.0,10.0,8.0,7.0,1.0,25.0,9.0,6.0,6.0,0.0,1.0,21.0,92.0,STRONG_BULL,STRONG_BULL,STRONG_BULL,False,,1.0,0.15,1.15
2021-10-25,7.0,5.0,5.0,4.0,0.0,1.0,21.0,8.0,6.0,6.0,5.0,1.0,25.0,10.0,8.0,7.0,1.0,25.0,9.0,0.0,6.0,0.0,1.0,15.0,86.0,STRONG_BULL,STRONG_BULL,STRONG_BULL,False,,1.0,0.15,1.15
2021-10-26,7.0,5.0,5.0,4.0,4.0,1.0,25.0,4.0,3.0,6.0,0.0,1.0,13.0,10.0,8.0,7.0,1.0,25.0,9.0,0.0,6.0,0.0,1.0,15.0,78.0,BULL,STRONG_BULL,STRONG_BULL,False,,1.0,0.15,1.15
2021-10-27,7.0,5.0,5.0,4.0,4.0,1.0,25.0,4.0,3.0,0.0,0.0,1.0,7.000000000000001,10.0,8.0,7.0,1.0,25.0,9.0,0.0,6.0,0.0,1.0,15.0,72.0,BULL,BULL,BULL,False,,0.8,0.12,1.0
2021-10-28,7.0,5.0,5.0,4.0,4.0,1.0,25.0,4.0,3.0,0.0,0.0,1.0,7.000000000000001,10.0,8.0,7.0,1.0,25.0,9.0,0.0,6.0,4.0,1.0,19.0,76.0,BULL,BULL,BULL,False,,0.8,0.12,1.0
2021-10-29,7.0,5.0,5.0,4.0,4.0,1.0,25.0,4.0,3.0,0.0,0.0,1.0,7.000000000000001,10.0,8.0,7.0,1.0,25.0,9.0,0.0,6.0,0.0,1.0,15.0,72.0,BULL,BULL,BULL,False,,0.8,0.12,1.0
2021-11-01,7.0,5.0,5.0,4.0,4.0,1.0,25.0,4.0,3.0,0.0,0.0,1.0,7.000000000000001,10.0,8.0,7.0,1.0,25.0,9.0,0.0,6.0,0.0,1.0,15.0,72.0,BULL,BULL,BULL,False,,0.8,0.12,1.0
2021-11-02,7.0,5.0,5.0,4.0,4.0,1.0,25.0,4.0,3.0,0.0,0.0,1.0,7.000000000000001,10.0,8.0,7.0,1.0,25.0,9.0,6.0,6.0,0.0,1.0,21.0,78.0,BULL,BULL,BULL,False,,0.8,0.12,1.0
2021-11-03,7.0,5.0,5.0,4.0,4.0,1.0,25.0,4.0,3.0,0.0,0.0,1.0,7.000000000000001,10.0,8.0,7.0,1.0,25.0,9.0,6.0,6.0,0.0,1.0,21.0,78.0,BULL,BULL,BULL,False,,0.8,0.12,1.0
2021-11-04,7.0,5.0,5.0,4.0,4.0,1.0,25.0,4.0,3.0,0.0,0.0,1.0,7.000000000000001,10.0,8.0,7.0,1.0,25.0,9.0,6.0,6.0,0.0,1.0,21.0,78.0,BULL,BULL,BULL,False,,0.8,0.12,1.0
2021-11-05,7.0,5.0,5.0,4.0,4.0,1.0,25.0,4.0,3.0,0.0,0.0,1.0,7.000000000000001,10.0,8.0,7.0,1.0,25.0,9.0,6.0,6.0,0.0,1.0,21.0,78.0,BULL,BULL,BULL,False,,0.8,0.12,1.0
2021-11-08,7.0,5.0,5.0,4.0,4.0,1.0,25.0,4.0,3.0,0.0,0.0,1.0,7.000000000000001,10.0,8.0,7.0,1.0,25.0,9.0,6.0,6.0,0.0,1.0,21.0,78.0,BULL,BULL,BULL,False,,0.8,0.12,1.0
2021-11-09,7.0,5.0,5.0,4.0,4.0,1.0,25.0,4.0,3.0,0.0,0.0,1.0,7.000000000000001,10.0,8.0,7.0,1.0,25.0,9.0,6.0,6.0,0.0,1.0,21.0,78.0,BULL,BULL,BULL,False,,0.8,0.12,1.0
2021-11-10,7.0,5.0,5.0,4.0,4.0,1.0,25.0,4.0,3.0,0.0,0.0,1.0,7.000000000000001,5.0,8.0,7.0,1.0,20.0,9.0,6.0,6.0,0.0,1.0,21.0,73.0,BULL,BULL,BULL,False,,0.8,0.12,1.0
2021-11-11,7.0,5.0,5.0,4.0,4.0,1.0,25.0,4.0,3.0,0.0,0.0,1.0,7.000000000000001,10.0,8.0,7.0,1.0,25.0,9.0,6.0,6.0,0.0,1.0,21.0,78.0,BULL,BULL,BULL,False,,0.8,0.12,1.0
2021-11-12,7.0,5.0,5.0,4.0,4.0,1.0,25.0,4.0,3.0,0.0,0.0,1.0,7.000000000000001,10.0,8.0,7.0,1.0,25.0,9.0,6.0,6.0,0.0,1.0,21.0,78.0,BULL,BULL,BULL,False,,0.8,0.12,1.0
2021-11-15,7.0,5.0,5.0,4.0,4.0,1.0,25.0,4.0,6.0,0.0,0.0,1.0,10.0,10.0,8.0,7.0,1.0,25.0,9.0,6.0,6.0,0.0,1.0,21.0,81.0,BULL,BULL,BULL,False,,0.8,0.12,1.0
2021-11-16,7.0,5.0,5.0,4.0,4.0,1.0,25.0,4.0,6.0,0.0,0.0,1.0,10.0,10.0,8.0,7.0,1.0,25.0,9.0,6.0,6.0,0.0,1.0,21.0,81.0,BULL,BULL,BULL,False,,0.8,0.12,1.0
2021-11-17,7.0,5.0,5.0,4.0,4.0,1.0,25.0,4.0,3.0,0.0,0.0,1.0,7.000000000000001,10.0,8.0,7.0,1.0,25.0,9.0,6.0,6.0,0.0,1.0,21.0,78.0,BULL,BULL,BULL,False,,0.8,0.12,1.0
2021-11-18,7.0,5.0,5.0,4.0,4.0,1.0,25.0,4.0,3.0,0.0,0.0,1.0,7.000000000000001,10.0,8.0,7.0,1.0,25.0,9.0,6.0,6.0,0.0,1.0,21.0,78.0,BULL,BULL,BULL,False,,0.8,0.12,1.0
2021-11-19,7.0,5.0,5.0,4.0,4.0,1.0,25.0,4.0,3.0,0.0,0.0,1.0,7.000000000000001,10.0,8.0,7.0,1.0,25.0,0.0,0.0,6.0,0.0,1.0,6.0,63.0,NEUTRAL,BULL,BULL,False,,0.8,0.12,1.0
2021-11-22,7.0,5.0,5.0,4.0,4.0,1.0,25.0,4.0,3.0,0.0,0.0,1.0,7.000000000000001,5.0,8.0,7.0,1.0,20.0,9.0,0.0,6.0,0.0,1.0,15.0,67.0,BULL,BULL,BULL,False,,0.8,0.12,1.0
2021-11-23,7.0,5.0,5.0,4.0,4.0,1.0,25.0,4.0,3.0,0.0,0.0,1.0,7.000000000000001,5.0,8.0,7.0,1.0,20.0,9.0,0.0,6.0,0.0,1.0,15.0,67.0,BULL,BULL,BULL,False,,0.8,0.12,1.0
2021-11-24,7.0,5.0,5.0,4.0,4.0,1.0,25.0,4.0,3.0,0.0,0.0,1.0,7.000000000000001,5.0,8.0,7.0,1.0,20.0,0.0,6.0,6.0,0.0,1.0,12.0,64.0,NEUTRAL,BULL,BULL,False,,0.8,0.12,1.0
2021-11-26,7.0,5.0,5.0,4.0,4.0,1.0,25.0,4.0,3.0,0.0,0.0,1.0,7.000000000000001,0.0,0.0,7.0,1.0,7.000000000000001,0.0,0.0,6.0,0.0,1.0,6.0,45.0,NEUTRAL,NEUTRAL,CRISIS,True,VIX_PCTL_EXTREME|VIX_SPIKE,0.0,0.0,0.0
2021-11-29,7.0,5.0,5.0,4.0,4.0,1.0,25.0,4.0,3.0,0.0,0.0,1.0,7.000000000000001,2.0,8.0,7.0,1.0,17.0,0.0,0.0,6.0,0.0,1.0,6.0,55.0,NEUTRAL,NEUTRAL,NEUTRAL,False,,0.5,0.08,0.7
2021-11-30,7.0,0.0,5.0,4.0,4.0,1.0,20.0,4.0,3.0,0.0,0.0,1.0,7.000000000000001,0.0,0.0,7.0,1.0,7.000000000000001,0.0,0.0,6.0,0.0,1.0,6.0,40.0,CAUTION,NEUTRAL,CRISIS,True,VIX_PCTL_EXTREME,0.0,0.0,0.0
2021-12-01,7.0,0.0,5.0,4.0,4.0,1.0,20.0,4.0,3.0,0.0,0.0,1.0,7.000000000000001,0.0,0.0,7.0,1.0,7.000000000000001,0.0,0.0,6.0,0.0,1.0,6.0,40.0,CAUTION,CAUTION,CRISIS,True,VIX_PCTL_EXTREME|TERM_BACKWARDATION,0.0,0.0,0.0
2021-12-02,7.0,5.0,5.0,4.0,4.0,1.0,25.0,4.0,3.0,0.0,0.0,1.0,7.000000000000001,0.0,4.0,7.0,1.0,11.0,0.0,0.0,6.0,0.0,1.0,6.0,49.0,NEUTRAL,CAUTION,CRISIS,True,VIX_PCTL_EXTREME,0.0,0.0,0.0
2021-12-03,7.0,0.0,5.0,4.0,0.0,1.0,16.0,4.0,3.0,0.0,0.0,1.0,7.000000000000001,0.0,4.0,7.0,1.0,11.0,0.0,0.0,6.0,0.0,1.0,6.0,40.0,CAUTION,CAUTION,CRISIS,True,VIX_PCTL_EXTREME,0.0,0.0,0.0
2021-12-06,7.0,5.0,5.0,4.0,0.0,1.0,21.0,4.0,3.0,0.0,0.0,1.0,7.000000000000001,0.0,8.0,7.0,1.0,15.0,0.0,0.0,6.0,0.0,1.0,6.0,49.0,NEUTRAL,CAUTION,CAUTION,False,,0.25,0.05,0.4
2021-12-07,7.0,5.0,5.0,4.0,4.0,1.0,25.0,4.0,3.0,0.0,0.0,1.0,7.000000000000001,2.0,8.0,7.0,1.0,17.0,0.0,0.0,6.0,0.0,1.0,6.0,55.0,NEUTRAL,NEUTRAL,NEUTRAL,False,,0.5,0.08,0.7
2021-12-08,7.0,5.0,5.0,4.0,4.0,1.0,25.0,4.0,3.0,0.0,0.0,1.0,7.000000000000001,5.0,8.0,7.0,1.0,20.0,9.0,0.0,6.0,0.0,1.0,15.0,67.0,BULL,NEUTRAL,NEUTRAL,False,,0.5,0.08,0.7
2021-12-09,7.0,5.0,5.0,4.0,4.0,1.0,25.0,4.0,3.0,0.0,0.0,1.0,7.000000000000001,2.0,8.0,7.0,1.0,17.0,0.0,0.0,6.0,0.0,1.0,6.0,55.0,NEUTRAL,NEUTRAL,NEUTRAL,False,,0.5,0.08,0.7
2021-12-10,7.0,5.0,5.0,4.0,4.0,1.0,25.0,4.0,3.0,0.0,0.0,1.0,7.000000000000001,5.0,8.0,7.0,1.0,20.0,0.0,0.0,6.0,0.0,1.0,6.0,58.0,NEUTRAL,NEUTRAL,NEUTRAL,False,,0.5,0.08,0.7
2021-12-13,7.0,5.0,5.0,4.0,0.0,1.0,21.0,4.0,3.0,0.0,0.0,1.0,7.000000000000001,5.0,8.0,7.0,1.0,20.0,0.0,0.0,6.0,0.0,1.0,6.0,54.0,NEUTRAL,NEUTRAL,NEUTRAL,False,,0.5,0.08,0.7
2021-12-14,7.0,5.0,5.0,4.0,0.0,1.0,21.0,4.0,3.0,0.0,0.0,1.0,7.000000000000001,2.0,8.0,7.0,1.0,17.0,0.0,0.0,6.0,0.0,1.0,6.0,51.0,NEUTRAL,NEUTRAL,NEUTRAL,False,,0.5,0.08,0.7
2021-12-15,7.0,5.0,5.0,4.0,0.0,1.0,21.0,4.0,3.0,0.0,0.0,1.0,7.000000000000001,5.0,8.0,3.0,1.0,16.0,0.0,0.0,6.0,0.0,1.0,6.0,50.0,NEUTRAL,NEUTRAL,NEUTRAL,False,,0.5,0.08,0.7
2021-12-16,7.0,5.0,5.0,4.0,0.0,1.0,21.0,4.0,3.0,0.0,0.0,1.0,7.000000000000001,5.0,8.0,3.0,1.0,16.0,0.0,0.0,6.0,0.0,1.0,6.0,50.0,NEUTRAL,NEUTRAL,NEUTRAL,False,,0.5,0.08,0.7
2021-12-17,7.0,5.0,5.0,4.0,0.0,1.0,21.0,4.0,3.0,0.0,0.0,1.0,7.000000000000001,2.0,8.0,3.0,1.0,13.0,0.0,0.0,6.0,0.0,1.0,6.0,47.0,NEUTRAL,NEUTRAL,NEUTRAL,False,,0.5,0.08,0.7
2021-12-20,7.0,0.0,5.0,4.0,0.0,1.0,16.0,4.0,3.0,0.0,0.0,1.0,7.000000000000001,2.0,8.0,3.0,1.0,13.0,0.0,0.0,6.0,0.0,1.0,6.0,42.0,CAUTION,NEUTRAL,NEUTRAL,False,,0.5,0.08,0.7
2021-12-21,7.0,5.0,5.0,4.0,0.0,1.0,21.0,4.0,3.0,0.0,0.0,1.0,7.000000000000001,5.0,8.0,3.0,1.0,16.0,9.0,0.0,6.0,0.0,1.0,15.0,59.0,NEUTRAL,NEUTRAL,NEUTRAL,False,,0.5,0.08,0.7
2021-12-22,7.0,5.0,5.0,4.0,0.0,1.0,21.0,4.0,3.0,0.0,0.0,1.0,7.000000000000001,5.0,8.0,3.0,1.0,16.0,9.0,0.0,6.0,0.0,1.0,15.0,59.0,NEUTRAL,NEUTRAL,NEUTRAL,False,,0.5,0.08,0.7
2021-12-23,7.0,5.0,5.0,4.0,0.0,1.0,21.0,4.0,3.0,0.0,0.0,1.0,7.000000000000001,10.0,8.0,3.0,1.0,21.0,9.0,0.0,6.0,0.0,1.0,15.0,64.0,NEUTRAL,NEUTRAL,NEUTRAL,False,,0.5,0.08,0.7
2021-12-27,7.0,5.0,5.0,4.0,0.0,1.0,21.0,4.0,3.0,0.0,0.0,1.0,7.000000000000001,10.0,8.0,3.0,1.0,21.0,9.0,0.0,6.0,0.0,1.0,15.0,64.0,NEUTRAL,NEUTRAL,NEUTRAL,False,,0.5,0.08,0.7
2021-12-28,7.0,5.0,5.0,4.0,0.0,1.0,21.0,8.0,3.0,0.0,5.0,1.0,16.0,10.0,8.0,3.0,1.0,21.0,9.0,0.0,6.0,0.0,1.0,15.0,73.0,BULL,NEUTRAL,NEUTRAL,False,,0.5,0.08,0.7
2021-12-29,7.0,5.0,5.0,4.0,0.0,1.0,21.0,8.0,3.0,0.0,5.0,1.0,16.0,10.0,8.0,7.0,1.0,25.0,9.0,0.0,6.0,0.0,1.0,15.0,77.0,BULL,BULL,BULL,False,,0.8,0.12,1.0
2021-12-30,7.0,5.0,5.0,4.0,0.0,1.0,21.0,8.0,3.0,6.0,5.0,1.0,22.0,10.0,8.0,7.0,1.0,25.0,9.0,0.0,6.0,0.0,1.0,15.0,83.0,STRONG_BULL,BULL,BULL,False,,0.8,0.12,1.0
2021-12-31,7.0,5.0,5.0,4.0,0.0,1.0,21.0,8.0,3.0,6.0,5.0,1.0,22.0,10.0,8.0,7.0,1.0,25.0,9.0,0.0,6.0,0.0,1.0,15.0,83.0,STRONG_BULL,STRONG_BULL,STRONG_BULL,False,,1.0,0.15,1.15
2022-01-03,7.0,5.0,5.0,4.0,0.0,1.0,21.0,8.0,3.0,6.0,5.0,1.0,22.0,10.0,8.0,7.0,1.0,25.0,9.0,6.0,6.0,0.0,1.0,21.0,89.0,STRONG_BULL,STRONG_BULL,STRONG_BULL,False,,1.0,0.15,1.15
2022-01-04,7.0,5.0,5.0,4.0,0.0,1.0,21.0,8.0,3.0,6.0,5.0,1.0,22.0,10.0,8.0,7.0,1.0,25.0,9.0,0.0,6.0,0.0,1.0,15.0,83.0,STRONG_BULL,STRONG_BULL,STRONG_BULL,False,,1.0,0.15,1.15
2022-01-05,7.0,5.0,5.0,4.0,0.0,1.0,21.0,8.0,3.0,6.0,5.0,1.0,22.0,5.0,8.0,7.0,1.0,20.0,9.0,0.0,6.0,0.0,1.0,15.0,78.0,BULL,STRONG_BULL,STRONG_BULL,False,,1.0,0.15,1.15
2022-01-06,7.0,5.0,5.0,4.0,0.0,1.0,21.0,8.0,3.0,6.0,5.0,1.0,22.0,5.0,8.0,7.0,1.0,20.0,9.0,0.0,6.0,0.0,1.0,15.0,78.0,BULL,BULL,BULL,False,,0.8,0.12,1.0
2022-01-07,7.0,5.0,5.0,4.0,0.0,1.0,21.0,8.0,3.0,6.0,5.0,1.0,22.0,5.0,8.0,7.0,1.0,20.0,9.0,0.0,6.0,0.0,1.0,15.0,78.0,BULL,BULL,BULL,False,,0.8,0.12,1.0
2022-01-10,7.0,5.0,5.0,4.0,0.0,1.0,21.0,8.0,3.0,6.0,5.0,1.0,22.0,5.0,8.0,7.0,1.0,20.0,9.0,0.0,6.0,0.0,1.0,15.0,78.0,BULL,BULL,BULL,False,,0.8,0.12,1.0
2022-01-11,7.0,5.0,5.0,4.0,0.0,1.0,21.0,8.0,3.0,6.0,5.0,1.0,22.0,5.0,8.0,7.0,1.0,20.0,9.0,6.0,0.0,4.0,1.0,19.0,82.0,STRONG_BULL,BULL,BULL,False,,0.8,0.12,1.0
2022-01-12,7.0,5.0,5.0,4.0,0.0,1.0,21.0,8.0,3.0,6.0,5.0,1.0,22.0,10.0,8.0,7.0,1.0,25.0,9.0,0.0,6.0,4.0,1.0,19.0,87.0,STRONG_BULL,STRONG_BULL,STRONG_BULL,False,,1.0,0.15,1.15
2022-01-13,7.0,5.0,5.0,4.0,0.0,1.0,21.0,8.0,6.0,6.0,5.0,1.0,25.0,5.0,8.0,7.0,1.0,20.0,9.0,6.0,6.0,4.0,1.0,25.0,91.0,STRONG_BULL,STRONG_BULL,STRONG_BULL,False,,1.0,0.15,1.15
2022-01-14,7.0,5.0,5.0,4.0,0.0,1.0,21.0,8.0,3.0,6.0,5.0,1.0,22.0,5.0,8.0,7.0,1.0,20.0,9.0,6.0,0.0,4.0,1.0,19.0,82.0,STRONG_BULL,STRONG_BULL,STRONG_BULL,False,,1.0,0.15,1.15
2022-01-18,7.0,0.0,5.0,4.0,0.0,1.0,16.0,8.0,3.0,6.0,5.0,1.0,22.0,2.0,4.0,7.0,1.0,13.0,9.0,0.0,0.0,4.0,1.0,13.0,64.0,NEUTRAL,STRONG_BULL,STRONG_BULL,False,,1.0,0.15,1.15
2022-01-19,7.0,0.0,5.0,4.0,0.0,1.0,16.0,8.0,3.0,6.0,5.0,1.0,22.0,0.0,8.0,7.0,1.0,15.0,9.0,0.0,0.0,4.0,1.0,13.0,66.0,BULL,STRONG_BULL,STRONG_BULL,False,,1.0,0.15,1.15
2022-01-20,7.0,0.0,5.0,4.0,0.0,1.0,16.0,8.0,3.0,6.0,5.0,1.0,22.0,0.0,4.0,7.0,1.0,11.0,9.0,0.0,0.0,4.0,1.0,13.0,62.0,NEUTRAL,STRONG_BULL,STRONG_BULL,False,,1.0,0.15,1.15
2022-01-21,7.0,0.0,5.0,4.0,0.0,1.0,16.0,8.0,6.0,6.0,5.0,1.0,25.0,0.0,0.0,7.0,1.0,7.000000000000001,9.0,0.0,6.0,4.0,1.0,19.0,67.0,BULL,STRONG_BULL,CRISIS,True,VIX_PCTL_EXTREME,0.0,0.0,0.0
2022-01-24,7.0,0.0,5.0,4.0,0.0,1.0,16.0,8.0,6.0,6.0,5.0,1.0,25.0,0.0,0.0,7.0,1.0,7.000000000000001,9.0,0.0,6.0,4.0,1.0,19.0,67.0,BULL,BULL,CRISIS,True,VIX_PCTL_EXTREME|TERM_BACKWARDATION,0.0,0.0,0.0
2022-01-25,0.0,0.0,5.0,4.0,0.0,1.0,9.0,8.0,6.0,6.0,5.0,1.0,25.0,0.0,0.0,7.0,1.0,7.000000000000001,9.0,0.0,0.0,4.0,1.0,13.0,54.0,NEUTRAL,BULL,CRISIS,True,VIX_PCTL_EXTREME|TERM_BACKWARDATION,0.0,0.0,0.0
2022-01-26,0.0,0.0,5.0,0.0,0.0,1.0,5.0,8.0,6.0,6.0,5.0,1.0,25.0,0.0,0.0,7.0,1.0,7.000000000000001,9.0,0.0,0.0,0.0,1.0,9.0,46.0,NEUTRAL,NEUTRAL,CRISIS,True,VIX_PCTL_EXTREME|TERM_BACKWARDATION,0.0,0.0,0.0
2022-01-27,0.0,0.0,5.0,0.0,0.0,1.0,5.0,8.0,6.0,6.0,5.0,1.0,25.0,0.0,0.0,7.0,1.0,7.000000000000001,0.0,0.0,6.0,0.0,1.0,6.0,43.0,CAUTION,NEUTRAL,CRISIS,True,VIX_PCTL_EXTREME,0.0,0.0,0.0
2022-01-28,7.0,0.0,5.0,0.0,0.0,1.0,12.0,8.0,6.0,6.0,5.0,1.0,25.0,0.0,4.0,7.0,1.0,11.0,0.0,0.0,6.0,0.0,1.0,6.0,54.0,NEUTRAL,NEUTRAL,NEUTRAL,False,,0.5,0.08,0.7
2022-01-31,7.0,0.0,5.0,0.0,0.0,1.0,12.0,8.0,6.0,6.0,5.0,1.0,25.0,0.0,8.0,3.0,1.0,11.0,0.0,0.0,6.0,0.0,1.0,6.0,54.0,NEUTRAL,NEUTRAL,NEUTRAL,False,,0.5,0.08,0.7
2022-02-01,7.0,0.0,5.0,0.0,0.0,1.0,12.0,8.0,6.0,6.0,5.0,1.0,25.0,2.0,8.0,3.0,1.0,13.0,9.0,0.0,6.0,0.0,1.0,15.0,65.0,BULL,NEUTRAL,NEUTRAL,False,,0.5,0.08,0.7
2022-02-02,7.0,5.0,5.0,0.0,0.0,1.0,17.0,8.0,6.0,6.0,5.0,1.0,25.0,2.0,8.0,3.0,1.0,13.0,9.0,0.0,6.0,4.0,1.0,19.0,74.0,BULL,BULL,BULL,False,,0.8,0.12,1.0
2022-02-03,7.0,0.0,5.0,0.0,0.0,1.0,12.0,8.0,6.0,6.0,5.0,1.0,25.0,0.0,8.0,3.0,1.0,11.0,0.0,0.0,6.0,4.0,1.0,10.0,58.0,NEUTRAL,BULL,BULL,False,,0.8,0.12,1.0
2022-02-04,7.0,0.0,5.0,0.0,0.0,1.0,12.0,8.0,6.0,6.0,5.0,1.0,25.0,2.0,8.0,3.0,1.0,13.0,9.0,0.0,6.0,4.0,1.0,19.0,69.0,BULL,BULL,BULL,False,,0.8,0.12,1.0
2022-02-07,7.0,0.0,5.0,0.0,0.0,1.0,12.0,8.0,6.0,6.0,5.0,1.0,25.0,2.0,8.0,3.0,1.0,13.0,9.0,0.0,6.0,4.0,1.0,19.0,69.0,BULL,BULL,BULL,False,,0.8,0.12,1.0
2022-02-08,7.0,0.0,5.0,0.0,0.0,1.0,12.0,8.0,6.0,6.0,5.0,1.0,25.0,2.0,8.0,3.0,1.0,13.0,9.0,0.0,6.0,4.0,1.0,19.0,69.0,BULL,BULL,BULL,False,,0.8,0.12,1.0
2022-02-09,7.0,5.0,5.0,0.0,0.0,1.0,17.0,8.0,6.0,6.0,5.0,1.0,25.0,5.0,8.0,3.0,1.0,16.0,9.0,0.0,6.0,4.0,1.0,19.0,77.0,BULL,BULL,BULL,False,,0.8,0.12,1.0
2022-02-10,7.0,0.0,5.0,0.0,0.0,1.0,12.0,8.0,6.0,6.0,5.0,1.0,25.0,2.0,8.0,3.0,1.0,13.0,9.0,0.0,0.0,4.0,1.0,13.0,63.0,NEUTRAL,BULL,BULL,False,,0.8,0.12,1.0
2022-02-11,7.0,0.0,5.0,0.0,0.0,1.0,12.0,8.0,6.0,6.0,5.0,1.0,25.0,0.0,8.0,3.0,1.0,11.0,0.0,6.0,6.0,0.0,1.0,12.0,60.0,NEUTRAL,NEUTRAL,NEUTRAL,False,,0.5,0.08,0.7
2022-02-14,7.0,0.0,5.0,0.0,0.0,1.0,12.0,8.0,6.0,6.0,5.0,1.0,25.0,0.0,8.0,3.0,1.0,11.0,0.0,6.0,6.0,0.0,1.0,12.0,60.0,NEUTRAL,NEUTRAL,CRISIS,True,VIX_PCTL_EXTREME,0.0,0.0,0.0
2022-02-15,7.0,0.0,5.0,0.0,0.0,1.0,12.0,8.0,6.0,6.0,5.0,1.0,25.0,0.0,8.0,3.0,1.0,11.0,0.0,6.0,6.0,4.0,1.0,16.0,64.0,NEUTRAL,NEUTRAL,NEUTRAL,False,,0.5,0.08,0.7
2022-02-16,7.0,0.0,5.0,0.0,0.0,1.0,12.0,8.0,6.0,6.0,5.0,1.0,25.0,2.0,8.0,3.0,1.0,13.0,9.0,6.0,6.0,4.0,1.0,25.0,75.0,BULL,NEUTRAL,NEUTRAL,False,,0.5,0.08,0.7
2022-02-17,0.0,0.0,5.0,0.0,0.0,1.0,5.0,8.0,6.0,6.0,5.0,1.0,25.0,0.0,8.0,3.0,1.0,11.0,0.0,6.0,6.0,4.0,1.0,16.0,57.0,NEUTRAL,NEUTRAL,CRISIS,True,VIX_PCTL_EXTREME,0.0,0.0,0.0
2022-02-18,0.0,0.0,5.0,0.0,0.0,1.0,5.0,8.0,6.0,6.0,5.0,1.0,25.0,0.0,8.0,3.0,1.0,11.0,0.0,6.0,6.0,0.0,1.0,12.0,53.0,NEUTRAL,NEUTRAL,NEUTRAL,False,,0.5,0.08,0.7
2022-02-22,0.0,0.0,5.0,0.0,0.0,1.0,5.0,8.0,6.0,6.0,5.0,1.0,25.0,0.0,4.0,3.0,1.0,7.000000000000001,0.0,6.0,6.0,0.0,1.0,12.0,49.0,NEUTRAL,NEUTRAL,CRISIS,True,VIX_PCTL_EXTREME,0.0,0.0,0.0
2022-02-23,0.0,0.0,5.0,0.0,0.0,1.0,5.0,8.0,6.0,6.0,5.0,1.0,25.0,0.0,4.0,3.0,1.0,7.000000000000001,0.0,6.0,6.0,0.0,1.0,12.0,49.0,NEUTRAL,NEUTRAL,CRISIS,True,VIX_PCTL_EXTREME,0.0,0.0,0.0
2022-02-24,0.0,0.0,5.0,0.0,0.0,1.0,5.0,8.0,6.0,6.0,5.0,1.0,25.0,0.0,4.0,3.0,1.0,7.000000000000001,0.0,6.0,6.0,0.0,1.0,12.0,49.0,NEUTRAL,NEUTRAL,CRISIS,True,VIX_PCTL_EXTREME,0.0,0.0,0.0
2022-02-25,7.0,0.0,5.0,0.0,0.0,1.0,12.0,8.0,6.0,6.0,5.0,1.0,25.0,0.0,8.0,3.0,1.0,11.0,9.0,6.0,6.0,0.0,1.0,21.0,69.0,BULL,NEUTRAL,NEUTRAL,False,,0.5,0.08,0.7
2022-02-28,0.0,0.0,5.0,0.0,0.0,1.0,5.0,8.0,6.0,6.0,5.0,1.0,25.0,0.0,0.0,3.0,1.0,3.0,0.0,6.0,6.0,0.0,1.0,12.0,45.0,NEUTRAL,NEUTRAL,CRISIS,True,VIX_PCTL_EXTREME,0.0,0.0,0.0
2022-03-01,0.0,0.0,5.0,0.0,0.0,1.0,5.0,8.0,6.0,6.0,5.0,1.0,25.0,0.0,0.0,3.0,1.0,3.0,0.0,6.0,6.0,0.0,1.0,12.0,45.0,NEUTRAL,NEUTRAL,CRISIS,True,VIX_PCTL_EXTREME,0.0,0.0,0.0
2022-03-02,7.0,0.0,5.0,0.0,0.0,1.0,12.0,8.0,6.0,6.0,5.0,1.0,25.0,0.0,4.0,3.0,1.0,7.000000000000001,0.0,6.0,6.0,0.0,1.0,12.0,56.0,NEUTRAL,NEUTRAL,CRISIS,True,VIX_PCTL_EXTREME,0.0,0.0,0.0
2022-03-03,0.0,0.0,5.0,0.0,0.0,1.0,5.0,8.0,6.0,6.0,5.0,1.0,25.0,0.0,4.0,3.0,1.0,7.000000000000001,0.0,6.0,6.0,0.0,1.0,12.0,49.0,NEUTRAL,NEUTRAL,CRISIS,True,VIX_PCTL_EXTREME,0.0,0.0,0.0
2022-03-04,0.0,0.0,5.0,0.0,0.0,1.0,5.0,8.0,6.0,6.0,5.0,1.0,25.0,0.0,4.0,3.0,1.0,7.000000000000001,0.0,6.0,6.0,0.0,1.0,12.0,49.0,NEUTRAL,NEUTRAL,CRISIS,True,VIX_PCTL_EXTREME,0.0,0.0,0.0
2022-03-07,0.0,0.0,5.0,0.0,0.0,1.0,5.0,8.0,6.0,6.0,5.0,1.0,25.0,0.0,0.0,3.0,1.0,3.0,0.0,6.0,6.0,0.0,1.0,12.0,45.0,NEUTRAL,NEUTRAL,CRISIS,True,VIX_PCTL_EXTREME,0.0,0.0,0.0
2022-03-08,0.0,0.0,5.0,0.0,0.0,1.0,5.0,8.0,6.0,6.0,5.0,1.0,25.0,0.0,0.0,3.0,1.0,3.0,0.0,6.0,6.0,0.0,1.0,12.0,45.0,NEUTRAL,NEUTRAL,CRISIS,True,VIX_PCTL_EXTREME,0.0,0.0,0.0
2022-03-09,0.0,0.0,5.0,0.0,0.0,1.0,5.0,8.0,6.0,6.0,5.0,1.0,25.0,0.0,0.0,3.0,1.0,3.0,0.0,6.0,6.0,0.0,1.0,12.0,45.0,NEUTRAL,NEUTRAL,CRISIS,True,VIX_PCTL_EXTREME,0.0,0.0,0.0
2022-03-10,0.0,0.0,5.0,0.0,0.0,1.0,5.0,8.0,6.0,6.0,5.0,1.0,25.0,0.0,4.0,3.0,1.0,7.000000000000001,0.0,6.0,6.0,0.0,1.0,12.0,49.0,NEUTRAL,NEUTRAL,NEUTRAL,False,,0.5,0.08,0.7
2022-03-11,0.0,0.0,5.0,0.0,0.0,1.0,5.0,8.0,6.0,6.0,5.0,1.0,25.0,0.0,8.0,3.0,1.0,11.0,0.0,6.0,6.0,0.0,1.0,12.0,53.0,NEUTRAL,NEUTRAL,CRISIS,True,VIX_PCTL_EXTREME,0.0,0.0,0.0
2022-03-14,0.0,0.0,5.0,0.0,0.0,1.0,5.0,8.0,6.0,6.0,5.0,1.0,25.0,0.0,0.0,3.0,1.0,3.0,0.0,6.0,6.0,0.0,1.0,12.0,45.0,NEUTRAL,NEUTRAL,CRISIS,True,VIX_PCTL_EXTREME,0.0,0.0,0.0
2022-03-15,0.0,0.0,5.0,0.0,0.0,1.0,5.0,8.0,6.0,6.0,5.0,1.0,25.0,0.0,4.0,3.0,1.0,7.000000000000001,0.0,6.0,6.0,0.0,1.0,12.0,49.0,NEUTRAL,NEUTRAL,NEUTRAL,False,,0.5,0.08,0.7
2022-03-16,0.0,0.0,5.0,0.0,0.0,1.0,5.0,8.0,6.0,6.0,5.0,1.0,25.0,2.0,8.0,3.0,1.0,13.0,9.0,6.0,6.0,0.0,1.0,21.0,64.0,NEUTRAL,NEUTRAL,NEUTRAL,False,,0.5,0.08,0.7
2022-03-17,7.0,5.0,5.0,0.0,0.0,1.0,17.0,8.0,6.0,6.0,5.0,1.0,25.0,2.0,8.0,3.0,1.0,13.0,9.0,6.0,6.0,0.0,1.0,21.0,76.0,BULL,NEUTRAL,NEUTRAL,False,,0.5,0.08,0.7
2022-03-18,7.0,5.0,5.0,0.0,0.0,1.0,17.0,4.0,6.0,6.0,0.0,1.0,16.0,2.0,8.0,3.0,1.0,13.0,9.0,6.0,6.0,0.0,1.0,21.0,67.0,BULL,BULL,BULL,False,,0.8,0.12,1.0
2022-03-21,7.0,5.0,5.0,0.0,0.0,1.0,17.0,4.0,6.0,6.0,0.0,1.0,16.0,2.0,8.0,3.0,1.0,13.0,9.0,6.0,0.0,0.0,1.0,15.0,61.0,NEUTRAL,BULL,BULL,False,,0.8,0.12,1.0
2022-03-22,7.0,5.0,5.0,0.0,4.0,1.0,21.0,4.0,6.0,6.0,0.0,1.0,16.0,2.0,8.0,3.0,1.0,13.0,9.0,6.0,0.0,0.0,1.0,15.0,65.0,BULL,BULL,BULL,False,,0.8,0.12,1.0
2022-03-23,7.0,5.0,5.0,0.0,4.0,1.0,21.0,4.0,6.0,0.0,0.0,1.0,10.0,2.0,8.0,3.0,1.0,13.0,9.0,6.0,0.0,0.0,1.0,15.0,59.0,NEUTRAL,BULL,BULL,False,,0.8,0.12,1.0
2022-03-24,7.0,5.0,5.0,0.0,4.0,1.0,21.0,4.0,6.0,0.0,0.0,1.0,10.0,2.0,8.0,3.0,1.0,13.0,9.0,0.0,0.0,0.0,1.0,9.0,53.0,NEUTRAL,NEUTRAL,NEUTRAL,False,,0.5,0.08,0.7
2022-03-25,7.0,5.0,5.0,0.0,4.0,1.0,21.0,4.0,6.0,0.0,0.0,1.0,10.0,5.0,8.0,3.0,1.0,16.0,9.0,0.0,0.0,0.0,1.0,9.0,56.0,NEUTRAL,NEUTRAL,NEUTRAL,False,,0.5,0.08,0.7
2022-03-28,7.0,5.0,5.0,0.0,4.0,1.0,21.0,4.0,6.0,0.0,0.0,1.0,10.0,5.0,8.0,3.0,1.0,16.0,9.0,0.0,0.0,0.0,1.0,9.0,56.0,NEUTRAL,NEUTRAL,NEUTRAL,False,,0.5,0.08,0.7
2022-03-29,7.0,5.0,5.0,0.0,4.0,1.0,21.0,4.0,6.0,0.0,0.0,1.0,10.0,5.0,8.0,3.0,1.0,16.0,9.0,0.0,0.0,0.0,1.0,9.0,56.0,NEUTRAL,NEUTRAL,NEUTRAL,False,,0.5,0.08,0.7
2022-03-30,7.0,5.0,5.0,0.0,4.0,1.0,21.0,4.0,6.0,0.0,0.0,1.0,10.0,5.0,8.0,3.0,1.0,16.0,9.0,0.0,0.0,0.0,1.0,9.0,56.0,NEUTRAL,NEUTRAL,NEUTRAL,False,,0.5,0.08,0.7
2022-03-31,7.0,5.0,5.0,0.0,4.0,1.0,21.0,4.0,6.0,0.0,0.0,1.0,10.0,5.0,8.0,3.0,1.0,16.0,9.0,0.0,0.0,0.0,1.0,9.0,56.0,NEUTRAL,NEUTRAL,NEUTRAL,False,,0.5,0.08,0.7
2022-04-01,7.0,5.0,5.0,0.0,4.0,1.0,21.0,4.0,6.0,0.0,0.0,1.0,10.0,5.0,8.0,3.0,1.0,16.0,9.0,6.0,0.0,0.0,1.0,15.0,62.0,NEUTRAL,NEUTRAL,NEUTRAL,False,,0.5,0.08,0.7
2022-04-04,7.0,5.0,5.0,4.0,4.0,1.0,25.0,4.0,6.0,0.0,0.0,1.0,10.0,5.0,8.0,3.0,1.0,16.0,9.0,0.0,0.0,0.0,1.0,9.0,60.0,NEUTRAL,NEUTRAL,NEUTRAL,False,,0.5,0.08,0.7
2022-04-05,7.0,5.0,5.0,4.0,4.0,1.0,25.0,4.0,6.0,0.0,0.0,1.0,10.0,2.0,8.0,3.0,1.0,13.0,9.0,0.0,0.0,0.0,1.0,9.0,57.0,NEUTRAL,NEUTRAL,NEUTRAL,False,,0.5,0.08,0.7
2022-04-06,7.0,5.0,5.0,4.0,4.0,1.0,25.0,4.0,6.0,0.0,0.0,1.0,10.0,2.0,8.0,3.0,1.0,13.0,9.0,0.0,0.0,0.0,1.0,9.0,57.0,NEUTRAL,NEUTRAL,NEUTRAL,False,,0.5,0.08,0.7
2022-04-07,7.0,5.0,5.0,4.0,4.0,1.0,25.0,4.0,6.0,0.0,0.0,1.0,10.0,2.0,8.0,3.0,1.0,13.0,9.0,0.0,0.0,0.0,1.0,9.0,57.0,NEUTRAL,NEUTRAL,NEUTRAL,False,,0.5,0.08,0.7
2022-04-08,7.0,5.0,5.0,4.0,4.0,1.0,25.0,4.0,6.0,0.0,0.0,1.0,10.0,2.0,8.0,3.0,1.0,13.0,9.0,0.0,0.0,0.0,1.0,9.0,57.0,NEUTRAL,NEUTRAL,NEUTRAL,False,,0.5,0.08,0.7
2022-04-11,7.0,0.0,5.0,4.0,4.0,1.0,20.0,4.0,6.0,0.0,0.0,1.0,10.0,2.0,8.0,3.0,1.0,13.0,9.0,0.0,0.0,0.0,1.0,9.0,52.0,NEUTRAL,NEUTRAL,NEUTRAL,False,,0.5,0.08,0.7
2022-04-12,7.0,0.0,5.0,4.0,4.0,1.0,20.0,4.0,6.0,0.0,0.0,1.0,10.0,2.0,8.0,7.0,1.0,17.0,9.0,0.0,0.0,0.0,1.0,9.0,56.0,NEUTRAL,NEUTRAL,NEUTRAL,False,,0.5,0.08,0.7
2022-04-13,7.0,0.0,5.0,4.0,0.0,1.0,16.0,4.0,6.0,0.0,0.0,1.0,10.0,2.0,8.0,7.0,1.0,17.0,9.0,0.0,0.0,0.0,1.0,9.0,52.0,NEUTRAL,NEUTRAL,NEUTRAL,False,,0.5,0.08,0.7
2022-04-14,7.0,0.0,5.0,4.0,0.0,1.0,16.0,8.0,6.0,0.0,5.0,1.0,19.0,2.0,8.0,7.0,1.0,17.0,9.0,0.0,0.0,0.0,1.0,9.0,61.0,NEUTRAL,NEUTRAL,NEUTRAL,False,,0.5,0.08,0.7
2022-04-18,7.0,0.0,5.0,4.0,0.0,1.0,16.0,8.0,6.0,0.0,5.0,1.0,19.0,2.0,8.0,7.0,1.0,17.0,9.0,0.0,0.0,0.0,1.0,9.0,61.0,NEUTRAL,NEUTRAL,NEUTRAL,False,,0.5,0.08,0.7
2022-04-19,7.0,5.0,5.0,4.0,0.0,1.0,21.0,8.0,6.0,6.0,5.0,1.0,25.0,5.0,8.0,7.0,1.0,20.0,9.0,0.0,0.0,0.0,1.0,9.0,75.0,BULL,NEUTRAL,NEUTRAL,False,,0.5,0.08,0.7
2022-04-20,7.0,5.0,5.0,4.0,0.0,1.0,21.0,8.0,6.0,6.0,5.0,1.0,25.0,5.0,8.0,7.0,1.0,20.0,9.0,0.0,0.0,0.0,1.0,9.0,75.0,BULL,BULL,BULL,False,,0.8,0.12,1.0
2022-04-21,7.0,0.0,5.0,4.0,0.0,1.0,16.0,8.0,6.0,6.0,5.0,1.0,25.0,2.0,8.0,7.0,1.0,17.0,9.0,0.0,0.0,0.0,1.0,9.0,67.0,BULL,BULL,BULL,False,,0.8,0.12,1.0
2022-04-22,0.0,0.0,5.0,4.0,0.0,1.0,9.0,8.0,6.0,6.0,5.0,1.0,25.0,0.0,4.0,3.0,1.0,7.000000000000001,9.0,6.0,0.0,0.0,1.0,15.0,56.0,NEUTRAL,BULL,BULL,False,,0.8,0.12,1.0
2022-04-25,0.0,0.0,5.0,4.0,0.0,1.0,9.0,8.0,6.0,6.0,5.0,1.0,25.0,2.0,4.0,3.0,1.0,9.0,9.0,6.0,0.0,0.0,1.0,15.0,58.0,NEUTRAL,NEUTRAL,NEUTRAL,False,,0.5,0.08,0.7
2022-04-26,0.0,0.0,5.0,4.0,0.0,1.0,9.0,8.0,6.0,6.0,5.0,1.0,25.0,0.0,0.0,3.0,1.0,3.0,9.0,6.0,6.0,0.0,1.0,21.0,58.0,NEUTRAL,NEUTRAL,CRISIS,True,VIX_PCTL_EXTREME|TERM_BACKWARDATION|SPY_5D_CRASH,0.0,0.0,0.0
2022-04-27,0.0,0.0,5.0,0.0,0.0,1.0,5.0,8.0,6.0,6.0,5.0,1.0,25.0,0.0,0.0,3.0,1.0,3.0,9.0,0.0,0.0,0.0,1.0,9.0,42.0,CAUTION,NEUTRAL,CRISIS,True,VIX_PCTL_EXTREME|SPY_5D_CRASH,0.0,0.0,0.0
2022-04-28,0.0,0.0,5.0,0.0,0.0,1.0,5.0,8.0,6.0,6.0,5.0,1.0,25.0,0.0,0.0,3.0,1.0,3.0,9.0,0.0,0.0,0.0,1.0,9.0,42.0,CAUTION,CAUTION,CAUTION,True,,0.25,0.05,0.4
2022-04-29,0.0,0.0,5.0,0.0,0.0,1.0,5.0,8.0,6.0,6.0,5.0,1.0,25.0,0.0,0.0,3.0,1.0,3.0,9.0,0.0,0.0,0.0,1.0,9.0,42.0,CAUTION,CAUTION,CRISIS,True,VIX_PCTL_EXTREME,0.0,0.0,0.0
2022-05-02,0.0,0.0,5.0,0.0,0.0,1.0,5.0,8.0,6.0,6.0,5.0,1.0,25.0,0.0,0.0,3.0,1.0,3.0,9.0,0.0,0.0,0.0,1.0,9.0,42.0,CAUTION,CAUTION,CRISIS,True,VIX_PCTL_EXTREME,0.0,0.0,0.0
2022-05-03,0.0,0.0,5.0,0.0,0.0,1.0,5.0,8.0,6.0,6.0,5.0,1.0,25.0,0.0,0.0,3.0,1.0,3.0,9.0,6.0,0.0,0.0,1.0,15.0,48.0,NEUTRAL,CAUTION,CAUTION,False,,0.25,0.05,0.4
2022-05-04,0.0,0.0,5.0,0.0,0.0,1.0,5.0,8.0,6.0,6.0,5.0,1.0,25.0,2.0,8.0,3.0,1.0,13.0,9.0,6.0,0.0,0.0,1.0,15.0,58.0,NEUTRAL,NEUTRAL,NEUTRAL,False,,0.5,0.08,0.7
2022-05-05,0.0,0.0,0.0,0.0,0.0,1.0,0.0,8.0,6.0,6.0,5.0,1.0,25.0,0.0,0.0,0.0,1.0,0.0,9.0,6.0,0.0,0.0,1.0,15.0,40.0,CAUTION,NEUTRAL,CRISIS,True,VIX_PCTL_EXTREME,0.0,0.0,0.0
2022-05-06,0.0,0.0,0.0,0.0,0.0,1.0,0.0,8.0,6.0,6.0,5.0,1.0,25.0,0.0,8.0,0.0,1.0,8.0,9.0,6.0,0.0,0.0,1.0,15.0,48.0,NEUTRAL,NEUTRAL,NEUTRAL,False,,0.5,0.08,0.7
2022-05-09,0.0,0.0,0.0,0.0,0.0,1.0,0.0,8.0,6.0,6.0,5.0,1.0,25.0,0.0,0.0,0.0,1.0,0.0,0.0,6.0,0.0,0.0,1.0,6.0,31.0,CAUTION,NEUTRAL,CRISIS,True,VIX_PCTL_EXTREME,0.0,0.0,0.0
2022-05-10,0.0,0.0,0.0,0.0,0.0,1.0,0.0,8.0,6.0,6.0,5.0,1.0,25.0,0.0,0.0,0.0,1.0,0.0,0.0,0.0,6.0,0.0,1.0,6.0,31.0,CAUTION,CAUTION,CRISIS,True,VIX_PCTL_EXTREME,0.0,0.0,0.0
2022-05-11,0.0,0.0,0.0,0.0,0.0,1.0,0.0,8.0,6.0,6.0,5.0,1.0,25.0,0.0,0.0,0.0,1.0,0.0,0.0,0.0,6.0,0.0,1.0,6.0,31.0,CAUTION,CAUTION,CRISIS,True,VIX_PCTL_EXTREME|SPY_5D_CRASH,0.0,0.0,0.0
2022-05-12,0.0,0.0,0.0,0.0,0.0,1.0,0.0,8.0,6.0,6.0,5.0,1.0,25.0,0.0,0.0,0.0,1.0,0.0,0.0,0.0,6.0,0.0,1.0,6.0,31.0,CAUTION,CAUTION,CAUTION,True,,0.25,0.05,0.4
2022-05-13,0.0,0.0,0.0,0.0,0.0,1.0,0.0,8.0,6.0,6.0,5.0,1.0,25.0,2.0,4.0,0.0,1.0,6.0,0.0,0.0,6.0,0.0,1.0,6.0,37.0,CAUTION,CAUTION,CAUTION,True,,0.25,0.05,0.4
2022-05-16,0.0,0.0,0.0,0.0,0.0,1.0,0.0,8.0,6.0,6.0,5.0,1.0,25.0,2.0,4.0,0.0,1.0,6.0,0.0,0.0,6.0,0.0,1.0,6.0,37.0,CAUTION,CAUTION,CAUTION,False,,0.25,0.05,0.4
2022-05-17,0.0,0.0,0.0,0.0,0.0,1.0,0.0,8.0,6.0,6.0,5.0,1.0,25.0,2.0,8.0,0.0,1.0,10.0,0.0,0.0,6.0,0.0,1.0,6.0,41.0,CAUTION,CAUTION,CAUTION,False,,0.25,0.05,0.4
2022-05-18,0.0,0.0,0.0,0.0,0.0,1.0,0.0,8.0,6.0,6.0,5.0,1.0,25.0,0.0,4.0,0.0,1.0,4.0,0.0,0.0,6.0,0.0,1.0,6.0,35.0,CAUTION,CAUTION,CAUTION,False,,0.25,0.05,0.4
2022-05-19,0.0,0.0,0.0,0.0,0.0,1.0,0.0,8.0,6.0,6.0,5.0,1.0,25.0,2.0,4.0,0.0,1.0,6.0,0.0,6.0,6.0,0.0,1.0,12.0,43.0,CAUTION,CAUTION,CAUTION,False,,0.25,0.05,0.4
2022-05-20,0.0,0.0,0.0,0.0,0.0,1.0,0.0,8.0,6.0,6.0,5.0,1.0,25.0,2.0,8.0,0.0,1.0,10.0,0.0,6.0,6.0,0.0,1.0,12.0,47.0,NEUTRAL,CAUTION,CAUTION,False,,0.25,0.05,0.4
2022-05-23,0.0,0.0,0.0,0.0,0.0,1.0,0.0,8.0,6.0,6.0,5.0,1.0,25.0,2.0,4.0,0.0,1.0,6.0,0.0,6.0,6.0,0.0,1.0,12.0,43.0,CAUTION,CAUTION,CAUTION,False,,0.25,0.05,0.4
2022-05-24,0.0,0.0,0.0,0.0,0.0,1.0,0.0,8.0,6.0,6.0,5.0,1.0,25.0,2.0,4.0,0.0,1.0,6.0,0.0,0.0,6.0,0.0,1.0,6.0,37.0,CAUTION,CAUTION,CAUTION,False,,0.25,0.05,0.4
2022-05-25,0.0,0.0,0.0,0.0,0.0,1.0,0.0,8.0,6.0,6.0,5.0,1.0,25.0,2.0,8.0,0.0,1.0,10.0,0.0,6.0,6.0,0.0,1.0,12.0,47.0,NEUTRAL,CAUTION,CAUTION,False,,0.25,0.05,0.4
2022-05-26,0.0,0.0,0.0,0.0,0.0,1.0,0.0,8.0,6.0,6.0,5.0,1.0,25.0,2.0,8.0,0.0,1.0,10.0,9.0,6.0,6.0,0.0,1.0,21.0,56.0,NEUTRAL,NEUTRAL,NEUTRAL,False,,0.5,0.08,0.7
2022-05-27,0.0,0.0,0.0,0.0,0.0,1.0,0.0,8.0,6.0,6.0,5.0,1.0,25.0,2.0,8.0,0.0,1.0,10.0,9.0,6.0,6.0,0.0,1.0,21.0,56.0,NEUTRAL,NEUTRAL,NEUTRAL,False,,0.5,0.08,0.7
2022-05-30,0.0,0.0,0.0,0.0,0.0,1.0,0.0,,,,,0.0,,2.0,,,0.4,5.0,,,,,0.0,,5.0,CRISIS,NEUTRAL,NEUTRAL,False,,0.5,0.08,0.7
2022-05-31,0.0,0.0,0.0,0.0,0.0,1.0,0.0,8.0,6.0,,5.0,0.76,25.0,2.0,8.0,,0.72,13.88888888888889,,6.0,6.0,,0.48,25.0,63.888888888888886,NEUTRAL,NEUTRAL,NEUTRAL,False,,0.5,0.08,0.7
2022-06-01,0.0,0.0,0.0,0.0,0.0,1.0,0.0,8.0,6.0,,5.0,0.76,25.0,2.0,8.0,,0.72,13.88888888888889,,6.0,6.0,,0.48,25.0,63.888888888888886,NEUTRAL,NEUTRAL,NEUTRAL,False,,0.5,0.08,0.7
2022-06-02,0.0,0.0,0.0,0.0,0.0,1.0,0.0,8.0,6.0,,5.0,0.76,25.0,2.0,8.0,,0.72,13.88888888888889,,6.0,6.0,,0.48,25.0,63.888888888888886,NEUTRAL,NEUTRAL,NEUTRAL,False,,0.5,0.08,0.7
2022-06-03,0.0,0.0,0.0,0.0,0.0,1.0,0.0,8.0,6.0,,5.0,0.76,25.0,2.0,8.0,,0.72,13.88888888888889,,6.0,6.0,,0.48,25.0,63.888888888888886,NEUTRAL,NEUTRAL,NEUTRAL,False,,0.5,0.08,0.7
2022-06-06,0.0,0.0,0.0,0.0,0.0,1.0,0.0,8.0,6.0,6.0,5.0,1.0,25.0,2.0,8.0,,0.72,13.88888888888889,,6.0,6.0,,0.48,25.0,63.888888888888886,NEUTRAL,NEUTRAL,NEUTRAL,False,,0.5,0.08,0.7
2022-06-07,0.0,0.0,0.0,0.0,0.0,1.0,0.0,8.0,6.0,6.0,5.0,1.0,25.0,2.0,8.0,,0.72,13.88888888888889,,6.0,6.0,,0.48,25.0,63.888888888888886,NEUTRAL,NEUTRAL,NEUTRAL,False,,0.5,0.08,0.7
2022-06-08,0.0,0.0,0.0,0.0,4.0,1.0,4.0,8.0,6.0,6.0,5.0,1.0,25.0,5.0,8.0,,0.72,18.055555555555554,,6.0,6.0,,0.48,25.0,72.05555555555556,BULL,NEUTRAL,NEUTRAL,False,,0.5,0.08,0.7
2022-06-09,0.0,0.0,0.0,0.0,4.0,1.0,4.0,8.0,6.0,6.0,5.0,1.0,25.0,2.0,4.0,,0.72,8.333333333333332,,6.0,6.0,,0.48,25.0,62.33333333333333,NEUTRAL,NEUTRAL,NEUTRAL,False,,0.5,0.08,0.7
2022-06-10,0.0,0.0,0.0,0.0,0.0,1.0,0.0,8.0,6.0,6.0,5.0,1.0,25.0,2.0,4.0,,0.72,8.333333333333332,,6.0,6.0,,0.48,25.0,58.33333333333333,NEUTRAL,NEUTRAL,NEUTRAL,False,,0.5,0.08,0.7
2022-06-13,0.0,0.0,0.0,0.0,0.0,1.0,0.0,8.0,6.0,6.0,5.0,1.0,25.0,0.0,0.0,,0.72,0.0,,6.0,0.0,,0.48,12.5,37.5,CAUTION,NEUTRAL,CRISIS,True,VIX_PCTL_EXTREME|TERM_BACKWARDATION|SPY_5D_CRASH,0.0,0.0,0.0
2022-06-14,0.0,0.0,0.0,0.0,0.0,1.0,0.0,4.0,6.0,6.0,0.0,1.0,16.0,0.0,0.0,,0.72,0.0,,6.0,0.0,,0.48,12.5,28.5,RISK_OFF,NEUTRAL,CRISIS,True,VIX_PCTL_EXTREME|TERM_BACKWARDATION|SPY_5D_CRASH,0.0,0.0,0.0
2022-06-15,0.0,0.0,0.0,0.0,4.0,1.0,4.0,4.0,6.0,0.0,0.0,1.0,10.0,2.0,0.0,,0.72,2.7777777777777777,,6.0,0.0,,0.48,12.5,29.27777777777778,RISK_OFF,RISK_OFF,RISK_OFF,True,SPY_5D_CRASH,0.1,0.05,0.1
2022-06-16,0.0,0.0,0.0,0.0,0.0,1.0,0.0,4.0,6.0,0.0,0.0,1.0,10.0,0.0,0.0,,0.72,0.0,,0.0,0.0,,0.48,0.0,10.0,CRISIS,RISK_OFF,CRISIS,True,VIX_PCTL_EXTREME|SPY_5D_CRASH,0.0,0.0,0.0
2022-06-17,0.0,0.0,0.0,0.0,4.0,1.0,4.0,4.0,6.0,0.0,0.0,1.0,10.0,0.0,8.0,,0.72,11.11111111111111,,6.0,0.0,,0.48,12.5,37.611111111111114,CAUTION,RISK_OFF,RISK_OFF,True,,0.1,0.05,0.1
2022-06-20,0.0,0.0,0.0,0.0,0.0,1.0,0.0,,,,,0.0,,0.0,,,0.4,0.0,,,,,0.0,,0.0,CRISIS,RISK_OFF,RISK_OFF,True,,0.1,0.05,0.1
2022-06-21,0.0,0.0,0.0,0.0,4.0,1.0,4.0,4.0,6.0,,0.0,0.76,13.157894736842104,2.0,4.0,,0.72,8.333333333333332,,6.0,0.0,,0.48,12.5,37.99122807017544,CAUTION,RISK_OFF,RISK_OFF,False,,0.1,0.05,0.1
2022-06-22,0.0,0.0,0.0,0.0,4.0,1.0,4.0,4.0,6.0,,0.0,0.76,13.157894736842104,2.0,8.0,,0.72,13.88888888888889,,6.0,0.0,,0.48,12.5,43.546783625730995,CAUTION,CAUTION,CAUTION,False,,0.25,0.05,0.4
2022-06-23,0.0,0.0,0.0,0.0,4.0,1.0,4.0,4.0,6.0,,0.0,0.76,13.157894736842104,2.0,8.0,,0.72,13.88888888888889,,6.0,0.0,,0.48,12.5,43.546783625730995,CAUTION,CAUTION,CAUTION,False,,0.25,0.05,0.4
2022-06-24,0.0,0.0,0.0,0.0,4.0,1.0,4.0,4.0,6.0,,0.0,0.76,13.157894736842104,2.0,8.0,,0.72,13.88888888888889,,6.0,0.0,,0.48,12.5,43.546783625730995,CAUTION,CAUTION,CAUTION,False,,0.25,0.05,0.4
2022-06-27,0.0,0.0,0.0,0.0,0.0,1.0,0.0,,6.0,,,0.24,25.0,2.0,8.0,,0.72,13.88888888888889,,,,,0.0,,38.888888888888886,CAUTION,CAUTION,CAUTION,False,,0.25,0.05,0.4
2022-06-28,0.0,0.0,0.0,0.0,0.0,1.0,0.0,4.0,6.0,,0.0,0.76,13.157894736842104,2.0,8.0,,0.72,13.88888888888889,,6.0,0.0,,0.48,12.5,39.546783625730995,CAUTION,CAUTION,CAUTION,False,,0.25,0.05,0.4
2022-06-29,0.0,0.0,0.0,0.0,0.0,1.0,0.0,4.0,6.0,,0.0,0.76,13.157894736842104,2.0,8.0,,0.72,13.88888888888889,,6.0,6.0,,0.48,25.0,52.046783625730995,NEUTRAL,CAUTION,CAUTION,False,,0.25,0.05,0.4
2022-06-30,0.0,0.0,0.0,0.0,0.0,1.0,0.0,4.0,6.0,,0.0,0.76,13.157894736842104,2.0,8.0,,0.72,13.88888888888889,,6.0,6.0,,0.48,25.0,52.046783625730995,NEUTRAL,NEUTRAL,NEUTRAL,False,,0.5,0.08,0.7
2022-07-01,0.0,0.0,0.0,0.0,0.0,1.0,0.0,4.0,6.0,,0.0,0.76,13.157894736842104,2.0,8.0,,0.72,13.88888888888889,,0.0,6.0,,0.48,12.5,39.546783625730995,CAUTION,NEUTRAL,NEUTRAL,False,,0.5,0.08,0.7
2022-07-04,0.0,0.0,0.0,0.0,0.0,1.0,0.0,,,,,0.0,,2.0,,,0.4,5.0,,,,,0.0,,5.0,CRISIS,NEUTRAL,NEUTRAL,False,,0.5,0.08,0.7
2022-07-05,0.0,0.0,0.0,0.0,4.0,1.0,4.0,4.0,6.0,,0.0,0.76,13.157894736842104,2.0,8.0,,0.72,13.88888888888889,,0.0,6.0,,0.48,12.5,43.546783625730995,CAUTION,NEUTRAL,NEUTRAL,False,,0.5,0.08,0.7
2022-07-06,0.0,0.0,0.0,0.0,4.0,1.0,4.0,4.0,6.0,,0.0,0.76,13.157894736842104,2.0,8.0,,0.72,13.88888888888889,,0.0,6.0,,0.48,12.5,43.546783625730995,CAUTION,CAUTION,CAUTION,False,,0.25,0.05,0.4
2022-07-07,0.0,0.0,0.0,0.0,4.0,1.0,4.0,4.0,6.0,,0.0,0.76,13.157894736842104,5.0,8.0,,0.72,18.055555555555554,,0.0,6.0,,0.48,12.5,47.71345029239765,NEUTRAL,CAUTION,CAUTION,False,,0.25,0.05,0.4
2022-07-08,0.0,0.0,0.0,0.0,4.0,1.0,4.0,4.0,3.0,,0.0,0.76,9.210526315789473,5.0,8.0,,0.72,18.055555555555554,,0.0,6.0,,0.48,12.5,43.76608187134502,CAUTION,CAUTION,CAUTION,False,,0.25,0.05,0.4
2022-07-11,0.0,0.0,0.0,0.0,4.0,1.0,4.0,4.0,3.0,0.0,0.0,1.0,7.000000000000001,5.0,8.0,,0.72,18.055555555555554,,0.0,6.0,,0.48,12.5,41.55555555555556,CAUTION,CAUTION,CAUTION,False,,0.25,0.05,0.4
2022-07-12,0.0,0.0,0.0,0.0,4.0,1.0,4.0,4.0,6.0,0.0,0.0,1.0,10.0,2.0,8.0,,0.72,13.88888888888889,,0.0,6.0,,0.48,12.5,40.388888888888886,CAUTION,CAUTION,CAUTION,False,,0.25,0.05,0.4
2022-07-13,0.0,0.0,0.0,0.0,4.0,1.0,4.0,4.0,3.0,0.0,0.0,1.0,7.000000000000001,2.0,8.0,,0.72,13.88888888888889,,6.0,6.0,,0.48,25.0,49.888888888888886,NEUTRAL,CAUTION,CAUTION,False,,0.25,0.05,0.4
2022-07-14,0.0,0.0,0.0,0.0,4.0,1.0,4.0,4.0,3.0,0.0,0.0,1.0,7.000000000000001,5.0,8.0,,0.72,18.055555555555554,,6.0,6.0,,0.48,25.0,54.05555555555556,NEUTRAL,NEUTRAL,NEUTRAL,False,,0.5,0.08,0.7
2022-07-15,0.0,0.0,0.0,0.0,4.0,1.0,4.0,4.0,3.0,0.0,0.0,1.0,7.000000000000001,5.0,8.0,,0.72,18.055555555555554,,6.0,6.0,,0.48,25.0,54.05555555555556,NEUTRAL,NEUTRAL,NEUTRAL,False,,0.5,0.08,0.7
2022-07-18,0.0,0.0,0.0,0.0,0.0,1.0,0.0,,3.0,,,0.24,12.5,5.0,8.0,,0.72,18.055555555555554,,,,,0.0,,30.555555555555554,CAUTION,NEUTRAL,NEUTRAL,False,,0.5,0.08,0.7
2022-07-19,0.0,0.0,0.0,0.0,4.0,1.0,4.0,8.0,3.0,,5.0,0.76,21.052631578947366,5.0,4.0,,0.72,12.5,,6.0,6.0,,0.48,25.0,62.55263157894737,NEUTRAL,NEUTRAL,NEUTRAL,False,,0.5,0.08,0.7
2022-07-20,0.0,5.0,0.0,0.0,4.0,1.0,9.0,8.0,3.0,,5.0,0.76,21.052631578947366,5.0,8.0,,0.72,18.055555555555554,,6.0,6.0,,0.48,25.0,73.10818713450291,BULL,NEUTRAL,NEUTRAL,False,,0.5,0.08,0.7
2022-07-21,0.0,5.0,0.0,0.0,4.0,1.0,9.0,8.0,3.0,,5.0,0.76,21.052631578947366,5.0,8.0,,0.72,18.055555555555554,,6.0,6.0,,0.48,25.0,73.10818713450291,BULL,BULL,BULL,False,,0.8,0.12,1.0
2022-07-22,0.0,5.0,0.0,0.0,4.0,1.0,9.0,8.0,3.0,,5.0,0.76,21.052631578947366,5.0,8.0,,0.72,18.055555555555554,,6.0,6.0,,0.48,25.0,73.10818713450291,BULL,BULL,BULL,False,,0.8,0.12,1.0
2022-07-25,0.0,5.0,0.0,0.0,4.0,1.0,9.0,8.0,3.0,6.0,5.0,1.0,22.0,5.0,8.0,,0.72,18.055555555555554,,6.0,6.0,,0.48,25.0,74.05555555555556,BULL,BULL,BULL,False,,0.8,0.12,1.0
2022-07-26,0.0,0.0,0.0,0.0,4.0,1.0,4.0,8.0,3.0,6.0,5.0,1.0,22.0,5.0,8.0,,0.72,18.055555555555554,,6.0,6.0,,0.48,25.0,69.05555555555556,BULL,BULL,BULL,False,,0.8,0.12,1.0
2022-07-27,0.0,5.0,0.0,0.0,4.0,1.0,9.0,4.0,3.0,6.0,0.0,1.0,13.0,5.0,8.0,,0.72,18.055555555555554,,6.0,6.0,,0.48,25.0,65.05555555555556,BULL,BULL,BULL,False,,0.8,0.12,1.0
2022-07-28,0.0,5.0,0.0,0.0,4.0,1.0,9.0,8.0,3.0,6.0,5.0,1.0,22.0,5.0,8.0,,0.72,18.055555555555554,,6.0,6.0,,0.48,25.0,74.05555555555556,BULL,BULL,BULL,False,,0.8,0.12,1.0
2022-07-29,0.0,5.0,0.0,0.0,4.0,1.0,9.0,4.0,3.0,0.0,0.0,1.0,7.000000000000001,5.0,8.0,,0.72,18.055555555555554,,6.0,6.0,,0.48,25.0,59.05555555555556,NEUTRAL,BULL,BULL,False,,0.8,0.12,1.0
2022-08-01,0.0,5.0,0.0,0.0,0.0,1.0,5.0,,3.0,,,0.24,12.5,5.0,8.0,,0.72,18.055555555555554,,,,,0.0,,35.55555555555556,CAUTION,BULL,BULL,False,,0.8,0.12,1.0
2022-08-02,0.0,5.0,0.0,0.0,4.0,1.0,9.0,4.0,3.0,,0.0,0.76,9.210526315789473,5.0,8.0,3.0,1.0,16.0,,6.0,6.0,,0.48,25.0,59.21052631578947,NEUTRAL,BULL,BULL,False,,0.8,0.12,1.0
2022-08-03,0.0,5.0,0.0,0.0,4.0,1.0,9.0,4.0,3.0,,0.0,0.76,9.210526315789473,5.0,8.0,3.0,1.0,16.0,,6.0,6.0,,0.48,25.0,59.21052631578947,NEUTRAL,NEUTRAL,NEUTRAL,False,,0.5,0.08,0.7
2022-08-04,0.0,5.0,0.0,4.0,4.0,1.0,13.0,4.0,3.0,,0.0,0.76,9.210526315789473,5.0,8.0,3.0,1.0,16.0,,6.0,6.0,,0.48,25.0,63.21052631578947,NEUTRAL,NEUTRAL,NEUTRAL,False,,0.5,0.08,0.7
2022-08-05,0.0,5.0,0.0,4.0,4.0,1.0,13.0,8.0,3.0,,5.0,0.76,21.052631578947366,10.0,8.0,3.0,1.0,21.0,,6.0,6.0,,0.48,25.0,80.05263157894737,STRONG_BULL,NEUTRAL,NEUTRAL,False,,0.5,0.08,0.7
2022-08-08,0.0,5.0,0.0,4.0,4.0,1.0,13.0,8.0,3.0,0.0,5.0,1.0,16.0,10.0,8.0,3.0,1.0,21.0,,6.0,6.0,,0.48,25.0,75.0,BULL,NEUTRAL,NEUTRAL,False,,0.5,0.08,0.7
2022-08-09,0.0,5.0,0.0,4.0,4.0,1.0,13.0,4.0,3.0,0.0,0.0,1.0,7.000000000000001,5.0,8.0,3.0,1.0,16.0,,6.0,6.0,,0.48,25.0,61.0,NEUTRAL,NEUTRAL,NEUTRAL,False,,0.5,0.08,0.7
2022-08-10,7.0,5.0,0.0,4.0,4.0,1.0,20.0,4.0,3.0,0.0,0.0,1.0,7.000000000000001,10.0,8.0,3.0,1.0,21.0,,6.0,6.0,,0.48,25.0,73.0,BULL,NEUTRAL,NEUTRAL,False,,0.5,0.08,0.7
2022-08-11,7.0,5.0,0.0,4.0,4.0,1.0,20.0,8.0,3.0,6.0,5.0,1.0,22.0,10.0,8.0,3.0,1.0,21.0,,6.0,6.0,,0.48,25.0,88.0,STRONG_BULL,NEUTRAL,NEUTRAL,False,,0.5,0.08,0.7
2022-08-12,7.0,5.0,0.0,4.0,4.0,1.0,20.0,8.0,3.0,6.0,5.0,1.0,22.0,10.0,8.0,3.0,1.0,21.0,,6.0,6.0,,0.48,25.0,88.0,STRONG_BULL,STRONG_BULL,STRONG_BULL,False,,1.0,0.15,1.15
2022-08-15,7.0,5.0,0.0,4.0,4.0,1.0,20.0,8.0,3.0,6.0,5.0,1.0,22.0,10.0,8.0,3.0,1.0,21.0,,6.0,6.0,,0.48,25.0,88.0,STRONG_BULL,STRONG_BULL,STRONG_BULL,False,,1.0,0.15,1.15
2022-08-16,7.0,5.0,0.0,4.0,4.0,1.0,20.0,4.0,3.0,6.0,0.0,1.0,13.0,10.0,8.0,7.0,1.0,25.0,,6.0,6.0,,0.48,25.0,83.0,BULL,STRONG_BULL,STRONG_BULL,False,,1.0,0.15,1.15
2022-08-17,7.0,5.0,0.0,4.0,4.0,1.0,20.0,4.0,3.0,6.0,0.0,1.0,13.0,10.0,8.0,7.0,1.0,25.0,,6.0,6.0,,0.48,25.0,83.0,BULL,BULL,BULL,False,,0.8,0.12,1.0
2022-08-18,7.0,5.0,0.0,4.0,0.0,1.0,16.0,4.0,3.0,6.0,0.0,1.0,13.0,10.0,8.0,7.0,1.0,25.0,,6.0,6.0,,0.48,25.0,79.0,BULL,BULL,BULL,False,,0.8,0.12,1.0
2022-08-19,7.0,5.0,0.0,4.0,4.0,1.0,20.0,4.0,3.0,0.0,0.0,1.0,7.000000000000001,10.0,8.0,7.0,1.0,25.0,,6.0,6.0,,0.48,25.0,77.0,BULL,BULL,BULL,False,,0.8,0.12,1.0
2022-08-22,0.0,5.0,0.0,4.0,4.0,1.0,13.0,4.0,,0.0,0.0,0.76,5.263157894736842,5.0,8.0,3.0,1.0,16.0,,6.0,6.0,,0.48,25.0,59.26315789473684,NEUTRAL,BULL,BULL,False,,0.8,0.12,1.0
2022-08-23,0.0,5.0,0.0,4.0,4.0,1.0,13.0,4.0,3.0,0.0,0.0,1.0,7.000000000000001,5.0,8.0,3.0,1.0,16.0,,6.0,6.0,,0.48,25.0,61.0,NEUTRAL,NEUTRAL,NEUTRAL,False,,0.5,0.08,0.7
2022-08-24,0.0,5.0,0.0,4.0,0.0,1.0,9.0,4.0,3.0,0.0,0.0,1.0,7.000000000000001,5.0,8.0,7.0,1.0,20.0,,6.0,0.0,,0.48,12.5,48.5,NEUTRAL,NEUTRAL,NEUTRAL,False,,0.5,0.08,0.7
2022-08-25,7.0,5.0,0.0,4.0,4.0,1.0,20.0,4.0,3.0,0.0,0.0,1.0,7.000000000000001,5.0,8.0,7.0,1.0,20.0,,6.0,0.0,,0.48,12.5,59.5,NEUTRAL,NEUTRAL,NEUTRAL,False,,0.5,0.08,0.7
2022-08-26,0.0,0.0,0.0,4.0,0.0,1.0,4.0,8.0,3.0,0.0,5.0,1.0,16.0,5.0,8.0,3.0,1.0,16.0,,6.0,0.0,,0.48,12.5,48.5,NEUTRAL,NEUTRAL,NEUTRAL,False,,0.5,0.08,0.7
2022-08-29,0.0,0.0,0.0,4.0,0.0,1.0,4.0,8.0,3.0,0.0,5.0,1.0,16.0,5.0,8.0,3.0,1.0,16.0,,6.0,0.0,,0.48,12.5,48.5,NEUTRAL,NEUTRAL,NEUTRAL,False,,0.5,0.08,0.7
2022-08-30,0.0,0.0,0.0,4.0,0.0,1.0,4.0,8.0,3.0,6.0,5.0,1.0,22.0,5.0,8.0,3.0,1.0,16.0,,6.0,0.0,,0.48,12.5,54.5,NEUTRAL,NEUTRAL,NEUTRAL,False,,0.5,0.08,0.7
2022-08-31,0.0,0.0,0.0,4.0,0.0,1.0,4.0,8.0,3.0,6.0,5.0,1.0,22.0,5.0,8.0,3.0,1.0,16.0,,6.0,0.0,,0.48,12.5,54.5,NEUTRAL,NEUTRAL,NEUTRAL,False,,0.5,0.08,0.7
2022-09-01,0.0,0.0,0.0,4.0,0.0,1.0,4.0,8.0,3.0,6.0,5.0,1.0,22.0,5.0,8.0,3.0,1.0,16.0,,6.0,0.0,,0.48,12.5,54.5,NEUTRAL,NEUTRAL,NEUTRAL,False,,0.5,0.08,0.7
2022-09-02,0.0,0.0,0.0,4.0,0.0,1.0,4.0,8.0,3.0,6.0,5.0,1.0,22.0,5.0,8.0,3.0,1.0,16.0,,6.0,0.0,,0.48,12.5,54.5,NEUTRAL,NEUTRAL,NEUTRAL,False,,0.5,0.08,0.7
2022-09-05,0.0,0.0,0.0,4.0,0.0,1.0,4.0,,,,,0.0,,5.0,,,0.4,12.5,,,,,0.0,,16.5,RISK_OFF,NEUTRAL,NEUTRAL,False,,0.5,0.08,0.7
2022-09-06,0.0,0.0,0.0,4.0,0.0,1.0,4.0,8.0,3.0,,5.0,0.76,21.052631578947366,2.0,4.0,,0.72,8.333333333333332,,0.0,0.0,,0.48,0.0,33.3859649122807,CAUTION,NEUTRAL,NEUTRAL,False,,0.5,0.08,0.7
2022-09-07,0.0,0.0,0.0,4.0,0.0,1.0,4.0,8.0,6.0,,5.0,0.76,25.0,5.0,8.0,,0.72,18.055555555555554,,0.0,0.0,,0.48,0.0,47.05555555555556,NEUTRAL,NEUTRAL,NEUTRAL,False,,0.5,0.08,0.7
2022-09-08,0.0,0.0,0.0,4.0,0.0,1.0,4.0,8.0,6.0,,5.0,0.76,25.0,5.0,8.0,,0.72,18.055555555555554,,0.0,0.0,,0.48,0.0,47.05555555555556,NEUTRAL,NEUTRAL,NEUTRAL,False,,0.5,0.08,0.7
2022-09-09,0.0,5.0,0.0,4.0,0.0,1.0,9.0,8.0,6.0,,5.0,0.76,25.0,5.0,8.0,,0.72,18.055555555555554,,0.0,0.0,,0.48,0.0,52.05555555555556,NEUTRAL,NEUTRAL,NEUTRAL,False,,0.5,0.08,0.7
2022-09-12,0.0,5.0,0.0,4.0,0.0,1.0,9.0,8.0,,6.0,5.0,0.76,25.0,5.0,4.0,,0.72,12.5,,0.0,0.0,,0.48,0.0,46.5,NEUTRAL,NEUTRAL,NEUTRAL,False,,0.5,0.08,0.7
2022-09-13,0.0,0.0,0.0,4.0,0.0,1.0,4.0,8.0,6.0,6.0,5.0,1.0,25.0,2.0,0.0,,0.72,2.7777777777777777,,6.0,0.0,,0.48,12.5,44.27777777777778,CAUTION,NEUTRAL,NEUTRAL,False,,0.5,0.08,0.7
2022-09-14,0.0,0.0,0.0,0.0,0.0,1.0,0.0,8.0,6.0,6.0,5.0,1.0,25.0,5.0,4.0,,0.72,12.5,,6.0,0.0,,0.48,12.5,50.0,NEUTRAL,NEUTRAL,NEUTRAL,False,,0.5,0.08,0.7
2022-09-15,0.0,0.0,0.0,0.0,0.0,1.0,0.0,8.0,6.0,6.0,5.0,1.0,25.0,5.0,4.0,,0.72,12.5,,6.0,0.0,,0.48,12.5,50.0,NEUTRAL,NEUTRAL,NEUTRAL,False,,0.5,0.08,0.7
2022-09-16,0.0,0.0,0.0,0.0,0.0,1.0,0.0,8.0,6.0,6.0,5.0,1.0,25.0,5.0,4.0,,0.72,12.5,,6.0,0.0,,0.48,12.5,50.0,NEUTRAL,NEUTRAL,NEUTRAL,False,,0.5,0.08,0.7
2022-09-19,0.0,0.0,0.0,0.0,0.0,1.0,0.0,8.0,6.0,6.0,5.0,1.0,25.0,5.0,0.0,,0.72,6.944444444444445,,6.0,0.0,,0.48,12.5,44.44444444444444,CAUTION,NEUTRAL,NEUTRAL,False,,0.5,0.08,0.7
2022-09-20,0.0,0.0,0.0,0.0,0.0,1.0,0.0,8.0,3.0,6.0,5.0,1.0,22.0,2.0,0.0,,0.72,2.7777777777777777,,6.0,0.0,,0.48,12.5,37.27777777777778,CAUTION,CAUTION,CAUTION,False,,0.25,0.05,0.4
2022-09-21,0.0,0.0,0.0,0.0,0.0,1.0,0.0,8.0,6.0,6.0,5.0,1.0,25.0,2.0,0.0,,0.72,2.7777777777777777,,6.0,0.0,,0.48,12.5,40.27777777777778,CAUTION,CAUTION,CAUTION,False,,0.25,0.05,0.4
2022-09-22,0.0,0.0,0.0,0.0,0.0,1.0,0.0,4.0,3.0,6.0,0.0,1.0,13.0,2.0,4.0,,0.72,8.333333333333332,,0.0,0.0,,0.48,0.0,21.333333333333332,RISK_OFF,CAUTION,CAUTION,False,,0.25,0.05,0.4
2022-09-23,0.0,0.0,0.0,0.0,0.0,1.0,0.0,4.0,3.0,6.0,0.0,1.0,13.0,2.0,4.0,,0.72,8.333333333333332,,0.0,0.0,,0.48,0.0,21.333333333333332,RISK_OFF,RISK_OFF,RISK_OFF,False,,0.1,0.05,0.1
2022-09-26,0.0,0.0,0.0,0.0,0.0,1.0,0.0,4.0,,6.0,0.0,0.76,13.157894736842104,0.0,0.0,,0.72,0.0,,0.0,0.0,,0.48,0.0,13.157894736842104,CRISIS,RISK_OFF,RISK_OFF,True,SPY_5D_CRASH,0.1,0.05,0.1
2022-09-27,0.0,0.0,0.0,0.0,0.0,1.0,0.0,4.0,3.0,0.0,0.0,1.0,7.000000000000001,0.0,0.0,,0.72,0.0,,0.0,0.0,,0.48,0.0,7.000000000000001,CRISIS,CRISIS,CRISIS,True,VIX_PCTL_EXTREME,0.0,0.0,0.0
2022-09-28,0.0,0.0,0.0,0.0,0.0,1.0,0.0,4.0,6.0,0.0,0.0,1.0,10.0,2.0,0.0,,0.72,2.7777777777777777,,0.0,0.0,,0.48,0.0,12.777777777777779,CRISIS,CRISIS,CRISIS,True,,0.0,0.0,0.0
2022-09-29,0.0,0.0,0.0,0.0,0.0,1.0,0.0,4.0,6.0,0.0,0.0,1.0,10.0,0.0,0.0,,0.72,0.0,,6.0,0.0,,0.48,12.5,22.5,RISK_OFF,CRISIS,CRISIS,False,,0.0,0.0,0.0
2022-09-30,0.0,0.0,0.0,0.0,0.0,1.0,0.0,4.0,6.0,0.0,0.0,1.0,10.0,0.0,4.0,,0.72,5.555555555555555,,6.0,0.0,,0.48,12.5,28.055555555555557,RISK_OFF,RISK_OFF,RISK_OFF,False,,0.1,0.05,0.1
2022-10-03,0.0,0.0,0.0,0.0,0.0,1.0,0.0,,6.0,,,0.24,25.0,2.0,4.0,,0.72,8.333333333333332,,,,,0.0,,33.33333333333333,CAUTION,RISK_OFF,RISK_OFF,False,,0.1,0.05,0.1
2022-10-04,0.0,0.0,0.0,0.0,0.0,1.0,0.0,8.0,6.0,,5.0,0.76,25.0,2.0,0.0,0.0,1.0,2.0,,6.0,6.0,,0.48,25.0,52.0,NEUTRAL,RISK_OFF,RISK_OFF,False,,0.1,0.05,0.1
2022-10-05,0.0,0.0,0.0,0.0,0.0,1.0,0.0,4.0,6.0,,0.0,0.76,13.157894736842104,2.0,4.0,0.0,1.0,6.0,,6.0,0.0,,0.48,12.5,31.657894736842103,CAUTION,RISK_OFF,RISK_OFF,False,,0.1,0.05,0.1
2022-10-06,0.0,0.0,0.0,0.0,0.0,1.0,0.0,4.0,6.0,,0.0,0.76,13.157894736842104,2.0,0.0,0.0,1.0,2.0,,6.0,0.0,,0.48,12.5,27.657894736842103,RISK_OFF,RISK_OFF,RISK_OFF,False,,0.1,0.05,0.1
2022-10-07,0.0,0.0,0.0,0.0,0.0,1.0,0.0,8.0,6.0,,5.0,0.76,25.0,0.0,4.0,0.0,1.0,4.0,,6.0,0.0,,0.48,12.5,41.5,CAUTION,RISK_OFF,RISK_OFF,False,,0.1,0.05,0.1
2022-10-10,0.0,0.0,0.0,0.0,0.0,1.0,0.0,8.0,6.0,6.0,5.0,1.0,25.0,0.0,4.0,0.0,1.0,4.0,,6.0,0.0,,0.48,12.5,41.5,CAUTION,CAUTION,CAUTION,False,,0.25,0.05,0.4
2022-10-11,0.0,0.0,0.0,0.0,0.0,1.0,0.0,8.0,6.0,0.0,5.0,1.0,19.0,0.0,0.0,3.0,1.0,3.0,,6.0,0.0,,0.48,12.5,34.5,CAUTION,CAUTION,CRISIS,True,VIX_PCTL_EXTREME,0.0,0.0,0.0
2022-10-12,0.0,0.0,0.0,0.0,0.0,1.0,0.0,8.0,6.0,6.0,5.0,1.0,25.0,0.0,0.0,3.0,1.0,3.0,,6.0,0.0,,0.48,12.5,40.5,CAUTION,CAUTION,CRISIS,True,VIX_PCTL_EXTREME,0.0,0.0,0.0
2022-10-13,0.0,0.0,0.0,0.0,0.0,1.0,0.0,4.0,6.0,6.0,0.0,1.0,16.0,0.0,4.0,3.0,1.0,7.000000000000001,,6.0,0.0,,0.48,12.5,35.5,CAUTION,CAUTION,CAUTION,False,,0.25,0.05,0.4
2022-10-14,0.0,0.0,0.0,0.0,0.0,1.0,0.0,8.0,6.0,6.0,5.0,1.0,25.0,0.0,8.0,3.0,1.0,11.0,,6.0,0.0,,0.48,12.5,48.5,NEUTRAL,CAUTION,CAUTION,False,,0.25,0.05,0.4
2022-10-17,0.0,0.0,0.0,0.0,0.0,1.0,0.0,4.0,6.0,6.0,0.0,1.0,16.0,2.0,4.0,0.0,1.0,6.0,,6.0,0.0,,0.48,12.5,34.5,CAUTION,CAUTION,CAUTION,False,,0.25,0.05,0.4
2022-10-18,0.0,0.0,0.0,0.0,0.0,1.0,0.0,8.0,6.0,6.0,5.0,1.0,25.0,2.0,8.0,0.0,1.0,10.0,,6.0,0.0,,0.48,12.5,47.5,NEUTRAL,CAUTION,CAUTION,False,,0.25,0.05,0.4
2022-10-19,0.0,0.0,0.0,0.0,0.0,1.0,0.0,4.0,6.0,0.0,0.0,1.0,10.0,2.0,8.0,0.0,1.0,10.0,,6.0,0.0,,0.48,12.5,32.5,CAUTION,CAUTION,CAUTION,False,,0.25,0.05,0.4
2022-10-20,0.0,0.0,0.0,0.0,0.0,1.0,0.0,8.0,3.0,6.0,5.0,1.0,22.0,2.0,8.0,0.0,1.0,10.0,,6.0,0.0,,0.48,12.5,44.5,CAUTION,CAUTION,CAUTION,False,,0.25,0.05,0.4
2022-10-21,0.0,0.0,0.0,0.0,0.0,1.0,0.0,8.0,6.0,6.0,5.0,1.0,25.0,2.0,8.0,0.0,1.0,10.0,,6.0,0.0,,0.48,12.5,47.5,NEUTRAL,CAUTION,CAUTION,False,,0.25,0.05,0.4
2022-10-24,0.0,0.0,0.0,0.0,0.0,1.0,0.0,8.0,6.0,6.0,5.0,1.0,25.0,2.0,0.0,0.0,1.0,2.0,,6.0,0.0,,0.48,12.5,39.5,CAUTION,CAUTION,CAUTION,False,,0.25,0.05,0.4
2022-10-25,0.0,5.0,0.0,0.0,0.0,1.0,5.0,8.0,6.0,6.0,5.0,1.0,25.0,2.0,0.0,0.0,1.0,2.0,,6.0,6.0,,0.48,25.0,57.0,NEUTRAL,CAUTION,CAUTION,False,,0.25,0.05,0.4
2022-10-26,0.0,5.0,0.0,0.0,0.0,1.0,5.0,8.0,6.0,6.0,5.0,1.0,25.0,5.0,0.0,0.0,1.0,5.0,,6.0,0.0,,0.48,12.5,47.5,NEUTRAL,NEUTRAL,NEUTRAL,False,,0.5,0.08,0.7
2022-10-27,0.0,0.0,0.0,0.0,0.0,1.0,0.0,8.0,6.0,6.0,5.0,1.0,25.0,5.0,0.0,0.0,1.0,5.0,,6.0,6.0,,0.48,25.0,55.0,NEUTRAL,NEUTRAL,NEUTRAL,False,,0.5,0.08,0.7
2022-10-28,0.0,5.0,0.0,0.0,0.0,1.0,5.0,8.0,6.0,6.0,5.0,1.0,25.0,5.0,0.0,0.0,1.0,5.0,,6.0,6.0,,0.48,25.0,60.0,NEUTRAL,NEUTRAL,NEUTRAL,False,,0.5,0.08,0.7
2022-10-31,0.0,5.0,0.0,0.0,0.0,1.0,5.0,8.0,6.0,6.0,5.0,1.0,25.0,5.0,0.0,3.0,1.0,8.0,,6.0,0.0,,0.48,12.5,50.5,NEUTRAL,NEUTRAL,CRISIS,True,TERM_BACKWARDATION,0.0,0.0,0.0
2022-11-01,0.0,5.0,0.0,0.0,0.0,1.0,5.0,8.0,6.0,6.0,5.0,1.0,25.0,5.0,0.0,3.0,1.0,8.0,,6.0,0.0,,0.48,12.5,50.5,NEUTRAL,NEUTRAL,CRISIS,True,TERM_BACKWARDATION,0.0,0.0,0.0
2022-11-02,0.0,0.0,0.0,0.0,0.0,1.0,0.0,8.0,6.0,6.0,5.0,1.0,25.0,5.0,0.0,3.0,1.0,8.0,,6.0,6.0,,0.48,25.0,58.0,NEUTRAL,NEUTRAL,NEUTRAL,False,,0.5,0.08,0.7
2022-11-03,0.0,0.0,0.0,0.0,0.0,1.0,0.0,8.0,6.0,6.0,5.0,1.0,25.0,5.0,0.0,3.0,1.0,8.0,,6.0,6.0,,0.48,25.0,58.0,NEUTRAL,NEUTRAL,NEUTRAL,False,,0.5,0.08,0.7
2022-11-04,0.0,0.0,0.0,0.0,0.0,1.0,0.0,8.0,6.0,6.0,5.0,1.0,25.0,5.0,0.0,3.0,1.0,8.0,,6.0,6.0,,0.48,25.0,58.0,NEUTRAL,NEUTRAL,NEUTRAL,False,,0.5,0.08,0.7
2022-11-07,0.0,0.0,0.0,0.0,0.0,1.0,0.0,8.0,6.0,6.0,5.0,1.0,25.0,5.0,0.0,3.0,1.0,8.0,,6.0,0.0,,0.48,12.5,45.5,NEUTRAL,NEUTRAL,NEUTRAL,False,,0.5,0.08,0.7
2022-11-08,0.0,5.0,0.0,0.0,0.0,1.0,5.0,8.0,6.0,6.0,5.0,1.0,25.0,5.0,0.0,3.0,1.0,8.0,,6.0,6.0,,0.48,25.0,63.0,NEUTRAL,NEUTRAL,NEUTRAL,False,,0.5,0.08,0.7
2022-11-09,0.0,0.0,0.0,0.0,0.0,1.0,0.0,8.0,6.0,6.0,5.0,1.0,25.0,5.0,0.0,3.0,1.0,8.0,,6.0,6.0,,0.48,25.0,58.0,NEUTRAL,NEUTRAL,NEUTRAL,False,,0.5,0.08,0.7
2022-11-10,0.0,5.0,0.0,0.0,0.0,1.0,5.0,8.0,6.0,6.0,5.0,1.0,25.0,10.0,8.0,0.0,1.0,18.0,,6.0,6.0,,0.48,25.0,73.0,BULL,NEUTRAL,NEUTRAL,False,,0.5,0.08,0.7
2022-11-11,0.0,5.0,0.0,0.0,0.0,1.0,5.0,8.0,6.0,6.0,5.0,1.0,25.0,10.0,8.0,0.0,1.0,18.0,,6.0,6.0,,0.48,25.0,73.0,BULL,BULL,BULL,False,,0.8,0.12,1.0
2022-11-14,0.0,5.0,0.0,4.0,0.0,1.0,9.0,8.0,6.0,6.0,5.0,1.0,25.0,10.0,8.0,0.0,1.0,18.0,9.0,6.0,6.0,4.0,1.0,25.0,77.0,BULL,BULL,BULL,False,,0.8,0.12,1.0
2022-11-15,0.0,5.0,0.0,4.0,0.0,1.0,9.0,8.0,6.0,6.0,5.0,1.0,25.0,5.0,8.0,0.0,1.0,13.0,9.0,6.0,6.0,4.0,1.0,25.0,72.0,BULL,BULL,BULL,False,,0.8,0.12,1.0
2022-11-16,0.0,5.0,0.0,4.0,0.0,1.0,9.0,8.0,6.0,6.0,5.0,1.0,25.0,10.0,8.0,0.0,1.0,18.0,9.0,6.0,6.0,4.0,1.0,25.0,77.0,BULL,BULL,BULL,False,,0.8,0.12,1.0
2022-11-17,0.0,5.0,0.0,4.0,0.0,1.0,9.0,8.0,6.0,6.0,5.0,1.0,25.0,10.0,8.0,0.0,1.0,18.0,9.0,6.0,6.0,4.0,1.0,25.0,77.0,BULL,BULL,BULL,False,,0.8,0.12,1.0
2022-11-18,0.0,5.0,0.0,4.0,0.0,1.0,9.0,8.0,6.0,6.0,5.0,1.0,25.0,10.0,8.0,3.0,1.0,21.0,9.0,6.0,6.0,4.0,1.0,25.0,80.0,STRONG_BULL,BULL,BULL,False,,0.8,0.12,1.0
2022-11-21,0.0,5.0,0.0,4.0,0.0,1.0,9.0,8.0,6.0,6.0,5.0,1.0,25.0,10.0,8.0,3.0,1.0,21.0,9.0,6.0,6.0,4.0,1.0,25.0,80.0,STRONG_BULL,STRONG_BULL,STRONG_BULL,False,,1.0,0.15,1.15
2022-11-22,7.0,5.0,0.0,4.0,0.0,1.0,16.0,8.0,6.0,6.0,5.0,1.0,25.0,10.0,8.0,3.0,1.0,21.0,9.0,6.0,6.0,4.0,1.0,25.0,87.0,STRONG_BULL,STRONG_BULL,STRONG_BULL,False,,1.0,0.15,1.15
2022-11-23,7.0,5.0,0.0,4.0,0.0,1.0,16.0,8.0,6.0,6.0,5.0,1.0,25.0,10.0,8.0,3.0,1.0,21.0,9.0,0.0,6.0,4.0,1.0,19.0,81.0,STRONG_BULL,STRONG_BULL,STRONG_BULL,False,,1.0,0.15,1.15
2022-11-24,0.0,0.0,0.0,4.0,0.0,1.0,4.0,,,,,0.0,,10.0,,,0.4,25.0,,,,,0.0,,29.0,RISK_OFF,STRONG_BULL,STRONG_BULL,False,,1.0,0.15,1.15
2022-11-25,7.0,5.0,0.0,4.0,0.0,1.0,16.0,8.0,6.0,,5.0,0.76,25.0,10.0,8.0,,0.72,25.0,,0.0,6.0,,0.48,12.5,78.5,BULL,STRONG_BULL,STRONG_BULL,False,,1.0,0.15,1.15
2022-11-28,0.0,5.0,0.0,4.0,0.0,1.0,9.0,8.0,,,5.0,0.52,25.0,10.0,8.0,,0.72,25.0,,0.0,6.0,,0.48,12.5,71.5,BULL,BULL,BULL,False,,0.8,0.12,1.0
2022-11-29,0.0,5.0,0.0,4.0,0.0,1.0,9.0,8.0,6.0,,5.0,0.76,25.0,10.0,8.0,,0.72,25.0,,0.0,6.0,,0.48,12.5,71.5,BULL,BULL,BULL,False,,0.8,0.12,1.0
2022-11-30,7.0,5.0,0.0,4.0,4.0,1.0,20.0,8.0,6.0,,5.0,0.76,25.0,10.0,8.0,,0.72,25.0,,0.0,6.0,,0.48,12.5,82.5,STRONG_BULL,BULL,BULL,False,,0.8,0.12,1.0
2022-12-01,7.0,5.0,0.0,4.0,4.0,1.0,20.0,4.0,6.0,6.0,0.0,1.0,16.0,10.0,8.0,,0.72,25.0,,0.0,6.0,,0.48,12.5,73.5,BULL,BULL,BULL,False,,0.8,0.12,1.0
2022-12-02,7.0,5.0,0.0,4.0,4.0,1.0,20.0,4.0,6.0,6.0,0.0,1.0,16.0,10.0,8.0,,0.72,25.0,,0.0,6.0,,0.48,12.5,73.5,BULL,BULL,BULL,False,,0.8,0.12,1.0
2022-12-05,7.0,5.0,0.0,4.0,4.0,1.0,20.0,4.0,6.0,6.0,0.0,1.0,16.0,10.0,4.0,,0.72,19.444444444444446,,0.0,6.0,,0.48,12.5,67.94444444444444,BULL,BULL,BULL,False,,0.8,0.12,1.0
2022-12-06,0.0,5.0,0.0,4.0,4.0,1.0,13.0,8.0,6.0,6.0,5.0,1.0,25.0,10.0,0.0,,0.72,13.88888888888889,,0.0,6.0,,0.48,12.5,64.38888888888889,NEUTRAL,BULL,BULL,False,,0.8,0.12,1.0
2022-12-07,0.0,5.0,0.0,4.0,4.0,1.0,13.0,4.0,6.0,0.0,0.0,1.0,10.0,10.0,0.0,,0.72,13.88888888888889,,0.0,6.0,,0.48,12.5,49.388888888888886,NEUTRAL,NEUTRAL,CRISIS,True,TERM_BACKWARDATION,0.0,0.0,0.0
2022-12-08,0.0,5.0,0.0,4.0,0.0,1.0,9.0,4.0,6.0,0.0,0.0,1.0,10.0,10.0,0.0,,0.72,13.88888888888889,,0.0,6.0,,0.48,12.5,45.388888888888886,NEUTRAL,NEUTRAL,NEUTRAL,False,,0.5,0.08,0.7
2022-12-09,0.0,5.0,0.0,4.0,0.0,1.0,9.0,4.0,6.0,0.0,0.0,1.0,10.0,10.0,0.0,,0.72,13.88888888888889,,0.0,6.0,,0.48,12.5,45.388888888888886,NEUTRAL,NEUTRAL,NEUTRAL,False,,0.5,0.08,0.7
2022-12-12,0.0,5.0,0.0,4.0,0.0,1.0,9.0,8.0,6.0,6.0,5.0,1.0,25.0,5.0,0.0,,0.72,6.944444444444445,,0.0,6.0,,0.48,12.5,53.44444444444444,NEUTRAL,NEUTRAL,CRISIS,True,TERM_BACKWARDATION,0.0,0.0,0.0
2022-12-13,7.0,5.0,0.0,4.0,0.0,1.0,16.0,8.0,6.0,0.0,5.0,1.0,19.0,10.0,4.0,,0.72,19.444444444444446,,0.0,6.0,,0.48,12.5,66.94444444444444,BULL,NEUTRAL,NEUTRAL,False,,0.5,0.08,0.7
2022-12-14,7.0,5.0,0.0,4.0,0.0,1.0,16.0,8.0,6.0,6.0,5.0,1.0,25.0,10.0,8.0,,0.72,25.0,,0.0,6.0,,0.48,12.5,78.5,BULL,BULL,BULL,False,,0.8,0.12,1.0
2022-12-15,0.0,0.0,0.0,4.0,0.0,1.0,4.0,8.0,6.0,6.0,5.0,1.0,25.0,10.0,8.0,,0.72,25.0,,0.0,6.0,,0.48,12.5,66.5,BULL,BULL,BULL,False,,0.8,0.12,1.0
2022-12-16,0.0,0.0,0.0,4.0,0.0,1.0,4.0,8.0,6.0,6.0,5.0,1.0,25.0,10.0,8.0,,0.72,25.0,,0.0,6.0,,0.48,12.5,66.5,BULL,BULL,BULL,False,,0.8,0.12,1.0
2022-12-19,0.0,0.0,0.0,4.0,0.0,1.0,4.0,8.0,6.0,6.0,5.0,1.0,25.0,10.0,8.0,,0.72,25.0,,0.0,6.0,,0.48,12.5,66.5,BULL,BULL,BULL,False,,0.8,0.12,1.0
2022-12-20,0.0,0.0,0.0,4.0,0.0,1.0,4.0,8.0,6.0,6.0,5.0,1.0,25.0,10.0,8.0,,0.72,25.0,,0.0,6.0,,0.48,12.5,66.5,BULL,BULL,BULL,False,,0.8,0.12,1.0
2022-12-21,0.0,0.0,0.0,4.0,0.0,1.0,4.0,8.0,6.0,6.0,5.0,1.0,25.0,10.0,8.0,,0.72,25.0,,6.0,6.0,,0.48,25.0,79.0,BULL,BULL,BULL,False,,0.8,0.12,1.0
2022-12-22,0.0,0.0,0.0,4.0,0.0,1.0,4.0,,6.0,,,0.24,25.0,10.0,8.0,,0.72,25.0,,,,,0.0,,54.0,NEUTRAL,BULL,BULL,False,,0.8,0.12,1.0
2022-12-23,0.0,0.0,0.0,4.0,0.0,1.0,4.0,8.0,6.0,,5.0,0.76,25.0,10.0,8.0,3.0,1.0,21.0,,0.0,6.0,,0.48,12.5,62.5,NEUTRAL,NEUTRAL,NEUTRAL,False,,0.5,0.08,0.7
2022-12-27,0.0,0.0,0.0,4.0,0.0,1.0,4.0,8.0,6.0,,5.0,0.76,25.0,10.0,8.0,3.0,1.0,21.0,,0.0,6.0,,0.48,12.5,62.5,NEUTRAL,NEUTRAL,NEUTRAL,False,,0.5,0.08,0.7
2022-12-28,0.0,0.0,0.0,4.0,0.0,1.0,4.0,8.0,6.0,,5.0,0.76,25.0,10.0,8.0,3.0,1.0,21.0,,0.0,6.0,,0.48,12.5,62.5,NEUTRAL,NEUTRAL,NEUTRAL,False,,0.5,0.08,0.7
2022-12-29,0.0,0.0,0.0,4.0,0.0,1.0,4.0,8.0,6.0,,5.0,0.76,25.0,10.0,8.0,3.0,1.0,21.0,,6.0,6.0,,0.48,25.0,75.0,BULL,NEUTRAL,NEUTRAL,False,,0.5,0.08,0.7
2022-12-30,0.0,0.0,0.0,4.0,0.0,1.0,4.0,8.0,6.0,6.0,5.0,1.0,25.0,10.0,8.0,3.0,1.0,21.0,,6.0,0.0,,0.48,12.5,62.5,NEUTRAL,NEUTRAL,NEUTRAL,False,,0.5,0.08,0.7
2023-01-03,0.0,0.0,0.0,0.0,0.0,1.0,0.0,8.0,6.0,6.0,5.0,1.0,25.0,10.0,0.0,3.0,1.0,13.0,,0.0,6.0,,0.48,12.5,50.5,NEUTRAL,NEUTRAL,NEUTRAL,False,,0.5,0.08,0.7
2023-01-04,0.0,0.0,0.0,0.0,0.0,1.0,0.0,8.0,6.0,6.0,5.0,1.0,25.0,10.0,0.0,7.0,1.0,17.0,,6.0,6.0,,0.48,25.0,67.0,BULL,NEUTRAL,NEUTRAL,False,,0.5,0.08,0.7
2023-01-05,0.0,0.0,0.0,0.0,0.0,1.0,0.0,8.0,6.0,6.0,5.0,1.0,25.0,10.0,0.0,7.0,1.0,17.0,,6.0,6.0,,0.48,25.0,67.0,BULL,BULL,BULL,False,,0.8,0.12,1.0
2023-01-06,0.0,5.0,0.0,0.0,0.0,1.0,5.0,8.0,6.0,6.0,5.0,1.0,25.0,10.0,8.0,3.0,1.0,21.0,,6.0,6.0,,0.48,25.0,76.0,BULL,BULL,BULL,False,,0.8,0.12,1.0
2023-01-09,0.0,5.0,0.0,0.0,0.0,1.0,5.0,8.0,6.0,6.0,5.0,1.0,25.0,10.0,4.0,3.0,1.0,17.0,,6.0,6.0,,0.48,25.0,72.0,BULL,BULL,BULL,False,,0.8,0.12,1.0
2023-01-10,0.0,5.0,0.0,0.0,0.0,1.0,5.0,8.0,6.0,6.0,5.0,1.0,25.0,10.0,8.0,3.0,1.0,21.0,,6.0,6.0,,0.48,25.0,76.0,BULL,BULL,BULL,False,,0.8,0.12,1.0
2023-01-11,7.0,5.0,0.0,0.0,0.0,1.0,12.0,8.0,6.0,6.0,5.0,1.0,25.0,10.0,4.0,3.0,1.0,17.0,,6.0,6.0,,0.48,25.0,79.0,BULL,BULL,BULL,False,,0.8,0.12,1.0
2023-01-12,7.0,5.0,0.0,0.0,0.0,1.0,12.0,8.0,6.0,6.0,5.0,1.0,25.0,10.0,8.0,3.0,1.0,21.0,,6.0,6.0,,0.48,25.0,83.0,STRONG_BULL,BULL,BULL,False,,0.8,0.12,1.0
2023-01-13,7.0,5.0,0.0,0.0,0.0,1.0,12.0,8.0,6.0,6.0,5.0,1.0,25.0,10.0,8.0,3.0,1.0,21.0,,6.0,6.0,,0.48,25.0,83.0,STRONG_BULL,STRONG_BULL,STRONG_BULL,False,,1.0,0.15,1.15
2023-01-16,0.0,0.0,0.0,0.0,0.0,1.0,0.0,,,,,0.0,,10.0,,,0.4,25.0,,,,,0.0,,25.0,RISK_OFF,STRONG_BULL,STRONG_BULL,False,,1.0,0.15,1.15
2023-01-17,7.0,5.0,0.0,0.0,0.0,1.0,12.0,8.0,6.0,,5.0,0.76,25.0,10.0,8.0,,0.72,25.0,,6.0,6.0,,0.48,25.0,87.0,STRONG_BULL,STRONG_BULL,STRONG_BULL,False,,1.0,0.15,1.15
2023-01-18,0.0,5.0,0.0,0.0,0.0,1.0,5.0,8.0,6.0,,5.0,0.76,25.0,10.0,8.0,,0.72,25.0,,6.0,6.0,,0.48,25.0,80.0,STRONG_BULL,STRONG_BULL,STRONG_BULL,False,,1.0,0.15,1.15
2023-01-19,0.0,5.0,0.0,0.0,0.0,1.0,5.0,8.0,6.0,,5.0,0.76,25.0,10.0,8.0,,0.72,25.0,,6.0,6.0,,0.48,25.0,80.0,STRONG_BULL,STRONG_BULL,STRONG_BULL,False,,1.0,0.15,1.15
2023-01-20,7.0,5.0,0.0,4.0,4.0,1.0,20.0,8.0,6.0,,5.0,0.76,25.0,10.0,8.0,,0.72,25.0,,6.0,6.0,,0.48,25.0,95.0,STRONG_BULL,STRONG_BULL,STRONG_BULL,False,,1.0,0.15,1.15
2023-01-23,7.0,5.0,0.0,4.0,4.0,1.0,20.0,8.0,6.0,6.0,5.0,1.0,25.0,10.0,4.0,,0.72,19.444444444444446,,6.0,6.0,,0.48,25.0,89.44444444444444,STRONG_BULL,STRONG_BULL,STRONG_BULL,False,,1.0,0.15,1.15
2023-01-24,7.0,5.0,0.0,4.0,4.0,1.0,20.0,8.0,6.0,6.0,5.0,1.0,25.0,10.0,0.0,,0.72,13.88888888888889,,6.0,6.0,,0.48,25.0,83.88888888888889,STRONG_BULL,STRONG_BULL,STRONG_BULL,False,,1.0,0.15,1.15
2023-01-25,7.0,5.0,0.0,4.0,4.0,1.0,20.0,8.0,6.0,6.0,5.0,1.0,25.0,10.0,0.0,,0.72,13.88888888888889,,6.0,6.0,,0.48,25.0,83.88888888888889,STRONG_BULL,STRONG_BULL,STRONG_BULL,False,,1.0,0.15,1.15
2023-01-26,7.0,5.0,0.0,4.0,4.0,1.0,20.0,8.0,6.0,6.0,5.0,1.0,25.0,10.0,0.0,,0.72,13.88888888888889,,6.0,6.0,,0.48,25.0,83.88888888888889,STRONG_BULL,STRONG_BULL,STRONG_BULL,False,,1.0,0.15,1.15
2023-01-27,7.0,5.0,0.0,4.0,4.0,1.0,20.0,8.0,6.0,6.0,5.0,1.0,25.0,10.0,4.0,,0.72,19.444444444444446,,6.0,6.0,,0.48,25.0,89.44444444444444,STRONG_BULL,STRONG_BULL,STRONG_BULL,False,,1.0,0.15,1.15
2023-01-30,7.0,5.0,0.0,4.0,4.0,1.0,20.0,8.0,6.0,6.0,5.0,1.0,25.0,10.0,0.0,,0.72,13.88888888888889,,6.0,6.0,,0.48,25.0,83.88888888888889,STRONG_BULL,STRONG_BULL,STRONG_BULL,False,,1.0,0.15,1.15
2023-01-31,7.0,5.0,0.0,4.0,4.0,1.0,20.0,8.0,6.0,6.0,5.0,1.0,25.0,10.0,0.0,,0.72,13.88888888888889,,6.0,6.0,,0.48,25.0,83.88888888888889,STRONG_BULL,STRONG_BULL,STRONG_BULL,False,,1.0,0.15,1.15
2023-02-01,7.0,5.0,0.0,4.0,4.0,1.0,20.0,4.0,6.0,6.0,0.0,1.0,16.0,10.0,8.0,,0.72,25.0,,6.0,6.0,,0.48,25.0,86.0,BULL,STRONG_BULL,STRONG_BULL,False,,1.0,0.15,1.15
2023-02-02,7.0,5.0,0.0,4.0,4.0,1.0,20.0,4.0,6.0,6.0,0.0,1.0,16.0,10.0,8.0,,0.72,25.0,,6.0,6.0,,0.48,25.0,86.0,BULL,BULL,BULL,False,,0.8,0.12,1.0
2023-02-03,7.0,5.0,0.0,4.0,4.0,1.0,20.0,4.0,6.0,6.0,0.0,1.0,16.0,10.0,8.0,,0.72,25.0,,6.0,6.0,,0.48,25.0,86.0,BULL,BULL,BULL,False,,0.8,0.12,1.0
2023-02-06,7.0,5.0,0.0,4.0,4.0,1.0,20.0,4.0,6.0,0.0,0.0,1.0,10.0,10.0,4.0,,0.72,19.444444444444446,,6.0,6.0,,0.48,25.0,74.44444444444444,BULL,BULL,BULL,False,,0.8,0.12,1.0
2023-02-07,7.0,5.0,0.0,4.0,4.0,1.0,20.0,4.0,6.0,0.0,0.0,1.0,10.0,10.0,8.0,,0.72,25.0,,6.0,6.0,,0.48,25.0,80.0,BULL,BULL,BULL,False,,0.8,0.12,1.0
2023-02-08,7.0,5.0,0.0,4.0,4.0,1.0,20.0,4.0,6.0,0.0,0.0,1.0,10.0,10.0,4.0,,0.72,19.444444444444446,,6.0,6.0,,0.48,25.0,74.44444444444444,BULL,BULL,BULL,False,,0.8,0.12,1.0
2023-02-09,7.0,5.0,5.0,4.0,4.0,1.0,25.0,4.0,6.0,0.0,0.0,1.0,10.0,10.0,0.0,,0.72,13.88888888888889,,6.0,6.0,,0.48,25.0,73.88888888888889,BULL,BULL,BULL,False,,0.8,0.12,1.0
2023-02-10,7.0,5.0,5.0,4.0,4.0,1.0,25.0,4.0,6.0,0.0,0.0,1.0,10.0,10.0,4.0,,0.72,19.444444444444446,,6.0,6.0,,0.48,25.0,79.44444444444444,BULL,BULL,BULL,False,,0.8,0.12,1.0
2023-02-13,7.0,5.0,5.0,4.0,0.0,1.0,21.0,,6.0,,,0.24,25.0,10.0,4.0,,0.72,19.444444444444446,,,,,0.0,,65.44444444444444,BULL,BULL,BULL,False,,0.8,0.12,1.0
2023-02-14,7.0,5.0,5.0,4.0,4.0,1.0,25.0,4.0,6.0,,0.0,0.76,13.157894736842104,10.0,8.0,7.0,1.0,25.0,,6.0,6.0,,0.48,25.0,88.15789473684211,BULL,BULL,BULL,False,,0.8,0.12,1.0
2023-02-15,7.0,5.0,5.0,4.0,4.0,1.0,25.0,4.0,6.0,,0.0,0.76,13.157894736842104,10.0,8.0,7.0,1.0,25.0,,6.0,0.0,,0.48,12.5,75.65789473684211,BULL,BULL,BULL,False,,0.8,0.12,1.0
2023-02-16,7.0,5.0,5.0,4.0,4.0,1.0,25.0,4.0,6.0,,0.0,0.76,13.157894736842104,10.0,8.0,7.0,1.0,25.0,,6.0,0.0,,0.48,12.5,75.65789473684211,BULL,BULL,BULL,False,,0.8,0.12,1.0
2023-02-17,7.0,5.0,5.0,4.0,4.0,1.0,25.0,4.0,6.0,,0.0,0.76,13.157894736842104,10.0,8.0,7.0,1.0,25.0,,6.0,0.0,,0.48,12.5,75.65789473684211,BULL,BULL,BULL,False,,0.8,0.12,1.0
2023-02-20,0.0,0.0,5.0,4.0,0.0,1.0,9.0,,,,,0.0,,10.0,,,0.4,25.0,,,,,0.0,,34.0,CAUTION,BULL,BULL,False,,0.8,0.12,1.0
2023-02-21,7.0,0.0,5.0,4.0,4.0,1.0,20.0,4.0,6.0,,0.0,0.76,13.157894736842104,10.0,8.0,,0.72,25.0,,6.0,0.0,,0.48,12.5,70.65789473684211,BULL,BULL,BULL,False,,0.8,0.12,1.0
2023-02-22,7.0,0.0,5.0,4.0,4.0,1.0,20.0,4.0,6.0,,0.0,0.76,13.157894736842104,10.0,8.0,,0.72,25.0,,6.0,0.0,,0.48,12.5,70.65789473684211,BULL,BULL,BULL,False,,0.8,0.12,1.0
2023-02-23,7.0,5.0,5.0,4.0,4.0,1.0,25.0,4.0,6.0,,0.0,0.76,13.157894736842104,10.0,8.0,,0.72,25.0,,6.0,0.0,,0.48,12.5,75.65789473684211,BULL,BULL,BULL,False,,0.8,0.12,1.0
2023-02-24,0.0,0.0,5.0,4.0,4.0,1.0,13.0,4.0,6.0,,0.0,0.76,13.157894736842104,10.0,8.0,,0.72,25.0,,6.0,0.0,,0.48,12.5,63.6578947368421,NEUTRAL,BULL,BULL,False,,0.8,0.12,1.0
2023-02-27,7.0,0.0,5.0,4.0,4.0,1.0,20.0,4.0,6.0,0.0,0.0,1.0,10.0,10.0,8.0,,0.72,25.0,,6.0,0.0,,0.48,12.5,67.5,BULL,BULL,BULL,False,,0.8,0.12,1.0
2023-02-28,0.0,0.0,5.0,4.0,4.0,1.0,13.0,4.0,6.0,0.0,0.0,1.0,10.0,10.0,8.0,,0.72,25.0,,6.0,0.0,,0.48,12.5,60.5,NEUTRAL,BULL,BULL,False,,0.8,0.12,1.0
2023-03-01,0.0,0.0,5.0,4.0,4.0,1.0,13.0,4.0,6.0,0.0,0.0,1.0,10.0,10.0,8.0,,0.72,25.0,,6.0,0.0,,0.48,12.5,60.5,NEUTRAL,NEUTRAL,NEUTRAL,False,,0.5,0.08,0.7
2023-03-02,7.0,0.0,5.0,4.0,0.0,1.0,16.0,4.0,6.0,0.0,0.0,1.0,10.0,10.0,8.0,,0.72,25.0,,6.0,0.0,,0.48,12.5,63.5,NEUTRAL,NEUTRAL,NEUTRAL,False,,0.5,0.08,0.7
2023-03-03,7.0,5.0,5.0,4.0,0.0,1.0,21.0,4.0,6.0,0.0,0.0,1.0,10.0,10.0,8.0,,0.72,25.0,,6.0,0.0,,0.48,12.5,68.5,BULL,NEUTRAL,NEUTRAL,False,,0.5,0.08,0.7
2023-03-06,7.0,5.0,5.0,4.0,4.0,1.0,25.0,4.0,6.0,0.0,0.0,1.0,10.0,10.0,4.0,,0.72,19.444444444444446,,0.0,0.0,,0.48,0.0,54.44444444444444,NEUTRAL,NEUTRAL,NEUTRAL,False,,0.5,0.08,0.7
2023-03-07,7.0,0.0,5.0,4.0,0.0,1.0,16.0,4.0,6.0,0.0,0.0,1.0,10.0,10.0,0.0,,0.72,13.88888888888889,,6.0,0.0,,0.48,12.5,52.388888888888886,NEUTRAL,NEUTRAL,NEUTRAL,False,,0.5,0.08,0.7
2023-03-08,7.0,0.0,5.0,4.0,4.0,1.0,20.0,4.0,6.0,0.0,0.0,1.0,10.0,10.0,0.0,,0.72,13.88888888888889,,6.0,0.0,,0.48,12.5,56.388888888888886,NEUTRAL,NEUTRAL,NEUTRAL,False,,0.5,0.08,0.7
2023-03-09,0.0,0.0,5.0,4.0,4.0,1.0,13.0,4.0,6.0,0.0,0.0,1.0,10.0,5.0,0.0,,0.72,6.944444444444445,,6.0,6.0,,0.48,25.0,54.94444444444444,NEUTRAL,NEUTRAL,CRISIS,True,TERM_BACKWARDATION,0.0,0.0,0.0
2023-03-10,0.0,0.0,5.0,4.0,4.0,1.0,13.0,4.0,3.0,0.0,0.0,1.0,7.000000000000001,5.0,0.0,,0.72,6.944444444444445,,0.0,6.0,,0.48,12.5,39.44444444444444,CAUTION,NEUTRAL,NEUTRAL,False,,0.5,0.08,0.7
2023-03-13,0.0,0.0,5.0,4.0,4.0,1.0,13.0,4.0,3.0,0.0,0.0,1.0,7.000000000000001,2.0,0.0,,0.72,2.7777777777777777,,0.0,6.0,,0.48,12.5,35.27777777777778,CAUTION,CAUTION,CRISIS,True,TERM_BACKWARDATION,0.0,0.0,0.0
2023-03-14,0.0,0.0,5.0,0.0,4.0,1.0,9.0,4.0,3.0,0.0,0.0,1.0,7.000000000000001,5.0,0.0,,0.72,6.944444444444445,,0.0,6.0,,0.48,12.5,35.44444444444444,CAUTION,CAUTION,CAUTION,False,,0.25,0.05,0.4
2023-03-15,0.0,0.0,5.0,0.0,4.0,1.0,9.0,4.0,3.0,0.0,0.0,1.0,7.000000000000001,5.0,0.0,,0.72,6.944444444444445,,0.0,6.0,,0.48,12.5,35.44444444444444,CAUTION,CAUTION,CAUTION,False,,0.25,0.05,0.4
2023-03-16,0.0,0.0,5.0,0.0,4.0,1.0,9.0,4.0,3.0,0.0,0.0,1.0,7.000000000000001,5.0,0.0,,0.72,6.944444444444445,,0.0,6.0,,0.48,12.5,35.44444444444444,CAUTION,CAUTION,CAUTION,False,,0.25,0.05,0.4
2023-03-17,0.0,0.0,5.0,0.0,4.0,1.0,9.0,4.0,3.0,0.0,0.0,1.0,7.000000000000001,5.0,4.0,,0.72,12.5,,0.0,6.0,,0.48,12.5,41.0,CAUTION,CAUTION,CAUTION,False,,0.25,0.05,0.4
2023-03-20,0.0,0.0,5.0,0.0,0.0,1.0,5.0,,3.0,,,0.24,12.5,5.0,0.0,,0.72,6.944444444444445,,,,,0.0,,24.444444444444443,RISK_OFF,CAUTION,CAUTION,False,,0.25,0.05,0.4
2023-03-21,7.0,5.0,5.0,0.0,4.0,1.0,21.0,4.0,3.0,,0.0,0.76,9.210526315789473,10.0,4.0,7.0,1.0,21.0,,0.0,6.0,,0.48,12.5,63.71052631578947,NEUTRAL,CAUTION,CAUTION,False,,0.25,0.05,0.4
2023-03-22,0.0,0.0,5.0,0.0,4.0,1.0,9.0,4.0,3.0,,0.0,0.76,9.210526315789473,10.0,4.0,3.0,1.0,17.0,,0.0,6.0,,0.48,12.5,47.71052631578947,NEUTRAL,NEUTRAL,NEUTRAL,False,,0.5,0.08,0.7
2023-03-23,0.0,0.0,0.0,0.0,4.0,1.0,4.0,0.0,3.0,,0.0,0.76,3.9473684210526314,10.0,8.0,3.0,1.0,21.0,,0.0,6.0,,0.48,12.5,41.44736842105263,CAUTION,NEUTRAL,NEUTRAL,False,,0.5,0.08,0.7
2023-03-24,7.0,5.0,0.0,0.0,4.0,1.0,16.0,0.0,3.0,,0.0,0.76,3.9473684210526314,10.0,8.0,3.0,1.0,21.0,,0.0,6.0,,0.48,12.5,53.44736842105263,NEUTRAL,NEUTRAL,NEUTRAL,False,,0.5,0.08,0.7
2023-03-27,7.0,5.0,0.0,0.0,4.0,1.0,16.0,4.0,3.0,0.0,0.0,1.0,7.000000000000001,10.0,8.0,3.0,1.0,21.0,,0.0,6.0,,0.48,12.5,56.5,NEUTRAL,NEUTRAL,NEUTRAL,False,,0.5,0.08,0.7
2023-03-28,0.0,0.0,0.0,0.0,4.0,1.0,4.0,4.0,3.0,0.0,0.0,1.0,7.000000000000001,10.0,8.0,3.0,1.0,21.0,,0.0,6.0,,0.48,12.5,44.5,CAUTION,NEUTRAL,NEUTRAL,False,,0.5,0.08,0.7
2023-03-29,7.0,5.0,5.0,0.0,4.0,1.0,21.0,4.0,3.0,0.0,0.0,1.0,7.000000000000001,10.0,8.0,3.0,1.0,21.0,,0.0,6.0,,0.48,12.5,61.5,NEUTRAL,NEUTRAL,NEUTRAL,False,,0.5,0.08,0.7
2023-03-30,7.0,5.0,5.0,0.0,4.0,1.0,21.0,4.0,3.0,0.0,0.0,1.0,7.000000000000001,10.0,8.0,3.0,1.0,21.0,,0.0,6.0,,0.48,12.5,61.5,NEUTRAL,NEUTRAL,NEUTRAL,False,,0.5,0.08,0.7
2023-03-31,7.0,5.0,5.0,0.0,4.0,1.0,21.0,4.0,3.0,0.0,0.0,1.0,7.000000000000001,10.0,8.0,3.0,1.0,21.0,,0.0,6.0,,0.48,12.5,61.5,NEUTRAL,NEUTRAL,NEUTRAL,False,,0.5,0.08,0.7
2023-04-03,7.0,5.0,5.0,0.0,4.0,1.0,21.0,4.0,3.0,0.0,0.0,1.0,7.000000000000001,10.0,8.0,3.0,1.0,21.0,,0.0,6.0,,0.48,12.5,61.5,NEUTRAL,NEUTRAL,NEUTRAL,False,,0.5,0.08,0.7
2023-04-04,7.0,5.0,5.0,0.0,4.0,1.0,21.0,4.0,3.0,0.0,0.0,1.0,7.000000000000001,10.0,8.0,7.0,1.0,25.0,,0.0,6.0,,0.48,12.5,65.5,BULL,NEUTRAL,NEUTRAL,False,,0.5,0.08,0.7
2023-04-05,7.0,5.0,5.0,4.0,4.0,1.0,25.0,4.0,3.0,0.0,0.0,1.0,7.000000000000001,10.0,8.0,7.0,1.0,25.0,,0.0,6.0,,0.48,12.5,69.5,BULL,BULL,BULL,False,,0.8,0.12,1.0
2023-04-06,7.0,5.0,5.0,4.0,4.0,1.0,25.0,4.0,3.0,0.0,0.0,1.0,7.000000000000001,10.0,8.0,7.0,1.0,25.0,,0.0,6.0,,0.48,12.5,69.5,BULL,BULL,BULL,False,,0.8,0.12,1.0
2023-04-10,7.0,5.0,5.0,4.0,4.0,1.0,25.0,4.0,3.0,0.0,0.0,1.0,7.000000000000001,10.0,8.0,7.0,1.0,25.0,,0.0,6.0,,0.48,12.5,69.5,BULL,BULL,BULL,False,,0.8,0.12,1.0
2023-04-11,7.0,5.0,5.0,4.0,4.0,1.0,25.0,4.0,,0.0,0.0,0.76,5.263157894736842,10.0,8.0,7.0,1.0,25.0,,0.0,6.0,,0.48,12.5,67.76315789473685,BULL,BULL,BULL,False,,0.8,0.12,1.0
2023-04-12,7.0,5.0,5.0,4.0,4.0,1.0,25.0,4.0,3.0,0.0,0.0,1.0,7.000000000000001,10.0,8.0,7.0,1.0,25.0,,0.0,6.0,,0.48,12.5,69.5,BULL,BULL,BULL,False,,0.8,0.12,1.0
2023-04-13,7.0,5.0,5.0,4.0,4.0,1.0,25.0,4.0,3.0,0.0,0.0,1.0,7.000000000000001,10.0,8.0,7.0,1.0,25.0,,0.0,6.0,,0.48,12.5,69.5,BULL,BULL,BULL,False,,0.8,0.12,1.0
2023-04-14,7.0,5.0,5.0,4.0,0.0,1.0,21.0,4.0,3.0,0.0,0.0,1.0,7.000000000000001,10.0,8.0,7.0,1.0,25.0,,0.0,6.0,,0.48,12.5,65.5,BULL,BULL,BULL,False,,0.8,0.12,1.0
2023-04-17,7.0,5.0,5.0,4.0,0.0,1.0,21.0,4.0,3.0,0.0,0.0,1.0,7.000000000000001,10.0,8.0,7.0,1.0,25.0,,0.0,6.0,,0.48,12.5,65.5,BULL,BULL,BULL,False,,0.8,0.12,1.0
2023-04-18,7.0,5.0,5.0,4.0,0.0,1.0,21.0,4.0,3.0,0.0,0.0,1.0,7.000000000000001,10.0,8.0,7.0,1.0,25.0,,0.0,6.0,,0.48,12.5,65.5,BULL,BULL,BULL,False,,0.8,0.12,1.0
2023-04-19,7.0,5.0,5.0,4.0,0.0,1.0,21.0,4.0,3.0,0.0,0.0,1.0,7.000000000000001,10.0,8.0,7.0,1.0,25.0,,0.0,6.0,,0.48,12.5,65.5,BULL,BULL,BULL,False,,0.8,0.12,1.0
2023-04-20,7.0,5.0,5.0,4.0,0.0,1.0,21.0,8.0,3.0,0.0,5.0,1.0,16.0,10.0,8.0,7.0,1.0,25.0,,0.0,6.0,,0.48,12.5,74.5,BULL,BULL,BULL,False,,0.8,0.12,1.0
2023-04-21,7.0,5.0,5.0,4.0,0.0,1.0,21.0,8.0,3.0,0.0,5.0,1.0,16.0,10.0,8.0,7.0,1.0,25.0,,6.0,6.0,,0.48,25.0,87.0,BULL,BULL,BULL,False,,0.8,0.12,1.0
2023-04-24,7.0,5.0,5.0,4.0,0.0,1.0,21.0,8.0,3.0,6.0,5.0,1.0,22.0,10.0,8.0,7.0,1.0,25.0,,6.0,6.0,,0.48,25.0,93.0,STRONG_BULL,BULL,BULL,False,,0.8,0.12,1.0
2023-04-25,7.0,5.0,5.0,4.0,0.0,1.0,21.0,4.0,3.0,6.0,0.0,1.0,13.0,10.0,8.0,7.0,1.0,25.0,,0.0,6.0,,0.48,12.5,71.5,BULL,BULL,BULL,False,,0.8,0.12,1.0
2023-04-26,7.0,5.0,5.0,4.0,0.0,1.0,21.0,4.0,3.0,6.0,0.0,1.0,13.0,10.0,8.0,7.0,1.0,25.0,,0.0,6.0,,0.48,12.5,71.5,BULL,BULL,BULL,False,,0.8,0.12,1.0
2023-04-27,7.0,5.0,5.0,4.0,0.0,1.0,21.0,4.0,3.0,0.0,0.0,1.0,7.000000000000001,10.0,8.0,7.0,1.0,25.0,,0.0,6.0,,0.48,12.5,65.5,BULL,BULL,BULL,False,,0.8,0.12,1.0
2023-04-28,7.0,5.0,5.0,4.0,0.0,1.0,21.0,4.0,3.0,0.0,0.0,1.0,7.000000000000001,10.0,8.0,7.0,1.0,25.0,,0.0,6.0,,0.48,12.5,65.5,BULL,BULL,BULL,False,,0.8,0.12,1.0
2023-05-01,7.0,5.0,5.0,4.0,0.0,1.0,21.0,4.0,3.0,0.0,0.0,1.0,7.000000000000001,10.0,8.0,7.0,1.0,25.0,,0.0,6.0,,0.48,12.5,65.5,BULL,BULL,BULL,False,,0.8,0.12,1.0
2023-05-02,7.0,5.0,5.0,4.0,0.0,1.0,21.0,4.0,3.0,0.0,0.0,1.0,7.000000000000001,10.0,8.0,7.0,1.0,25.0,0.0,0.0,6.0,4.0,1.0,10.0,63.0,NEUTRAL,BULL,BULL,False,,0.8,0.12,1.0
2023-05-03,7.0,5.0,5.0,4.0,0.0,1.0,21.0,4.0,3.0,0.0,0.0,1.0,7.000000000000001,10.0,8.0,7.0,1.0,25.0,0.0,0.0,6.0,4.0,1.0,10.0,63.0,NEUTRAL,NEUTRAL,NEUTRAL,False,,0.5,0.08,0.7
2023-05-04,7.0,5.0,5.0,4.0,4.0,1.0,25.0,4.0,3.0,0.0,0.0,1.0,7.000000000000001,10.0,8.0,7.0,1.0,25.0,0.0,0.0,6.0,4.0,1.0,10.0,67.0,BULL,NEUTRAL,NEUTRAL,False,,0.5,0.08,0.7
2023-05-05,7.0,5.0,5.0,4.0,4.0,1.0,25.0,4.0,3.0,0.0,0.0,1.0,7.000000000000001,10.0,8.0,7.0,1.0,25.0,0.0,6.0,6.0,4.0,1.0,16.0,73.0,BULL,BULL,BULL,False,,0.8,0.12,1.0
2023-05-08,7.0,5.0,5.0,4.0,4.0,1.0,25.0,4.0,3.0,0.0,0.0,1.0,7.000000000000001,10.0,8.0,7.0,1.0,25.0,0.0,0.0,6.0,4.0,1.0,10.0,67.0,BULL,BULL,BULL,False,,0.8,0.12,1.0
2023-05-09,7.0,5.0,5.0,4.0,4.0,1.0,25.0,4.0,3.0,0.0,0.0,1.0,7.000000000000001,10.0,8.0,7.0,1.0,25.0,0.0,0.0,6.0,4.0,1.0,10.0,67.0,BULL,BULL,BULL,False,,0.8,0.12,1.0
2023-05-10,7.0,5.0,5.0,4.0,4.0,1.0,25.0,4.0,3.0,0.0,0.0,1.0,7.000000000000001,10.0,8.0,7.0,1.0,25.0,0.0,0.0,6.0,4.0,1.0,10.0,67.0,BULL,BULL,BULL,False,,0.8,0.12,1.0
2023-05-11,7.0,5.0,5.0,4.0,4.0,1.0,25.0,4.0,3.0,0.0,0.0,1.0,7.000000000000001,10.0,8.0,7.0,1.0,25.0,0.0,0.0,6.0,4.0,1.0,10.0,67.0,BULL,BULL,BULL,False,,0.8,0.12,1.0
2023-05-12,7.0,5.0,5.0,4.0,4.0,1.0,25.0,4.0,3.0,0.0,0.0,1.0,7.000000000000001,10.0,8.0,7.0,1.0,25.0,0.0,0.0,6.0,0.0,1.0,6.0,63.0,NEUTRAL,BULL,BULL,False,,0.8,0.12,1.0
2023-05-15,7.0,5.0,5.0,4.0,4.0,1.0,25.0,4.0,3.0,0.0,0.0,1.0,7.000000000000001,10.0,8.0,7.0,1.0,25.0,0.0,0.0,6.0,4.0,1.0,10.0,67.0,BULL,BULL,BULL,False,,0.8,0.12,1.0
2023-05-16,7.0,5.0,5.0,4.0,4.0,1.0,25.0,4.0,,0.0,0.0,0.76,5.263157894736842,10.0,8.0,7.0,1.0,25.0,0.0,0.0,6.0,0.0,1.0,6.0,61.26315789473684,NEUTRAL,BULL,BULL,False,,0.8,0.12,1.0
2023-05-17,7.0,5.0,5.0,4.0,4.0,1.0,25.0,4.0,3.0,0.0,0.0,1.0,7.000000000000001,10.0,8.0,7.0,1.0,25.0,9.0,0.0,6.0,0.0,1.0,15.0,72.0,BULL,BULL,BULL,False,,0.8,0.12,1.0
2023-05-18,7.0,5.0,5.0,4.0,4.0,1.0,25.0,4.0,3.0,0.0,0.0,1.0,7.000000000000001,10.0,8.0,7.0,1.0,25.0,9.0,0.0,6.0,0.0,1.0,15.0,72.0,BULL,BULL,BULL,False,,0.8,0.12,1.0
2023-05-19,7.0,5.0,5.0,4.0,4.0,1.0,25.0,4.0,3.0,0.0,0.0,1.0,7.000000000000001,10.0,8.0,7.0,1.0,25.0,9.0,0.0,6.0,0.0,1.0,15.0,72.0,BULL,BULL,BULL,False,,0.8,0.12,1.0
2023-05-22,7.0,5.0,5.0,4.0,4.0,1.0,25.0,4.0,3.0,0.0,0.0,1.0,7.000000000000001,10.0,8.0,7.0,1.0,25.0,9.0,0.0,6.0,0.0,1.0,15.0,72.0,BULL,BULL,BULL,False,,0.8,0.12,1.0
2023-05-23,7.0,5.0,5.0,4.0,4.0,1.0,25.0,4.0,3.0,0.0,0.0,1.0,7.000000000000001,10.0,8.0,7.0,1.0,25.0,9.0,6.0,0.0,0.0,1.0,15.0,72.0,BULL,BULL,BULL,False,,0.8,0.12,1.0
2023-05-24,7.0,5.0,5.0,4.0,4.0,1.0,25.0,4.0,3.0,0.0,0.0,1.0,7.000000000000001,10.0,8.0,7.0,1.0,25.0,9.0,6.0,6.0,0.0,1.0,21.0,78.0,BULL,BULL,BULL,False,,0.8,0.12,1.0
2023-05-25,7.0,5.0,5.0,4.0,4.0,1.0,25.0,4.0,0.0,0.0,0.0,1.0,4.0,10.0,8.0,7.0,1.0,25.0,9.0,6.0,6.0,0.0,1.0,21.0,75.0,BULL,BULL,BULL,False,,0.8,0.12,1.0
2023-05-26,7.0,5.0,5.0,4.0,4.0,1.0,25.0,4.0,0.0,0.0,0.0,1.0,4.0,10.0,8.0,7.0,1.0,25.0,9.0,6.0,0.0,0.0,1.0,15.0,69.0,BULL,BULL,BULL,False,,0.8,0.12,1.0
2023-05-29,0.0,0.0,5.0,4.0,0.0,1.0,9.0,,,,,0.0,,10.0,,,0.4,25.0,,,,,0.0,,34.0,CAUTION,BULL,BULL,False,,0.8,0.12,1.0
2023-05-30,7.0,5.0,5.0,4.0,4.0,1.0,25.0,4.0,0.0,,0.0,0.76,5.263157894736842,10.0,8.0,,0.72,25.0,,6.0,6.0,,0.48,25.0,80.26315789473685,BULL,BULL,BULL,False,,0.8,0.12,1.0
2023-05-31,7.0,5.0,5.0,4.0,4.0,1.0,25.0,4.0,0.0,,0.0,0.76,5.263157894736842,10.0,8.0,,0.72,25.0,,0.0,6.0,,0.48,12.5,67.76315789473685,BULL,BULL,BULL,False,,0.8,0.12,1.0
2023-06-01,7.0,5.0,5.0,4.0,4.0,1.0,25.0,4.0,0.0,,0.0,0.76,5.263157894736842,10.0,8.0,,0.72,25.0,,0.0,6.0,,0.48,12.5,67.76315789473685,BULL,BULL,BULL,False,,0.8,0.12,1.0
2023-06-02,7.0,5.0,5.0,4.0,4.0,1.0,25.0,4.0,0.0,,0.0,0.76,5.263157894736842,10.0,8.0,,0.72,25.0,,6.0,6.0,,0.48,25.0,80.26315789473685,BULL,BULL,BULL,False,,0.8,0.12,1.0
2023-06-05,7.0,5.0,5.0,4.0,4.0,1.0,25.0,4.0,3.0,0.0,0.0,1.0,7.000000000000001,10.0,8.0,,0.72,25.0,,6.0,6.0,,0.48,25.0,82.0,BULL,BULL,BULL,False,,0.8,0.12,1.0
2023-06-06,7.0,5.0,5.0,4.0,4.0,1.0,25.0,4.0,3.0,0.0,0.0,1.0,7.000000000000001,10.0,8.0,,0.72,25.0,,6.0,6.0,,0.48,25.0,82.0,BULL,BULL,BULL,False,,0.8,0.12,1.0
2023-06-07,7.0,5.0,5.0,4.0,4.0,1.0,25.0,4.0,3.0,0.0,0.0,1.0,7.000000000000001,10.0,8.0,,0.72,25.0,,6.0,0.0,,0.48,12.5,69.5,BULL,BULL,BULL,False,,0.8,0.12,1.0
2023-06-08,7.0,5.0,5.0,4.0,4.0,1.0,25.0,4.0,3.0,0.0,0.0,1.0,7.000000000000001,10.0,8.0,,0.72,25.0,,6.0,0.0,,0.48,12.5,69.5,BULL,BULL,BULL,False,,0.8,0.12,1.0
2023-06-09,7.0,5.0,5.0,4.0,4.0,1.0,25.0,4.0,3.0,0.0,0.0,1.0,7.000000000000001,10.0,8.0,,0.72,25.0,,6.0,6.0,,0.48,25.0,82.0,BULL,BULL,BULL,False,,0.8,0.12,1.0
2023-06-12,7.0,5.0,5.0,4.0,4.0,1.0,25.0,4.0,3.0,0.0,0.0,1.0,7.000000000000001,10.0,8.0,,0.72,25.0,,6.0,6.0,,0.48,25.0,82.0,BULL,BULL,BULL,False,,0.8,0.12,1.0
2023-06-13,7.0,5.0,5.0,4.0,4.0,1.0,25.0,4.0,3.0,0.0,0.0,1.0,7.000000000000001,10.0,8.0,,0.72,25.0,,6.0,6.0,,0.48,25.0,82.0,BULL,BULL,BULL,False,,0.8,0.12,1.0
2023-06-14,7.0,5.0,5.0,4.0,4.0,1.0,25.0,4.0,3.0,0.0,0.0,1.0,7.000000000000001,10.0,8.0,,0.72,25.0,,6.0,6.0,,0.48,25.0,82.0,BULL,BULL,BULL,False,,0.8,0.12,1.0
2023-06-15,7.0,5.0,5.0,4.0,4.0,1.0,25.0,4.0,3.0,0.0,0.0,1.0,7.000000000000001,10.0,8.0,,0.72,25.0,,6.0,6.0,,0.48,25.0,82.0,BULL,BULL,BULL,False,,0.8,0.12,1.0
2023-06-16,7.0,5.0,5.0,4.0,4.0,1.0,25.0,4.0,3.0,0.0,0.0,1.0,7.000000000000001,10.0,8.0,,0.72,25.0,,6.0,6.0,,0.48,25.0,82.0,BULL,BULL,BULL,False,,0.8,0.12,1.0
2023-06-19,0.0,0.0,5.0,4.0,0.0,1.0,9.0,,,,,0.0,,10.0,,,0.4,25.0,,,,,0.0,,34.0,CAUTION,BULL,BULL,False,,0.8,0.12,1.0
2023-06-20,7.0,5.0,5.0,4.0,4.0,1.0,25.0,4.0,3.0,,0.0,0.76,9.210526315789473,10.0,8.0,,0.72,25.0,,0.0,6.0,,0.48,12.5,71.71052631578948,BULL,BULL,BULL,False,,0.8,0.12,1.0
2023-06-21,7.0,5.0,5.0,4.0,4.0,1.0,25.0,4.0,3.0,,0.0,0.76,9.210526315789473,10.0,8.0,,0.72,25.0,,6.0,6.0,,0.48,25.0,84.21052631578948,BULL,BULL,BULL,False,,0.8,0.12,1.0
2023-06-22,7.0,5.0,5.0,4.0,4.0,1.0,25.0,4.0,3.0,,0.0,0.76,9.210526315789473,10.0,8.0,,0.72,25.0,,6.0,6.0,,0.48,25.0,84.21052631578948,BULL,BULL,BULL,False,,0.8,0.12,1.0
2023-06-23,7.0,5.0,5.0,4.0,4.0,1.0,25.0,4.0,3.0,,0.0,0.76,9.210526315789473,10.0,8.0,,0.72,25.0,,6.0,6.0,,0.48,25.0,84.21052631578948,BULL,BULL,BULL,False,,0.8,0.12,1.0
2023-06-26,7.0,5.0,5.0,4.0,0.0,1.0,21.0,,3.0,,,0.24,12.5,10.0,8.0,,0.72,25.0,,,,,0.0,,58.5,NEUTRAL,BULL,BULL,False,,0.8,0.12,1.0
2023-06-27,7.0,5.0,5.0,4.0,0.0,1.0,21.0,8.0,3.0,,5.0,0.76,21.052631578947366,10.0,8.0,,0.72,25.0,,6.0,6.0,,0.48,25.0,92.05263157894737,STRONG_BULL,BULL,BULL,False,,0.8,0.12,1.0
2023-06-28,7.0,5.0,5.0,4.0,4.0,1.0,25.0,8.0,3.0,,5.0,0.76,21.052631578947366,10.0,8.0,,0.72,25.0,,6.0,6.0,,0.48,25.0,96.05263157894737,STRONG_BULL,STRONG_BULL,STRONG_BULL,False,,1.0,0.15,1.15
2023-06-29,7.0,5.0,5.0,4.0,0.0,1.0,21.0,8.0,3.0,,5.0,0.76,21.052631578947366,10.0,8.0,,0.72,25.0,,6.0,6.0,,0.48,25.0,92.05263157894737,STRONG_BULL,STRONG_BULL,STRONG_BULL,False,,1.0,0.15,1.15
2023-06-30,7.0,5.0,5.0,4.0,4.0,1.0,25.0,8.0,3.0,,5.0,0.76,21.052631578947366,10.0,8.0,,0.72,25.0,,6.0,6.0,,0.48,25.0,96.05263157894737,STRONG_BULL,STRONG_BULL,STRONG_BULL,False,,1.0,0.15,1.15
2023-07-03,7.0,5.0,5.0,4.0,4.0,1.0,25.0,8.0,3.0,6.0,5.0,1.0,22.0,10.0,8.0,,0.72,25.0,,6.0,6.0,,0.48,25.0,97.0,STRONG_BULL,STRONG_BULL,STRONG_BULL,False,,1.0,0.15,1.15
2023-07-04,0.0,0.0,5.0,4.0,0.0,1.0,9.0,,,,,0.0,,10.0,,,0.4,25.0,,,,,0.0,,34.0,CAUTION,STRONG_BULL,STRONG_BULL,False,,1.0,0.15,1.15
2023-07-05,7.0,5.0,5.0,4.0,4.0,1.0,25.0,4.0,3.0,,0.0,0.76,9.210526315789473,10.0,8.0,,0.72,25.0,,0.0,6.0,,0.48,12.5,71.71052631578948,BULL,STRONG_BULL,STRONG_BULL,False,,1.0,0.15,1.15
2023-07-06,7.0,5.0,5.0,4.0,4.0,1.0,25.0,4.0,3.0,,0.0,0.76,9.210526315789473,10.0,8.0,,0.72,25.0,,0.0,0.0,,0.48,0.0,59.21052631578947,NEUTRAL,STRONG_BULL,STRONG_BULL,False,,1.0,0.15,1.15
2023-07-07,7.0,5.0,5.0,4.0,4.0,1.0,25.0,8.0,3.0,,5.0,0.76,21.052631578947366,10.0,8.0,,0.72,25.0,,0.0,0.0,,0.48,0.0,71.05263157894737,BULL,STRONG_BULL,STRONG_BULL,False,,1.0,0.15,1.15
2023-07-10,7.0,5.0,5.0,4.0,4.0,1.0,25.0,8.0,3.0,,5.0,0.76,21.052631578947366,10.0,8.0,,0.72,25.0,,6.0,6.0,,0.48,25.0,96.05263157894737,STRONG_BULL,STRONG_BULL,STRONG_BULL,False,,1.0,0.15,1.15
2023-07-11,7.0,5.0,5.0,4.0,0.0,1.0,21.0,8.0,3.0,6.0,5.0,1.0,22.0,10.0,8.0,,0.72,25.0,,6.0,6.0,,0.48,25.0,93.0,STRONG_BULL,STRONG_BULL,STRONG_BULL,False,,1.0,0.15,1.15
2023-07-12,7.0,5.0,5.0,4.0,0.0,1.0,21.0,8.0,3.0,6.0,5.0,1.0,22.0,10.0,8.0,,0.72,25.0,,6.0,6.0,,0.48,25.0,93.0,STRONG_BULL,STRONG_BULL,STRONG_BULL,False,,1.0,0.15,1.15
2023-07-13,7.0,5.0,5.0,4.0,4.0,1.0,25.0,8.0,3.0,6.0,5.0,1.0,22.0,10.0,8.0,,0.72,25.0,,6.0,6.0,,0.48,25.0,97.0,STRONG_BULL,STRONG_BULL,STRONG_BULL,False,,1.0,0.15,1.15
2023-07-14,7.0,5.0,5.0,4.0,4.0,1.0,25.0,8.0,3.0,6.0,5.0,1.0,22.0,10.0,8.0,,0.72,25.0,,6.0,6.0,,0.48,25.0,97.0,STRONG_BULL,STRONG_BULL,STRONG_BULL,False,,1.0,0.15,1.15
2023-07-17,7.0,5.0,5.0,4.0,0.0,1.0,21.0,,3.0,,,0.24,12.5,10.0,8.0,,0.72,25.0,,,,,0.0,,58.5,NEUTRAL,STRONG_BULL,STRONG_BULL,False,,1.0,0.15,1.15
2023-07-18,7.0,5.0,5.0,4.0,4.0,1.0,25.0,8.0,3.0,,5.0,0.76,21.052631578947366,10.0,8.0,,0.72,25.0,,6.0,6.0,,0.48,25.0,96.05263157894737,STRONG_BULL,STRONG_BULL,STRONG_BULL,False,,1.0,0.15,1.15
2023-07-19,7.0,5.0,5.0,4.0,4.0,1.0,25.0,8.0,3.0,,5.0,0.76,21.052631578947366,10.0,8.0,,0.72,25.0,,6.0,6.0,,0.48,25.0,96.05263157894737,STRONG_BULL,STRONG_BULL,STRONG_BULL,False,,1.0,0.15,1.15
2023-07-20,7.0,5.0,5.0,4.0,0.0,1.0,21.0,8.0,3.0,,5.0,0.76,21.052631578947366,10.0,8.0,,0.72,25.0,,6.0,6.0,,0.48,25.0,92.05263157894737,STRONG_BULL,STRONG_BULL,STRONG_BULL,False,,1.0,0.15,1.15
2023-07-21,7.0,5.0,5.0,4.0,0.0,1.0,21.0,8.0,3.0,,5.0,0.76,21.052631578947366,10.0,8.0,,0.72,25.0,,6.0,6.0,,0.48,25.0,92.05263157894737,STRONG_BULL,STRONG_BULL,STRONG_BULL,False,,1.0,0.15,1.15
2023-07-24,7.0,5.0,5.0,4.0,0.0,1.0,21.0,8.0,3.0,6.0,5.0,1.0,22.0,10.0,8.0,,0.72,25.0,,6.0,6.0,,0.48,25.0,93.0,STRONG_BULL,STRONG_BULL,STRONG_BULL,False,,1.0,0.15,1.15
2023-07-25,7.0,5.0,5.0,4.0,0.0,1.0,21.0,8.0,3.0,6.0,5.0,1.0,22.0,10.0,8.0,,0.72,25.0,,6.0,6.0,,0.48,25.0,93.0,STRONG_BULL,STRONG_BULL,STRONG_BULL,False,,1.0,0.15,1.15
2023-07-26,7.0,5.0,5.0,4.0,0.0,1.0,21.0,8.0,3.0,6.0,5.0,1.0,22.0,10.0,8.0,,0.72,25.0,,6.0,6.0,,0.48,25.0,93.0,STRONG_BULL,STRONG_BULL,STRONG_BULL,False,,1.0,0.15,1.15
2023-07-27,7.0,5.0,5.0,4.0,4.0,1.0,25.0,8.0,3.0,6.0,5.0,1.0,22.0,10.0,8.0,,0.72,25.0,,6.0,6.0,,0.48,25.0,97.0,STRONG_BULL,STRONG_BULL,STRONG_BULL,False,,1.0,0.15,1.15
2023-07-28,7.0,5.0,5.0,4.0,4.0,1.0,25.0,8.0,3.0,6.0,5.0,1.0,22.0,10.0,8.0,,0.72,25.0,,6.0,6.0,,0.48,25.0,97.0,STRONG_BULL,STRONG_BULL,STRONG_BULL,False,,1.0,0.15,1.15
2023-07-31,7.0,5.0,5.0,4.0,4.0,1.0,25.0,8.0,3.0,6.0,5.0,1.0,22.0,10.0,8.0,,0.72,25.0,,6.0,6.0,,0.48,25.0,97.0,STRONG_BULL,STRONG_BULL,STRONG_BULL,False,,1.0,0.15,1.15
2023-08-01,7.0,5.0,5.0,4.0,0.0,1.0,21.0,,3.0,,,0.24,12.5,10.0,8.0,,0.72,25.0,,,,,0.0,,58.5,NEUTRAL,STRONG_BULL,STRONG_BULL,False,,1.0,0.15,1.15
2023-08-02,7.0,5.0,5.0,4.0,0.0,1.0,21.0,8.0,3.0,,5.0,0.76,21.052631578947366,10.0,8.0,7.0,1.0,25.0,,6.0,6.0,,0.48,25.0,92.05263157894737,STRONG_BULL,STRONG_BULL,STRONG_BULL,False,,1.0,0.15,1.15
2023-08-03,7.0,5.0,5.0,4.0,0.0,1.0,21.0,8.0,3.0,,5.0,0.76,21.052631578947366,10.0,8.0,7.0,1.0,25.0,,6.0,6.0,,0.48,25.0,92.05263157894737,STRONG_BULL,STRONG_BULL,STRONG_BULL,False,,1.0,0.15,1.15
2023-08-04,7.0,5.0,5.0,4.0,0.0,1.0,21.0,8.0,3.0,,5.0,0.76,21.052631578947366,10.0,8.0,7.0,1.0,25.0,,6.0,6.0,,0.48,25.0,92.05263157894737,STRONG_BULL,STRONG_BULL,STRONG_BULL,False,,1.0,0.15,1.15
2023-08-07,7.0,5.0,5.0,4.0,0.0,1.0,21.0,4.0,3.0,,0.0,0.76,9.210526315789473,10.0,8.0,7.0,1.0,25.0,,6.0,6.0,,0.48,25.0,80.21052631578948,BULL,STRONG_BULL,STRONG_BULL,False,,1.0,0.15,1.15
2023-08-08,7.0,5.0,5.0,4.0,0.0,1.0,21.0,4.0,3.0,0.0,0.0,1.0,7.000000000000001,10.0,8.0,7.0,1.0,25.0,,6.0,6.0,,0.48,25.0,78.0,BULL,BULL,BULL,False,,0.8,0.12,1.0
2023-08-09,7.0,5.0,5.0,4.0,0.0,1.0,21.0,4.0,3.0,0.0,0.0,1.0,7.000000000000001,10.0,8.0,7.0,1.0,25.0,,6.0,6.0,,0.48,25.0,78.0,BULL,BULL,BULL,False,,0.8,0.12,1.0
2023-08-10,7.0,5.0,5.0,4.0,0.0,1.0,21.0,4.0,3.0,0.0,0.0,1.0,7.000000000000001,10.0,8.0,7.0,1.0,25.0,,6.0,0.0,,0.48,12.5,65.5,BULL,BULL,BULL,False,,0.8,0.12,1.0
2023-08-11,7.0,5.0,5.0,4.0,0.0,1.0,21.0,8.0,3.0,0.0,5.0,1.0,16.0,10.0,8.0,7.0,1.0,25.0,,6.0,0.0,,0.48,12.5,74.5,BULL,BULL,BULL,False,,0.8,0.12,1.0
2023-08-14,7.0,5.0,5.0,4.0,0.0,1.0,21.0,4.0,3.0,0.0,0.0,1.0,7.000000000000001,10.0,8.0,7.0,1.0,25.0,,6.0,0.0,,0.48,12.5,65.5,BULL,BULL,BULL,False,,0.8,0.12,1.0
2023-08-15,7.0,5.0,5.0,4.0,0.0,1.0,21.0,4.0,3.0,0.0,0.0,1.0,7.000000000000001,10.0,8.0,7.0,1.0,25.0,,0.0,0.0,,0.48,0.0,53.0,NEUTRAL,BULL,BULL,False,,0.8,0.12,1.0
2023-08-16,7.0,0.0,5.0,4.0,0.0,1.0,16.0,4.0,3.0,0.0,0.0,1.0,7.000000000000001,10.0,8.0,7.0,1.0,25.0,,0.0,0.0,,0.48,0.0,48.0,NEUTRAL,NEUTRAL,NEUTRAL,False,,0.5,0.08,0.7
2023-08-17,7.0,0.0,5.0,4.0,0.0,1.0,16.0,4.0,3.0,0.0,0.0,1.0,7.000000000000001,10.0,8.0,7.0,1.0,25.0,,0.0,0.0,,0.48,0.0,48.0,NEUTRAL,NEUTRAL,NEUTRAL,False,,0.5,0.08,0.7
2023-08-18,7.0,0.0,5.0,4.0,0.0,1.0,16.0,4.0,6.0,0.0,0.0,1.0,10.0,10.0,8.0,7.0,1.0,25.0,,0.0,0.0,,0.48,0.0,51.0,NEUTRAL,NEUTRAL,NEUTRAL,False,,0.5,0.08,0.7
2023-08-21,7.0,0.0,5.0,4.0,0.0,1.0,16.0,4.0,,0.0,0.0,0.76,5.263157894736842,10.0,8.0,7.0,1.0,25.0,,0.0,0.0,,0.48,0.0,46.26315789473684,NEUTRAL,NEUTRAL,NEUTRAL,False,,0.5,0.08,0.7
2023-08-22,7.0,0.0,5.0,4.0,0.0,1.0,16.0,4.0,3.0,0.0,0.0,1.0,7.000000000000001,10.0,8.0,7.0,1.0,25.0,,0.0,0.0,,0.48,0.0,48.0,NEUTRAL,NEUTRAL,NEUTRAL,False,,0.5,0.08,0.7
2023-08-23,7.0,5.0,5.0,4.0,4.0,1.0,25.0,4.0,3.0,0.0,0.0,1.0,7.000000000000001,10.0,8.0,7.0,1.0,25.0,,0.0,0.0,,0.48,0.0,57.0,NEUTRAL,NEUTRAL,NEUTRAL,False,,0.5,0.08,0.7
2023-08-24,7.0,0.0,5.0,4.0,0.0,1.0,16.0,4.0,6.0,0.0,0.0,1.0,10.0,10.0,8.0,7.0,1.0,25.0,,0.0,6.0,,0.48,12.5,63.5,NEUTRAL,NEUTRAL,NEUTRAL,False,,0.5,0.08,0.7
2023-08-25,7.0,0.0,5.0,4.0,0.0,1.0,16.0,4.0,3.0,0.0,0.0,1.0,7.000000000000001,10.0,8.0,7.0,1.0,25.0,,0.0,6.0,,0.48,12.5,60.5,NEUTRAL,NEUTRAL,NEUTRAL,False,,0.5,0.08,0.7
2023-08-28,7.0,5.0,5.0,4.0,0.0,1.0,21.0,4.0,3.0,0.0,0.0,1.0,7.000000000000001,10.0,8.0,7.0,1.0,25.0,,0.0,6.0,,0.48,12.5,65.5,BULL,NEUTRAL,NEUTRAL,False,,0.5,0.08,0.7
2023-08-29,7.0,5.0,5.0,4.0,0.0,1.0,21.0,4.0,3.0,0.0,0.0,1.0,7.000000000000001,10.0,8.0,7.0,1.0,25.0,,0.0,6.0,,0.48,12.5,65.5,BULL,BULL,BULL,False,,0.8,0.12,1.0
2023-08-30,7.0,5.0,5.0,4.0,4.0,1.0,25.0,4.0,3.0,0.0,0.0,1.0,7.000000000000001,10.0,8.0,7.0,1.0,25.0,,0.0,6.0,,0.48,12.5,69.5,BULL,BULL,BULL,False,,0.8,0.12,1.0
2023-08-31,7.0,5.0,5.0,4.0,4.0,1.0,25.0,4.0,3.0,0.0,0.0,1.0,7.000000000000001,10.0,8.0,7.0,1.0,25.0,,0.0,6.0,,0.48,12.5,69.5,BULL,BULL,BULL,False,,0.8,0.12,1.0
2023-09-01,7.0,5.0,5.0,4.0,4.0,1.0,25.0,4.0,3.0,0.0,0.0,1.0,7.000000000000001,10.0,8.0,7.0,1.0,25.0,,0.0,6.0,,0.48,12.5,69.5,BULL,BULL,BULL,False,,0.8,0.12,1.0
2023-09-04,0.0,0.0,5.0,4.0,0.0,1.0,9.0,,,,,0.0,,10.0,,,0.4,25.0,,,,,0.0,,34.0,CAUTION,BULL,BULL,False,,0.8,0.12,1.0
2023-09-05,7.0,5.0,5.0,4.0,4.0,1.0,25.0,4.0,3.0,,0.0,0.76,9.210526315789473,10.0,8.0,,0.72,25.0,,0.0,6.0,,0.48,12.5,71.71052631578948,BULL,BULL,BULL,False,,0.8,0.12,1.0
2023-09-06,7.0,5.0,5.0,4.0,4.0,1.0,25.0,4.0,3.0,,0.0,0.76,9.210526315789473,10.0,8.0,,0.72,25.0,,0.0,6.0,,0.48,12.5,71.71052631578948,BULL,BULL,BULL,False,,0.8,0.12,1.0
2023-09-07,7.0,5.0,5.0,4.0,4.0,1.0,25.0,4.0,3.0,,0.0,0.76,9.210526315789473,10.0,8.0,,0.72,25.0,,0.0,6.0,,0.48,12.5,71.71052631578948,BULL,BULL,BULL,False,,0.8,0.12,1.0
2023-09-08,7.0,5.0,5.0,4.0,4.0,1.0,25.0,4.0,3.0,,0.0,0.76,9.210526315789473,10.0,8.0,,0.72,25.0,,0.0,6.0,,0.48,12.5,71.71052631578948,BULL,BULL,BULL,False,,0.8,0.12,1.0
2023-09-11,7.0,5.0,5.0,4.0,4.0,1.0,25.0,4.0,,0.0,0.0,0.76,5.263157894736842,10.0,8.0,,0.72,25.0,,0.0,6.0,,0.48,12.5,67.76315789473685,BULL,BULL,BULL,False,,0.8,0.12,1.0
2023-09-12,7.0,5.0,5.0,4.0,4.0,1.0,25.0,4.0,3.0,0.0,0.0,1.0,7.000000000000001,10.0,8.0,,0.72,25.0,,0.0,6.0,,0.48,12.5,69.5,BULL,BULL,BULL,False,,0.8,0.12,1.0
2023-09-13,7.0,5.0,5.0,4.0,4.0,1.0,25.0,4.0,3.0,0.0,0.0,1.0,7.000000000000001,10.0,8.0,,0.72,25.0,,0.0,6.0,,0.48,12.5,69.5,BULL,BULL,BULL,False,,0.8,0.12,1.0
2023-09-14,7.0,5.0,5.0,4.0,4.0,1.0,25.0,4.0,3.0,0.0,0.0,1.0,7.000000000000001,10.0,8.0,,0.72,25.0,,0.0,6.0,,0.48,12.5,69.5,BULL,BULL,BULL,False,,0.8,0.12,1.0
2023-09-15,7.0,5.0,5.0,4.0,4.0,1.0,25.0,4.0,3.0,0.0,0.0,1.0,7.000000000000001,10.0,8.0,,0.72,25.0,,0.0,6.0,,0.48,12.5,69.5,BULL,BULL,BULL,False,,0.8,0.12,1.0
2023-09-18,7.0,5.0,5.0,4.0,4.0,1.0,25.0,4.0,3.0,0.0,0.0,1.0,7.000000000000001,10.0,8.0,,0.72,25.0,,0.0,6.0,,0.48,12.5,69.5,BULL,BULL,BULL,False,,0.8,0.12,1.0
2023-09-19,7.0,5.0,5.0,4.0,4.0,1.0,25.0,4.0,3.0,0.0,0.0,1.0,7.000000000000001,10.0,8.0,,0.72,25.0,,0.0,6.0,,0.48,12.5,69.5,BULL,BULL,BULL,False,,0.8,0.12,1.0
2023-09-20,7.0,0.0,5.0,4.0,0.0,1.0,16.0,4.0,3.0,0.0,0.0,1.0,7.000000000000001,10.0,8.0,,0.72,25.0,,0.0,6.0,,0.48,12.5,60.5,NEUTRAL,BULL,BULL,False,,0.8,0.12,1.0
2023-09-21,7.0,0.0,5.0,4.0,4.0,1.0,20.0,4.0,3.0,0.0,0.0,1.0,7.000000000000001,5.0,0.0,,0.72,6.944444444444445,,0.0,6.0,,0.48,12.5,46.44444444444444,NEUTRAL,NEUTRAL,NEUTRAL,False,,0.5,0.08,0.7
2023-09-22,7.0,0.0,5.0,4.0,4.0,1.0,20.0,4.0,3.0,0.0,0.0,1.0,7.000000000000001,10.0,4.0,,0.72,19.444444444444446,,0.0,6.0,,0.48,12.5,58.94444444444444,NEUTRAL,NEUTRAL,NEUTRAL,False,,0.5,0.08,0.7
2023-09-25,7.0,0.0,5.0,4.0,4.0,1.0,20.0,4.0,3.0,0.0,0.0,1.0,7.000000000000001,10.0,4.0,,0.72,19.444444444444446,,0.0,0.0,,0.48,0.0,46.44444444444444,NEUTRAL,NEUTRAL,NEUTRAL,False,,0.5,0.08,0.7
2023-09-26,7.0,0.0,5.0,4.0,0.0,1.0,16.0,4.0,,0.0,0.0,0.76,5.263157894736842,5.0,0.0,,0.72,6.944444444444445,,0.0,0.0,,0.48,0.0,28.207602339181285,RISK_OFF,NEUTRAL,NEUTRAL,False,,0.5,0.08,0.7
2023-09-27,7.0,0.0,5.0,0.0,0.0,1.0,12.0,4.0,3.0,0.0,0.0,1.0,7.000000000000001,5.0,4.0,,0.72,12.5,,0.0,0.0,,0.48,0.0,31.5,CAUTION,NEUTRAL,NEUTRAL,False,,0.5,0.08,0.7
2023-09-28,7.0,0.0,5.0,0.0,0.0,1.0,12.0,4.0,3.0,0.0,0.0,1.0,7.000000000000001,5.0,4.0,,0.72,12.5,,6.0,0.0,,0.48,12.5,44.0,CAUTION,CAUTION,CAUTION,False,,0.25,0.05,0.4
2023-09-29,7.0,0.0,5.0,0.0,0.0,1.0,12.0,4.0,3.0,0.0,0.0,1.0,7.000000000000001,5.0,8.0,,0.72,18.055555555555554,,0.0,0.0,,0.48,0.0,37.05555555555556,CAUTION,CAUTION,CAUTION,False,,0.25,0.05,0.4
2023-10-02,7.0,0.0,5.0,0.0,0.0,1.0,12.0,,3.0,,,0.24,12.5,5.0,8.0,,0.72,18.055555555555554,,,,,0.0,,42.55555555555556,CAUTION,CAUTION,CAUTION,False,,0.25,0.05,0.4
2023-10-03,0.0,0.0,5.0,0.0,0.0,1.0,5.0,4.0,3.0,,0.0,0.76,9.210526315789473,5.0,4.0,7.0,1.0,16.0,,0.0,0.0,,0.48,0.0,30.210526315789473,CAUTION,CAUTION,CAUTION,False,,0.25,0.05,0.4
2023-10-04,7.0,0.0,5.0,0.0,4.0,1.0,16.0,4.0,3.0,,0.0,0.76,9.210526315789473,5.0,8.0,7.0,1.0,20.0,,0.0,0.0,,0.48,0.0,45.21052631578947,NEUTRAL,CAUTION,CAUTION,False,,0.25,0.05,0.4
2023-10-05,7.0,0.0,5.0,0.0,4.0,1.0,16.0,4.0,3.0,,0.0,0.76,9.210526315789473,5.0,8.0,7.0,1.0,20.0,,0.0,0.0,,0.48,0.0,45.21052631578947,NEUTRAL,NEUTRAL,NEUTRAL,False,,0.5,0.08,0.7
2023-10-06,7.0,0.0,5.0,0.0,4.0,1.0,16.0,4.0,3.0,,0.0,0.76,9.210526315789473,5.0,8.0,7.0,1.0,20.0,,0.0,0.0,,0.48,0.0,45.21052631578947,NEUTRAL,NEUTRAL,NEUTRAL,False,,0.5,0.08,0.7
2023-10-09,7.0,0.0,5.0,0.0,4.0,1.0,16.0,4.0,3.0,0.0,0.0,1.0,7.000000000000001,5.0,4.0,7.0,1.0,16.0,,0.0,0.0,,0.48,0.0,39.0,CAUTION,NEUTRAL,NEUTRAL,False,,0.5,0.08,0.7
2023-10-10,7.0,0.0,5.0,0.0,4.0,1.0,16.0,4.0,3.0,0.0,0.0,1.0,7.000000000000001,10.0,8.0,7.0,1.0,25.0,,0.0,0.0,,0.48,0.0,48.0,NEUTRAL,NEUTRAL,NEUTRAL,False,,0.5,0.08,0.7
2023-10-11,7.0,5.0,5.0,0.0,4.0,1.0,21.0,4.0,3.0,0.0,0.0,1.0,7.000000000000001,10.0,8.0,7.0,1.0,25.0,,0.0,0.0,,0.48,0.0,53.0,NEUTRAL,NEUTRAL,NEUTRAL,False,,0.5,0.08,0.7
2023-10-12,7.0,0.0,5.0,0.0,4.0,1.0,16.0,4.0,3.0,0.0,0.0,1.0,7.000000000000001,10.0,8.0,7.0,1.0,25.0,,0.0,0.0,,0.48,0.0,48.0,NEUTRAL,NEUTRAL,NEUTRAL,False,,0.5,0.08,0.7
2023-10-13,7.0,0.0,5.0,0.0,4.0,1.0,16.0,4.0,3.0,0.0,0.0,1.0,7.000000000000001,5.0,8.0,7.0,1.0,20.0,,0.0,0.0,,0.48,0.0,43.0,CAUTION,NEUTRAL,NEUTRAL,False,,0.5,0.08,0.7
2023-10-16,7.0,5.0,5.0,0.0,4.0,1.0,21.0,4.0,3.0,0.0,0.0,1.0,7.000000000000001,5.0,8.0,7.0,1.0,20.0,,0.0,0.0,,0.48,0.0,48.0,NEUTRAL,NEUTRAL,NEUTRAL,False,,0.5,0.08,0.7
2023-10-17,7.0,5.0,5.0,0.0,4.0,1.0,21.0,4.0,3.0,0.0,0.0,1.0,7.000000000000001,5.0,8.0,7.0,1.0,20.0,,0.0,0.0,,0.48,0.0,48.0,NEUTRAL,NEUTRAL,NEUTRAL,False,,0.5,0.08,0.7
2023-10-18,7.0,0.0,5.0,0.0,4.0,1.0,16.0,4.0,3.0,0.0,0.0,1.0,7.000000000000001,5.0,8.0,7.0,1.0,20.0,,0.0,0.0,,0.48,0.0,43.0,CAUTION,NEUTRAL,NEUTRAL,False,,0.5,0.08,0.7
2023-10-19,7.0,0.0,5.0,0.0,4.0,1.0,16.0,4.0,3.0,0.0,0.0,1.0,7.000000000000001,2.0,4.0,7.0,1.0,13.0,,0.0,0.0,,0.48,0.0,36.0,CAUTION,CAUTION,CAUTION,False,,0.25,0.05,0.4
2023-10-20,0.0,0.0,5.0,0.0,4.0,1.0,9.0,4.0,3.0,0.0,0.0,1.0,7.000000000000001,2.0,8.0,7.0,1.0,17.0,,0.0,0.0,,0.48,0.0,33.0,CAUTION,CAUTION,CAUTION,False,,0.25,0.05,0.4
2023-10-23,0.0,0.0,5.0,0.0,4.0,1.0,9.0,4.0,3.0,0.0,0.0,1.0,7.000000000000001,2.0,4.0,7.0,1.0,13.0,,0.0,6.0,,0.48,12.5,41.5,CAUTION,CAUTION,CAUTION,False,,0.25,0.05,0.4
2023-10-24,7.0,0.0,5.0,0.0,4.0,1.0,16.0,4.0,3.0,0.0,0.0,1.0,7.000000000000001,5.0,4.0,7.0,1.0,16.0,,0.0,6.0,,0.48,12.5,51.5,NEUTRAL,CAUTION,CAUTION,False,,0.25,0.05,0.4
2023-10-25,0.0,0.0,5.0,0.0,4.0,1.0,9.0,4.0,3.0,0.0,0.0,1.0,7.000000000000001,2.0,4.0,7.0,1.0,13.0,,0.0,0.0,,0.48,0.0,29.0,RISK_OFF,CAUTION,CAUTION,False,,0.25,0.05,0.4
2023-10-26,0.0,0.0,5.0,0.0,0.0,1.0,5.0,4.0,3.0,0.0,0.0,1.0,7.000000000000001,2.0,4.0,7.0,1.0,13.0,,0.0,6.0,,0.48,12.5,37.5,CAUTION,CAUTION,CAUTION,False,,0.25,0.05,0.4
2023-10-27,0.0,0.0,5.0,0.0,4.0,1.0,9.0,4.0,3.0,0.0,0.0,1.0,7.000000000000001,2.0,4.0,7.0,1.0,13.0,,0.0,6.0,,0.48,12.5,41.5,CAUTION,CAUTION,CAUTION,False,,0.25,0.05,0.4
2023-10-30,0.0,0.0,5.0,0.0,0.0,1.0,5.0,4.0,3.0,0.0,0.0,1.0,7.000000000000001,5.0,4.0,7.0,1.0,16.0,,0.0,6.0,,0.48,12.5,40.5,CAUTION,CAUTION,CAUTION,False,,0.25,0.05,0.4
2023-10-31,0.0,0.0,5.0,0.0,0.0,1.0,5.0,4.0,3.0,0.0,0.0,1.0,7.000000000000001,5.0,4.0,7.0,1.0,16.0,,0.0,6.0,,0.48,12.5,40.5,CAUTION,CAUTION,CAUTION,False,,0.25,0.05,0.4
2023-11-01,0.0,0.0,5.0,0.0,0.0,1.0,5.0,4.0,3.0,0.0,0.0,1.0,7.000000000000001,10.0,8.0,7.0,1.0,25.0,,0.0,6.0,,0.48,12.5,49.5,NEUTRAL,CAUTION,CAUTION,False,,0.25,0.05,0.4
2023-11-02,7.0,5.0,5.0,0.0,0.0,1.0,17.0,4.0,3.0,0.0,0.0,1.0,7.000000000000001,10.0,8.0,7.0,1.0,25.0,,0.0,6.0,,0.48,12.5,61.5,NEUTRAL,NEUTRAL,NEUTRAL,False,,0.5,0.08,0.7
2023-11-03,7.0,5.0,5.0,0.0,0.0,1.0,17.0,4.0,3.0,0.0,0.0,1.0,7.000000000000001,10.0,8.0,7.0,1.0,25.0,,6.0,6.0,,0.48,25.0,74.0,BULL,NEUTRAL,NEUTRAL,False,,0.5,0.08,0.7
2023-11-06,7.0,5.0,5.0,0.0,0.0,1.0,17.0,4.0,3.0,0.0,0.0,1.0,7.000000000000001,10.0,8.0,7.0,1.0,25.0,,0.0,6.0,,0.48,12.5,61.5,NEUTRAL,NEUTRAL,NEUTRAL,False,,0.5,0.08,0.7
2023-11-07,7.0,5.0,5.0,0.0,4.0,1.0,21.0,4.0,3.0,0.0,0.0,1.0,7.000000000000001,10.0,8.0,7.0,1.0,25.0,,0.0,6.0,,0.48,12.5,65.5,BULL,NEUTRAL,NEUTRAL,False,,0.5,0.08,0.7
2023-11-08,7.0,5.0,5.0,0.0,4.0,1.0,21.0,4.0,3.0,0.0,0.0,1.0,7.000000000000001,10.0,8.0,7.0,1.0,25.0,,0.0,6.0,,0.48,12.5,65.5,BULL,BULL,BULL,False,,0.8,0.12,1.0
2023-11-09,7.0,5.0,5.0,0.0,0.0,1.0,17.0,4.0,3.0,0.0,0.0,1.0,7.000000000000001,10.0,8.0,7.0,1.0,25.0,,0.0,6.0,,0.48,12.5,61.5,NEUTRAL,BULL,BULL,False,,0.8,0.12,1.0
2023-11-10,7.0,5.0,5.0,0.0,4.0,1.0,21.0,4.0,3.0,0.0,0.0,1.0,7.000000000000001,10.0,8.0,7.0,1.0,25.0,,0.0,6.0,,0.48,12.5,65.5,BULL,BULL,BULL,False,,0.8,0.12,1.0
2023-11-13,7.0,5.0,5.0,0.0,4.0,1.0,21.0,4.0,3.0,0.0,0.0,1.0,7.000000000000001,10.0,8.0,7.0,1.0,25.0,9.0,0.0,6.0,4.0,1.0,19.0,72.0,BULL,BULL,BULL,False,,0.8,0.12,1.0
2023-11-14,7.0,5.0,5.0,0.0,4.0,1.0,21.0,4.0,3.0,0.0,0.0,1.0,7.000000000000001,10.0,8.0,7.0,1.0,25.0,9.0,6.0,6.0,4.0,1.0,25.0,78.0,BULL,BULL,BULL,False,,0.8,0.12,1.0
2023-11-15,7.0,5.0,5.0,0.0,4.0,1.0,21.0,4.0,3.0,0.0,0.0,1.0,7.000000000000001,10.0,8.0,7.0,1.0,25.0,9.0,6.0,6.0,4.0,1.0,25.0,78.0,BULL,BULL,BULL,False,,0.8,0.12,1.0
2023-11-16,7.0,5.0,5.0,0.0,4.0,1.0,21.0,4.0,3.0,0.0,0.0,1.0,7.000000000000001,10.0,8.0,7.0,1.0,25.0,9.0,0.0,6.0,4.0,1.0,19.0,72.0,BULL,BULL,BULL,False,,0.8,0.12,1.0
2023-11-17,7.0,5.0,5.0,0.0,4.0,1.0,21.0,4.0,3.0,0.0,0.0,1.0,7.000000000000001,10.0,8.0,7.0,1.0,25.0,9.0,6.0,6.0,4.0,1.0,25.0,78.0,BULL,BULL,BULL,False,,0.8,0.12,1.0
2023-11-20,7.0,5.0,5.0,4.0,4.0,1.0,25.0,4.0,3.0,0.0,0.0,1.0,7.000000000000001,10.0,8.0,7.0,1.0,25.0,9.0,6.0,6.0,4.0,1.0,25.0,82.0,BULL,BULL,BULL,False,,0.8,0.12,1.0
2023-11-21,7.0,5.0,5.0,4.0,4.0,1.0,25.0,4.0,3.0,0.0,0.0,1.0,7.000000000000001,10.0,8.0,7.0,1.0,25.0,9.0,6.0,6.0,4.0,1.0,25.0,82.0,BULL,BULL,BULL,False,,0.8,0.12,1.0
2023-11-22,7.0,5.0,5.0,4.0,4.0,1.0,25.0,4.0,3.0,0.0,0.0,1.0,7.000000000000001,10.0,8.0,7.0,1.0,25.0,9.0,6.0,6.0,4.0,1.0,25.0,82.0,BULL,BULL,BULL,False,,0.8,0.12,1.0
2023-11-23,0.0,0.0,5.0,4.0,0.0,1.0,9.0,,,,,0.0,,10.0,,,0.4,25.0,,,,,0.0,,34.0,CAUTION,BULL,BULL,False,,0.8,0.12,1.0
2023-11-24,7.0,5.0,5.0,4.0,4.0,1.0,25.0,4.0,3.0,,0.0,0.76,9.210526315789473,10.0,8.0,,0.72,25.0,,6.0,6.0,,0.48,25.0,84.21052631578948,BULL,BULL,BULL,False,,0.8,0.12,1.0
2023-11-27,7.0,5.0,5.0,4.0,4.0,1.0,25.0,4.0,,,0.0,0.52,7.6923076923076925,10.0,8.0,,0.72,25.0,,6.0,6.0,,0.48,25.0,82.6923076923077,BULL,BULL,BULL,False,,0.8,0.12,1.0
2023-11-28,7.0,5.0,5.0,4.0,4.0,1.0,25.0,4.0,3.0,,0.0,0.76,9.210526315789473,10.0,8.0,,0.72,25.0,,6.0,6.0,,0.48,25.0,84.21052631578948,BULL,BULL,BULL,False,,0.8,0.12,1.0
2023-11-29,7.0,5.0,5.0,4.0,4.0,1.0,25.0,8.0,3.0,,5.0,0.76,21.052631578947366,10.0,8.0,,0.72,25.0,,6.0,6.0,,0.48,25.0,96.05263157894737,STRONG_BULL,BULL,BULL,False,,0.8,0.12,1.0
2023-11-30,7.0,5.0,5.0,4.0,4.0,1.0,25.0,8.0,3.0,0.0,5.0,1.0,16.0,10.0,8.0,,0.72,25.0,,6.0,6.0,,0.48,25.0,91.0,BULL,BULL,BULL,False,,0.8,0.12,1.0
2023-12-01,7.0,5.0,5.0,4.0,4.0,1.0,25.0,8.0,3.0,6.0,5.0,1.0,22.0,10.0,8.0,,0.72,25.0,,6.0,6.0,,0.48,25.0,97.0,STRONG_BULL,BULL,BULL,False,,0.8,0.12,1.0
2023-12-04,7.0,5.0,5.0,4.0,0.0,1.0,21.0,8.0,6.0,6.0,5.0,1.0,25.0,10.0,8.0,,0.72,25.0,,6.0,6.0,,0.48,25.0,96.0,STRONG_BULL,STRONG_BULL,STRONG_BULL,False,,1.0,0.15,1.15
2023-12-05,7.0,5.0,5.0,4.0,0.0,1.0,21.0,8.0,3.0,6.0,5.0,1.0,22.0,10.0,8.0,,0.72,25.0,,6.0,6.0,,0.48,25.0,93.0,STRONG_BULL,STRONG_BULL,STRONG_BULL,False,,1.0,0.15,1.15
2023-12-06,7.0,5.0,5.0,4.0,0.0,1.0,21.0,8.0,3.0,6.0,5.0,1.0,22.0,10.0,8.0,,0.72,25.0,,6.0,6.0,,0.48,25.0,93.0,STRONG_BULL,STRONG_BULL,STRONG_BULL,False,,1.0,0.15,1.15
2023-12-07,7.0,5.0,5.0,4.0,0.0,1.0,21.0,8.0,3.0,6.0,5.0,1.0,22.0,10.0,8.0,,0.72,25.0,,6.0,6.0,,0.48,25.0,93.0,STRONG_BULL,STRONG_BULL,STRONG_BULL,False,,1.0,0.15,1.15
2023-12-08,7.0,5.0,5.0,4.0,0.0,1.0,21.0,8.0,3.0,6.0,5.0,1.0,22.0,10.0,8.0,,0.72,25.0,,6.0,6.0,,0.48,25.0,93.0,STRONG_BULL,STRONG_BULL,STRONG_BULL,False,,1.0,0.15,1.15
2023-12-11,7.0,5.0,5.0,4.0,0.0,1.0,21.0,8.0,3.0,6.0,5.0,1.0,22.0,10.0,8.0,,0.72,25.0,,6.0,6.0,,0.48,25.0,93.0,STRONG_BULL,STRONG_BULL,STRONG_BULL,False,,1.0,0.15,1.15
2023-12-12,7.0,5.0,5.0,4.0,4.0,1.0,25.0,8.0,3.0,6.0,5.0,1.0,22.0,10.0,8.0,,0.72,25.0,,6.0,6.0,,0.48,25.0,97.0,STRONG_BULL,STRONG_BULL,STRONG_BULL,False,,1.0,0.15,1.15
2023-12-13,7.0,5.0,5.0,4.0,4.0,1.0,25.0,8.0,3.0,6.0,5.0,1.0,22.0,10.0,8.0,,0.72,25.0,,6.0,6.0,,0.48,25.0,97.0,STRONG_BULL,STRONG_BULL,STRONG_BULL,False,,1.0,0.15,1.15
2023-12-14,7.0,5.0,5.0,4.0,0.0,1.0,21.0,8.0,6.0,6.0,5.0,1.0,25.0,10.0,8.0,,0.72,25.0,,6.0,6.0,,0.48,25.0,96.0,STRONG_BULL,STRONG_BULL,STRONG_BULL,False,,1.0,0.15,1.15
2023-12-15,7.0,5.0,5.0,4.0,4.0,1.0,25.0,8.0,6.0,6.0,5.0,1.0,25.0,10.0,8.0,,0.72,25.0,,6.0,6.0,,0.48,25.0,100.0,STRONG_BULL,STRONG_BULL,STRONG_BULL,False,,1.0,0.15,1.15
2023-12-18,7.0,5.0,5.0,4.0,4.0,1.0,25.0,8.0,3.0,6.0,5.0,1.0,22.0,10.0,8.0,,0.72,25.0,,6.0,6.0,,0.48,25.0,97.0,STRONG_BULL,STRONG_BULL,STRONG_BULL,False,,1.0,0.15,1.15
2023-12-19,7.0,5.0,5.0,4.0,4.0,1.0,25.0,8.0,3.0,6.0,5.0,1.0,22.0,10.0,8.0,,0.72,25.0,,6.0,6.0,,0.48,25.0,97.0,STRONG_BULL,STRONG_BULL,STRONG_BULL,False,,1.0,0.15,1.15
2023-12-20,7.0,5.0,5.0,4.0,4.0,1.0,25.0,8.0,3.0,6.0,5.0,1.0,22.0,10.0,8.0,,0.72,25.0,,6.0,6.0,,0.48,25.0,97.0,STRONG_BULL,STRONG_BULL,STRONG_BULL,False,,1.0,0.15,1.15
2023-12-21,7.0,5.0,5.0,4.0,0.0,1.0,21.0,,3.0,,,0.24,12.5,10.0,8.0,,0.72,25.0,,,,,0.0,,58.5,NEUTRAL,STRONG_BULL,STRONG_BULL,False,,1.0,0.15,1.15
2023-12-22,7.0,5.0,5.0,4.0,4.0,1.0,25.0,8.0,3.0,,5.0,0.76,21.052631578947366,10.0,8.0,7.0,1.0,25.0,,6.0,6.0,,0.48,25.0,96.05263157894737,STRONG_BULL,STRONG_BULL,STRONG_BULL,False,,1.0,0.15,1.15
2023-12-26,7.0,5.0,5.0,4.0,4.0,1.0,25.0,8.0,6.0,,5.0,0.76,25.0,10.0,8.0,7.0,1.0,25.0,,6.0,6.0,,0.48,25.0,100.0,STRONG_BULL,STRONG_BULL,STRONG_BULL,False,,1.0,0.15,1.15
2023-12-27,7.0,5.0,5.0,4.0,4.0,1.0,25.0,8.0,6.0,,5.0,0.76,25.0,10.0,8.0,7.0,1.0,25.0,,6.0,6.0,,0.48,25.0,100.0,STRONG_BULL,STRONG_BULL,STRONG_BULL,False,,1.0,0.15,1.15
2023-12-28,7.0,5.0,5.0,4.0,4.0,1.0,25.0,8.0,6.0,,5.0,0.76,25.0,10.0,8.0,7.0,1.0,25.0,,6.0,6.0,,0.48,25.0,100.0,STRONG_BULL,STRONG_BULL,STRONG_BULL,False,,1.0,0.15,1.15
2023-12-29,7.0,5.0,5.0,4.0,4.0,1.0,25.0,8.0,6.0,6.0,5.0,1.0,25.0,10.0,8.0,7.0,1.0,25.0,,6.0,6.0,,0.48,25.0,100.0,STRONG_BULL,STRONG_BULL,STRONG_BULL,False,,1.0,0.15,1.15
2024-01-02,7.0,5.0,5.0,4.0,4.0,1.0,25.0,8.0,6.0,6.0,5.0,1.0,25.0,10.0,8.0,7.0,1.0,25.0,,6.0,6.0,,0.48,25.0,100.0,STRONG_BULL,STRONG_BULL,STRONG_BULL,False,,1.0,0.15,1.15
2024-01-03,7.0,5.0,5.0,4.0,4.0,1.0,25.0,8.0,6.0,6.0,5.0,1.0,25.0,10.0,8.0,7.0,1.0,25.0,,6.0,6.0,,0.48,25.0,100.0,STRONG_BULL,STRONG_BULL,STRONG_BULL,False,,1.0,0.15,1.15
2024-01-04,7.0,5.0,5.0,4.0,0.0,1.0,21.0,8.0,6.0,6.0,5.0,1.0,25.0,10.0,8.0,7.0,1.0,25.0,,6.0,6.0,,0.48,25.0,96.0,STRONG_BULL,STRONG_BULL,STRONG_BULL,False,,1.0,0.15,1.15
2024-01-05,7.0,5.0,5.0,4.0,0.0,1.0,21.0,8.0,6.0,6.0,5.0,1.0,25.0,10.0,8.0,7.0,1.0,25.0,,6.0,6.0,,0.48,25.0,96.0,STRONG_BULL,STRONG_BULL,STRONG_BULL,False,,1.0,0.15,1.15
2024-01-08,7.0,5.0,5.0,4.0,0.0,1.0,21.0,8.0,6.0,6.0,5.0,1.0,25.0,10.0,8.0,7.0,1.0,25.0,,6.0,6.0,,0.48,25.0,96.0,STRONG_BULL,STRONG_BULL,STRONG_BULL,False,,1.0,0.15,1.15
2024-01-09,7.0,5.0,5.0,4.0,4.0,1.0,25.0,8.0,6.0,6.0,5.0,1.0,25.0,10.0,8.0,7.0,1.0,25.0,,6.0,6.0,,0.48,25.0,100.0,STRONG_BULL,STRONG_BULL,STRONG_BULL,False,,1.0,0.15,1.15
2024-01-10,7.0,5.0,5.0,4.0,0.0,1.0,21.0,8.0,6.0,6.0,5.0,1.0,25.0,10.0,8.0,7.0,1.0,25.0,,6.0,6.0,,0.48,25.0,96.0,STRONG_BULL,STRONG_BULL,STRONG_BULL,False,,1.0,0.15,1.15
2024-01-11,7.0,5.0,5.0,4.0,0.0,1.0,21.0,8.0,6.0,6.0,5.0,1.0,25.0,10.0,8.0,7.0,1.0,25.0,,6.0,6.0,,0.48,25.0,96.0,STRONG_BULL,STRONG_BULL,STRONG_BULL,False,,1.0,0.15,1.15
2024-01-12,7.0,5.0,5.0,4.0,0.0,1.0,21.0,4.0,6.0,6.0,0.0,1.0,16.0,10.0,8.0,7.0,1.0,25.0,,0.0,6.0,,0.48,12.5,74.5,BULL,STRONG_BULL,STRONG_BULL,False,,1.0,0.15,1.15
2024-01-15,0.0,0.0,5.0,4.0,0.0,1.0,9.0,,,,,0.0,,10.0,,,0.4,25.0,,,,,0.0,,34.0,CAUTION,STRONG_BULL,STRONG_BULL,False,,1.0,0.15,1.15
2024-01-16,7.0,5.0,5.0,4.0,4.0,1.0,25.0,4.0,6.0,,0.0,0.76,13.157894736842104,10.0,8.0,,0.72,25.0,,0.0,6.0,,0.48,12.5,75.65789473684211,BULL,STRONG_BULL,STRONG_BULL,False,,1.0,0.15,1.15
2024-01-17,7.0,5.0,5.0,4.0,4.0,1.0,25.0,4.0,6.0,,0.0,0.76,13.157894736842104,5.0,8.0,,0.72,18.055555555555554,,0.0,6.0,,0.48,12.5,68.71345029239765,BULL,BULL,BULL,False,,0.8,0.12,1.0
2024-01-18,7.0,5.0,5.0,4.0,4.0,1.0,25.0,4.0,6.0,,0.0,0.76,13.157894736842104,10.0,8.0,,0.72,25.0,,0.0,6.0,,0.48,12.5,75.65789473684211,BULL,BULL,BULL,False,,0.8,0.12,1.0
2024-01-19,7.0,5.0,5.0,4.0,4.0,1.0,25.0,4.0,3.0,,0.0,0.76,9.210526315789473,10.0,8.0,,0.72,25.0,,0.0,6.0,,0.48,12.5,71.71052631578948,BULL,BULL,BULL,False,,0.8,0.12,1.0
2024-01-22,7.0,5.0,5.0,4.0,4.0,1.0,25.0,4.0,3.0,0.0,0.0,1.0,7.000000000000001,10.0,8.0,,0.72,25.0,,0.0,6.0,,0.48,12.5,69.5,BULL,BULL,BULL,False,,0.8,0.12,1.0
2024-01-23,7.0,5.0,5.0,4.0,4.0,1.0,25.0,4.0,3.0,0.0,0.0,1.0,7.000000000000001,10.0,8.0,,0.72,25.0,,0.0,6.0,,0.48,12.5,69.5,BULL,BULL,BULL,False,,0.8,0.12,1.0
2024-01-24,7.0,5.0,5.0,4.0,4.0,1.0,25.0,4.0,3.0,0.0,0.0,1.0,7.000000000000001,10.0,8.0,,0.72,25.0,,0.0,6.0,,0.48,12.5,69.5,BULL,BULL,BULL,False,,0.8,0.12,1.0
2024-01-25,7.0,5.0,5.0,4.0,4.0,1.0,25.0,4.0,3.0,0.0,0.0,1.0,7.000000000000001,10.0,8.0,,0.72,25.0,,0.0,0.0,,0.48,0.0,57.0,NEUTRAL,BULL,BULL,False,,0.8,0.12,1.0
2024-01-26,7.0,5.0,5.0,4.0,4.0,1.0,25.0,4.0,6.0,0.0,0.0,1.0,10.0,10.0,8.0,,0.72,25.0,,0.0,0.0,,0.48,0.0,60.0,NEUTRAL,NEUTRAL,NEUTRAL,False,,0.5,0.08,0.7
2024-01-29,7.0,5.0,5.0,4.0,4.0,1.0,25.0,4.0,3.0,0.0,0.0,1.0,7.000000000000001,10.0,8.0,,0.72,25.0,,0.0,6.0,,0.48,12.5,69.5,BULL,NEUTRAL,NEUTRAL,False,,0.5,0.08,0.7
2024-01-30,7.0,5.0,5.0,4.0,4.0,1.0,25.0,4.0,3.0,0.0,0.0,1.0,7.000000000000001,10.0,8.0,,0.72,25.0,,0.0,6.0,,0.48,12.5,69.5,BULL,BULL,BULL,False,,0.8,0.12,1.0
2024-01-31,7.0,5.0,5.0,4.0,4.0,1.0,25.0,4.0,6.0,0.0,0.0,1.0,10.0,10.0,8.0,,0.72,25.0,,0.0,6.0,,0.48,12.5,72.5,BULL,BULL,BULL,False,,0.8,0.12,1.0
2024-02-01,7.0,5.0,5.0,4.0,4.0,1.0,25.0,4.0,6.0,0.0,0.0,1.0,10.0,10.0,8.0,,0.72,25.0,,0.0,6.0,,0.48,12.5,72.5,BULL,BULL,BULL,False,,0.8,0.12,1.0
2024-02-02,7.0,5.0,5.0,4.0,4.0,1.0,25.0,4.0,3.0,0.0,0.0,1.0,7.000000000000001,10.0,8.0,,0.72,25.0,,0.0,6.0,,0.48,12.5,69.5,BULL,BULL,BULL,False,,0.8,0.12,1.0
2024-02-05,7.0,5.0,5.0,4.0,4.0,1.0,25.0,4.0,3.0,0.0,0.0,1.0,7.000000000000001,10.0,8.0,,0.72,25.0,,0.0,6.0,,0.48,12.5,69.5,BULL,BULL,BULL,False,,0.8,0.12,1.0
2024-02-06,7.0,5.0,5.0,4.0,4.0,1.0,25.0,4.0,3.0,0.0,0.0,1.0,7.000000000000001,10.0,8.0,,0.72,25.0,,0.0,6.0,,0.48,12.5,69.5,BULL,BULL,BULL,False,,0.8,0.12,1.0
2024-02-07,7.0,5.0,5.0,4.0,4.0,1.0,25.0,4.0,3.0,0.0,0.0,1.0,7.000000000000001,10.0,8.0,,0.72,25.0,,0.0,6.0,,0.48,12.5,69.5,BULL,BULL,BULL,False,,0.8,0.12,1.0
2024-02-08,7.0,5.0,5.0,4.0,4.0,1.0,25.0,4.0,3.0,0.0,0.0,1.0,7.000000000000001,10.0,8.0,,0.72,25.0,,0.0,6.0,,0.48,12.5,69.5,BULL,BULL,BULL,False,,0.8,0.12,1.0
2024-02-09,7.0,5.0,5.0,4.0,4.0,1.0,25.0,4.0,3.0,0.0,0.0,1.0,7.000000000000001,10.0,8.0,,0.72,25.0,,0.0,6.0,,0.48,12.5,69.5,BULL,BULL,BULL,False,,0.8,0.12,1.0
2024-02-12,7.0,5.0,5.0,4.0,0.0,1.0,21.0,,3.0,,,0.24,12.5,10.0,8.0,,0.72,25.0,,,,,0.0,,58.5,NEUTRAL,BULL,BULL,False,,0.8,0.12,1.0
2024-02-13,7.0,5.0,5.0,4.0,4.0,1.0,25.0,4.0,3.0,,0.0,0.76,9.210526315789473,5.0,8.0,7.0,1.0,20.0,,0.0,6.0,,0.48,12.5,66.71052631578948,BULL,BULL,BULL,False,,0.8,0.12,1.0
2024-02-14,7.0,5.0,5.0,4.0,4.0,1.0,25.0,4.0,3.0,,0.0,0.76,9.210526315789473,5.0,8.0,7.0,1.0,20.0,,6.0,6.0,,0.48,25.0,79.21052631578948,BULL,BULL,BULL,False,,0.8,0.12,1.0
2024-02-15,7.0,5.0,5.0,4.0,0.0,1.0,21.0,4.0,3.0,,0.0,0.76,9.210526315789473,10.0,8.0,7.0,1.0,25.0,,6.0,6.0,,0.48,25.0,80.21052631578948,BULL,BULL,BULL,False,,0.8,0.12,1.0
2024-02-16,7.0,5.0,5.0,4.0,0.0,1.0,21.0,4.0,3.0,,0.0,0.76,9.210526315789473,5.0,8.0,7.0,1.0,20.0,,6.0,6.0,,0.48,25.0,75.21052631578948,BULL,BULL,BULL,False,,0.8,0.12,1.0
2024-02-19,0.0,0.0,5.0,4.0,0.0,1.0,9.0,,,,,0.0,,5.0,,,0.4,12.5,,,,,0.0,,21.5,RISK_OFF,BULL,BULL,False,,0.8,0.12,1.0
2024-02-20,7.0,5.0,5.0,4.0,0.0,1.0,21.0,4.0,3.0,,0.0,0.76,9.210526315789473,5.0,8.0,,0.72,18.055555555555554,,6.0,6.0,,0.48,25.0,73.26608187134502,BULL,BULL,BULL,False,,0.8,0.12,1.0
2024-02-21,7.0,5.0,5.0,4.0,0.0,1.0,21.0,8.0,3.0,,5.0,0.76,21.052631578947366,5.0,8.0,,0.72,18.055555555555554,,6.0,6.0,,0.48,25.0,85.10818713450293,STRONG_BULL,BULL,BULL,False,,0.8,0.12,1.0
2024-02-22,7.0,5.0,5.0,4.0,0.0,1.0,21.0,4.0,3.0,,0.0,0.76,9.210526315789473,5.0,8.0,,0.72,18.055555555555554,,0.0,6.0,,0.48,12.5,60.76608187134502,NEUTRAL,BULL,BULL,False,,0.8,0.12,1.0
2024-02-23,7.0,5.0,5.0,4.0,0.0,1.0,21.0,4.0,3.0,,0.0,0.76,9.210526315789473,10.0,8.0,,0.72,25.0,,0.0,6.0,,0.48,12.5,67.71052631578948,BULL,BULL,BULL,False,,0.8,0.12,1.0
2024-02-26,7.0,5.0,5.0,4.0,0.0,1.0,21.0,4.0,3.0,0.0,0.0,1.0,7.000000000000001,10.0,8.0,,0.72,25.0,,0.0,6.0,,0.48,12.5,65.5,BULL,BULL,BULL,False,,0.8,0.12,1.0
2024-02-27,7.0,5.0,5.0,4.0,0.0,1.0,21.0,4.0,3.0,0.0,0.0,1.0,7.000000000000001,10.0,8.0,,0.72,25.0,,6.0,6.0,,0.48,25.0,78.0,BULL,BULL,BULL,False,,0.8,0.12,1.0
2024-02-28,7.0,5.0,5.0,4.0,0.0,1.0,21.0,4.0,3.0,0.0,0.0,1.0,7.000000000000001,10.0,8.0,,0.72,25.0,,6.0,0.0,,0.48,12.5,65.5,BULL,BULL,BULL,False,,0.8,0.12,1.0
2024-02-29,7.0,5.0,5.0,4.0,4.0,1.0,25.0,4.0,3.0,0.0,0.0,1.0,7.000000000000001,10.0,8.0,,0.72,25.0,,6.0,0.0,,0.48,12.5,69.5,BULL,BULL,BULL,False,,0.8,0.12,1.0
2024-03-01,7.0,5.0,5.0,4.0,4.0,1.0,25.0,4.0,3.0,0.0,0.0,1.0,7.000000000000001,10.0,8.0,,0.72,25.0,,6.0,6.0,,0.48,25.0,82.0,BULL,BULL,BULL,False,,0.8,0.12,1.0
2024-03-04,7.0,5.0,5.0,4.0,0.0,1.0,21.0,8.0,3.0,0.0,5.0,1.0,16.0,10.0,8.0,,0.72,25.0,,6.0,6.0,,0.48,25.0,87.0,BULL,BULL,BULL,False,,0.8,0.12,1.0
2024-03-05,7.0,5.0,5.0,4.0,0.0,1.0,21.0,8.0,3.0,0.0,5.0,1.0,16.0,5.0,8.0,,0.72,18.055555555555554,,6.0,6.0,,0.48,25.0,80.05555555555556,BULL,BULL,BULL,False,,0.8,0.12,1.0
2024-03-06,7.0,5.0,5.0,4.0,0.0,1.0,21.0,8.0,3.0,6.0,5.0,1.0,22.0,5.0,8.0,,0.72,18.055555555555554,,6.0,6.0,,0.48,25.0,86.05555555555556,STRONG_BULL,BULL,BULL,False,,0.8,0.12,1.0
2024-03-07,7.0,5.0,5.0,4.0,0.0,1.0,21.0,8.0,3.0,6.0,5.0,1.0,22.0,5.0,8.0,,0.72,18.055555555555554,,6.0,6.0,,0.48,25.0,86.05555555555556,STRONG_BULL,STRONG_BULL,STRONG_BULL,False,,1.0,0.15,1.15
2024-03-08,7.0,5.0,5.0,4.0,0.0,1.0,21.0,8.0,3.0,6.0,5.0,1.0,22.0,5.0,8.0,,0.72,18.055555555555554,,6.0,6.0,,0.48,25.0,86.05555555555556,STRONG_BULL,STRONG_BULL,STRONG_BULL,False,,1.0,0.15,1.15
2024-03-11,7.0,5.0,5.0,4.0,0.0,1.0,21.0,8.0,3.0,6.0,5.0,1.0,22.0,5.0,0.0,,0.72,6.944444444444445,,6.0,6.0,,0.48,25.0,74.94444444444444,BULL,STRONG_BULL,STRONG_BULL,False,,1.0,0.15,1.15
2024-03-12,7.0,5.0,5.0,4.0,0.0,1.0,21.0,8.0,3.0,6.0,5.0,1.0,22.0,10.0,8.0,,0.72,25.0,,6.0,6.0,,0.48,25.0,93.0,STRONG_BULL,STRONG_BULL,STRONG_BULL,False,,1.0,0.15,1.15
2024-03-13,7.0,5.0,5.0,4.0,0.0,1.0,21.0,8.0,3.0,6.0,5.0,1.0,22.0,10.0,8.0,,0.72,25.0,,6.0,6.0,,0.48,25.0,93.0,STRONG_BULL,STRONG_BULL,STRONG_BULL,False,,1.0,0.15,1.15
2024-03-14,7.0,5.0,5.0,4.0,0.0,1.0,21.0,4.0,3.0,6.0,0.0,1.0,13.0,5.0,8.0,,0.72,18.055555555555554,,0.0,6.0,,0.48,12.5,64.55555555555556,NEUTRAL,STRONG_BULL,STRONG_BULL,False,,1.0,0.15,1.15
2024-03-15,7.0,5.0,5.0,4.0,0.0,1.0,21.0,8.0,3.0,6.0,5.0,1.0,22.0,5.0,8.0,,0.72,18.055555555555554,,0.0,6.0,,0.48,12.5,73.55555555555556,BULL,STRONG_BULL,STRONG_BULL,False,,1.0,0.15,1.15
2024-03-18,7.0,5.0,5.0,4.0,0.0,1.0,21.0,,3.0,,,0.24,12.5,5.0,8.0,,0.72,18.055555555555554,,,,,0.0,,51.55555555555556,NEUTRAL,STRONG_BULL,STRONG_BULL,False,,1.0,0.15,1.15
2024-03-19,7.0,5.0,5.0,4.0,0.0,1.0,21.0,4.0,3.0,,0.0,0.76,9.210526315789473,10.0,8.0,7.0,1.0,25.0,,0.0,6.0,,0.48,12.5,67.71052631578948,BULL,STRONG_BULL,STRONG_BULL,False,,1.0,0.15,1.15
2024-03-20,7.0,5.0,5.0,4.0,0.0,1.0,21.0,4.0,3.0,,0.0,0.76,9.210526315789473,10.0,8.0,7.0,1.0,25.0,,6.0,6.0,,0.48,25.0,80.21052631578948,BULL,BULL,BULL,False,,0.8,0.12,1.0
2024-03-21,7.0,5.0,5.0,4.0,0.0,1.0,21.0,8.0,3.0,,5.0,0.76,21.052631578947366,10.0,8.0,7.0,1.0,25.0,,6.0,6.0,,0.48,25.0,92.05263157894737,STRONG_BULL,BULL,BULL,False,,0.8,0.12,1.0
2024-03-22,7.0,5.0,5.0,4.0,0.0,1.0,21.0,8.0,3.0,,5.0,0.76,21.052631578947366,10.0,8.0,7.0,1.0,25.0,,6.0,6.0,,0.48,25.0,92.05263157894737,STRONG_BULL,STRONG_BULL,STRONG_BULL,False,,1.0,0.15,1.15
2024-03-25,7.0,5.0,5.0,4.0,0.0,1.0,21.0,8.0,3.0,6.0,5.0,1.0,22.0,10.0,8.0,7.0,1.0,25.0,,6.0,6.0,,0.48,25.0,93.0,STRONG_BULL,STRONG_BULL,STRONG_BULL,False,,1.0,0.15,1.15
2024-03-26,7.0,5.0,5.0,4.0,0.0,1.0,21.0,8.0,3.0,6.0,5.0,1.0,22.0,10.0,8.0,7.0,1.0,25.0,,0.0,6.0,,0.48,12.5,80.5,STRONG_BULL,STRONG_BULL,STRONG_BULL,False,,1.0,0.15,1.15
2024-03-27,7.0,5.0,5.0,4.0,0.0,1.0,21.0,8.0,3.0,6.0,5.0,1.0,22.0,10.0,8.0,7.0,1.0,25.0,,6.0,6.0,,0.48,25.0,93.0,STRONG_BULL,STRONG_BULL,STRONG_BULL,False,,1.0,0.15,1.15
2024-03-28,7.0,5.0,5.0,4.0,0.0,1.0,21.0,8.0,3.0,6.0,5.0,1.0,22.0,10.0,8.0,7.0,1.0,25.0,,6.0,6.0,,0.48,25.0,93.0,STRONG_BULL,STRONG_BULL,STRONG_BULL,False,,1.0,0.15,1.15
2024-04-01,7.0,5.0,5.0,4.0,0.0,1.0,21.0,8.0,3.0,6.0,5.0,1.0,22.0,10.0,8.0,7.0,1.0,25.0,,6.0,6.0,,0.48,25.0,93.0,STRONG_BULL,STRONG_BULL,STRONG_BULL,False,,1.0,0.15,1.15
2024-04-02,7.0,5.0,5.0,4.0,0.0,1.0,21.0,8.0,3.0,6.0,5.0,1.0,22.0,5.0,8.0,7.0,1.0,20.0,,0.0,6.0,,0.48,12.5,75.5,BULL,STRONG_BULL,STRONG_BULL,False,,1.0,0.15,1.15
2024-04-03,7.0,5.0,5.0,4.0,0.0,1.0,21.0,4.0,3.0,6.0,0.0,1.0,13.0,5.0,8.0,7.0,1.0,20.0,,0.0,6.0,,0.48,12.5,66.5,BULL,BULL,BULL,False,,0.8,0.12,1.0
2024-04-04,7.0,5.0,5.0,4.0,0.0,1.0,21.0,8.0,3.0,6.0,5.0,1.0,22.0,2.0,4.0,7.0,1.0,13.0,,0.0,6.0,,0.48,12.5,68.5,BULL,BULL,BULL,False,,0.8,0.12,1.0
2024-04-05,7.0,5.0,5.0,4.0,0.0,1.0,21.0,4.0,3.0,6.0,0.0,1.0,13.0,2.0,8.0,7.0,1.0,17.0,,0.0,6.0,,0.48,12.5,63.5,NEUTRAL,BULL,BULL,False,,0.8,0.12,1.0
2024-04-08,7.0,5.0,5.0,4.0,0.0,1.0,21.0,4.0,3.0,0.0,0.0,1.0,7.000000000000001,5.0,8.0,7.0,1.0,20.0,,0.0,0.0,,0.48,0.0,48.0,NEUTRAL,NEUTRAL,NEUTRAL,False,,0.5,0.08,0.7
2024-04-09,7.0,5.0,5.0,4.0,0.0,1.0,21.0,4.0,,0.0,0.0,0.76,5.263157894736842,5.0,8.0,7.0,1.0,20.0,,0.0,6.0,,0.48,12.5,58.76315789473684,NEUTRAL,NEUTRAL,NEUTRAL,False,,0.5,0.08,0.7
2024-04-10,7.0,5.0,5.0,4.0,0.0,1.0,21.0,4.0,3.0,0.0,0.0,1.0,7.000000000000001,5.0,8.0,7.0,1.0,20.0,,0.0,0.0,,0.48,0.0,48.0,NEUTRAL,NEUTRAL,NEUTRAL,False,,0.5,0.08,0.7
2024-04-11,7.0,5.0,5.0,4.0,4.0,1.0,25.0,4.0,3.0,0.0,0.0,1.0,7.000000000000001,5.0,8.0,7.0,1.0,20.0,,0.0,0.0,,0.48,0.0,52.0,NEUTRAL,NEUTRAL,NEUTRAL,False,,0.5,0.08,0.7
2024-04-12,7.0,5.0,5.0,4.0,4.0,1.0,25.0,4.0,3.0,0.0,0.0,1.0,7.000000000000001,2.0,4.0,7.0,1.0,13.0,,6.0,6.0,,0.48,25.0,70.0,BULL,NEUTRAL,NEUTRAL,False,,0.5,0.08,0.7
2024-04-15,7.0,0.0,5.0,4.0,4.0,1.0,20.0,4.0,3.0,0.0,0.0,1.0,7.000000000000001,0.0,0.0,7.0,1.0,7.000000000000001,,0.0,0.0,,0.48,0.0,34.0,CAUTION,NEUTRAL,CRISIS,True,VIX_PCTL_EXTREME,0.0,0.0,0.0
2024-04-16,7.0,0.0,5.0,4.0,4.0,1.0,20.0,4.0,3.0,0.0,0.0,1.0,7.000000000000001,0.0,0.0,7.0,1.0,7.000000000000001,,0.0,0.0,,0.48,0.0,34.0,CAUTION,CAUTION,CAUTION,False,,0.25,0.05,0.4
2024-04-17,7.0,0.0,5.0,4.0,4.0,1.0,20.0,4.0,3.0,0.0,0.0,1.0,7.000000000000001,0.0,4.0,7.0,1.0,11.0,,0.0,6.0,,0.48,12.5,50.5,NEUTRAL,CAUTION,CAUTION,False,,0.25,0.05,0.4
2024-04-18,7.0,0.0,5.0,4.0,0.0,1.0,16.0,4.0,3.0,0.0,0.0,1.0,7.000000000000001,0.0,4.0,7.0,1.0,11.0,,0.0,0.0,,0.48,0.0,34.0,CAUTION,CAUTION,CAUTION,False,,0.25,0.05,0.4
2024-04-19,7.0,0.0,5.0,4.0,0.0,1.0,16.0,8.0,6.0,0.0,5.0,1.0,19.0,0.0,8.0,7.0,1.0,15.0,,0.0,0.0,,0.48,0.0,50.0,NEUTRAL,CAUTION,CAUTION,False,,0.25,0.05,0.4
2024-04-22,7.0,0.0,5.0,4.0,0.0,1.0,16.0,8.0,3.0,0.0,5.0,1.0,16.0,2.0,4.0,7.0,1.0,13.0,,6.0,0.0,,0.48,12.5,57.5,NEUTRAL,NEUTRAL,NEUTRAL,False,,0.5,0.08,0.7
2024-04-23,7.0,0.0,5.0,4.0,0.0,1.0,16.0,8.0,3.0,6.0,5.0,1.0,22.0,5.0,4.0,7.0,1.0,16.0,,6.0,0.0,,0.48,12.5,66.5,BULL,NEUTRAL,NEUTRAL,False,,0.5,0.08,0.7
2024-04-24,7.0,0.0,5.0,4.0,0.0,1.0,16.0,8.0,3.0,6.0,5.0,1.0,22.0,2.0,4.0,7.0,1.0,13.0,,0.0,0.0,,0.48,0.0,51.0,NEUTRAL,NEUTRAL,NEUTRAL,False,,0.5,0.08,0.7
2024-04-25,7.0,0.0,5.0,4.0,0.0,1.0,16.0,4.0,3.0,6.0,0.0,1.0,13.0,5.0,4.0,7.0,1.0,16.0,,0.0,0.0,,0.48,0.0,45.0,NEUTRAL,NEUTRAL,NEUTRAL,False,,0.5,0.08,0.7
2024-04-26,7.0,5.0,5.0,4.0,0.0,1.0,21.0,4.0,3.0,6.0,0.0,1.0,13.0,5.0,8.0,7.0,1.0,20.0,,0.0,0.0,,0.48,0.0,54.0,NEUTRAL,NEUTRAL,NEUTRAL,False,,0.5,0.08,0.7
2024-04-29,7.0,5.0,5.0,4.0,0.0,1.0,21.0,4.0,6.0,0.0,0.0,1.0,10.0,5.0,8.0,7.0,1.0,20.0,,0.0,6.0,,0.48,12.5,63.5,NEUTRAL,NEUTRAL,NEUTRAL,False,,0.5,0.08,0.7
2024-04-30,7.0,0.0,5.0,4.0,0.0,1.0,16.0,4.0,6.0,0.0,0.0,1.0,10.0,5.0,0.0,7.0,1.0,12.0,9.0,6.0,0.0,0.0,1.0,15.0,53.0,NEUTRAL,NEUTRAL,NEUTRAL,False,,0.5,0.08,0.7
2024-05-01,7.0,0.0,5.0,4.0,0.0,1.0,16.0,4.0,6.0,0.0,0.0,1.0,10.0,5.0,4.0,7.0,1.0,16.0,9.0,6.0,6.0,0.0,1.0,21.0,63.0,NEUTRAL,NEUTRAL,NEUTRAL,False,,0.5,0.08,0.7
2024-05-02,7.0,0.0,5.0,4.0,0.0,1.0,16.0,4.0,6.0,0.0,0.0,1.0,10.0,5.0,8.0,7.0,1.0,20.0,9.0,6.0,6.0,0.0,1.0,21.0,67.0,BULL,NEUTRAL,NEUTRAL,False,,0.5,0.08,0.7
2024-05-03,7.0,5.0,5.0,4.0,4.0,1.0,25.0,4.0,6.0,0.0,0.0,1.0,10.0,10.0,8.0,7.0,1.0,25.0,9.0,6.0,6.0,0.0,1.0,21.0,81.0,BULL,BULL,BULL,False,,0.8,0.12,1.0
2024-05-06,7.0,5.0,5.0,4.0,4.0,1.0,25.0,4.0,6.0,0.0,0.0,1.0,10.0,10.0,8.0,7.0,1.0,25.0,9.0,6.0,6.0,0.0,1.0,21.0,81.0,BULL,BULL,BULL,False,,0.8,0.12,1.0
2024-05-07,7.0,5.0,5.0,4.0,0.0,1.0,21.0,4.0,3.0,0.0,0.0,1.0,7.000000000000001,10.0,8.0,7.0,1.0,25.0,9.0,6.0,6.0,0.0,1.0,21.0,74.0,BULL,BULL,BULL,False,,0.8,0.12,1.0
2024-05-08,7.0,5.0,5.0,4.0,0.0,1.0,21.0,4.0,3.0,0.0,0.0,1.0,7.000000000000001,10.0,8.0,7.0,1.0,25.0,9.0,6.0,6.0,0.0,1.0,21.0,74.0,BULL,BULL,BULL,False,,0.8,0.12,1.0
2024-05-09,7.0,5.0,5.0,4.0,0.0,1.0,21.0,8.0,6.0,0.0,5.0,1.0,19.0,10.0,8.0,7.0,1.0,25.0,9.0,6.0,6.0,0.0,1.0,21.0,86.0,STRONG_BULL,BULL,BULL,False,,0.8,0.12,1.0
2024-05-10,7.0,5.0,5.0,4.0,0.0,1.0,21.0,8.0,3.0,0.0,5.0,1.0,16.0,10.0,8.0,7.0,1.0,25.0,9.0,6.0,6.0,0.0,1.0,21.0,83.0,BULL,BULL,BULL,False,,0.8,0.12,1.0
2024-05-13,7.0,5.0,5.0,4.0,0.0,1.0,21.0,8.0,3.0,0.0,5.0,1.0,16.0,10.0,8.0,7.0,1.0,25.0,9.0,6.0,6.0,0.0,1.0,21.0,83.0,BULL,BULL,BULL,False,,0.8,0.12,1.0
2024-05-14,7.0,5.0,5.0,4.0,0.0,1.0,21.0,8.0,,6.0,5.0,0.76,25.0,10.0,8.0,7.0,1.0,25.0,9.0,6.0,6.0,0.0,1.0,21.0,92.0,STRONG_BULL,BULL,BULL,False,,0.8,0.12,1.0
2024-05-15,7.0,5.0,5.0,4.0,4.0,1.0,25.0,4.0,3.0,6.0,0.0,1.0,13.0,10.0,8.0,7.0,1.0,25.0,9.0,6.0,6.0,4.0,1.0,25.0,88.0,BULL,BULL,BULL,False,,0.8,0.12,1.0
2024-05-16,7.0,5.0,5.0,4.0,4.0,1.0,25.0,4.0,3.0,6.0,0.0,1.0,13.0,10.0,8.0,7.0,1.0,25.0,9.0,6.0,6.0,4.0,1.0,25.0,88.0,BULL,BULL,BULL,False,,0.8,0.12,1.0
2024-05-17,7.0,5.0,5.0,4.0,4.0,1.0,25.0,4.0,3.0,0.0,0.0,1.0,7.000000000000001,10.0,8.0,7.0,1.0,25.0,9.0,6.0,6.0,4.0,1.0,25.0,82.0,BULL,BULL,BULL,False,,0.8,0.12,1.0
2024-05-20,7.0,5.0,5.0,4.0,4.0,1.0,25.0,4.0,3.0,0.0,0.0,1.0,7.000000000000001,10.0,8.0,7.0,1.0,25.0,9.0,6.0,6.0,4.0,1.0,25.0,82.0,BULL,BULL,BULL,False,,0.8,0.12,1.0
2024-05-21,7.0,5.0,5.0,4.0,4.0,1.0,25.0,4.0,3.0,0.0,0.0,1.0,7.000000000000001,10.0,8.0,7.0,1.0,25.0,9.0,6.0,6.0,4.0,1.0,25.0,82.0,BULL,BULL,BULL,False,,0.8,0.12,1.0
2024-05-22,7.0,5.0,5.0,4.0,4.0,1.0,25.0,4.0,3.0,0.0,0.0,1.0,7.000000000000001,10.0,8.0,7.0,1.0,25.0,9.0,6.0,6.0,0.0,1.0,21.0,78.0,BULL,BULL,BULL,False,,0.8,0.12,1.0
2024-05-23,7.0,5.0,5.0,4.0,4.0,1.0,25.0,4.0,3.0,0.0,0.0,1.0,7.000000000000001,10.0,8.0,7.0,1.0,25.0,9.0,0.0,6.0,0.0,1.0,15.0,72.0,BULL,BULL,BULL,False,,0.8,0.12,1.0
2024-05-24,7.0,5.0,5.0,4.0,4.0,1.0,25.0,4.0,3.0,0.0,0.0,1.0,7.000000000000001,10.0,8.0,7.0,1.0,25.0,9.0,6.0,6.0,4.0,1.0,25.0,82.0,BULL,BULL,BULL,False,,0.8,0.12,1.0
2024-05-27,0.0,0.0,5.0,4.0,0.0,1.0,9.0,,,,,0.0,,10.0,,,0.4,25.0,,,,,0.0,,34.0,CAUTION,BULL,BULL,False,,0.8,0.12,1.0
2024-05-28,7.0,5.0,5.0,4.0,4.0,1.0,25.0,4.0,3.0,,0.0,0.76,9.210526315789473,10.0,8.0,,0.72,25.0,,6.0,6.0,,0.48,25.0,84.21052631578948,BULL,BULL,BULL,False,,0.8,0.12,1.0
2024-05-29,7.0,5.0,5.0,4.0,4.0,1.0,25.0,4.0,3.0,,0.0,0.76,9.210526315789473,5.0,8.0,,0.72,18.055555555555554,,0.0,6.0,,0.48,12.5,64.76608187134502,NEUTRAL,BULL,BULL,False,,0.8,0.12,1.0
2024-05-30,7.0,5.0,5.0,4.0,4.0,1.0,25.0,4.0,3.0,,0.0,0.76,9.210526315789473,5.0,8.0,,0.72,18.055555555555554,,0.0,6.0,,0.48,12.5,64.76608187134502,NEUTRAL,NEUTRAL,NEUTRAL,False,,0.5,0.08,0.7
2024-05-31,7.0,5.0,5.0,4.0,4.0,1.0,25.0,4.0,3.0,,0.0,0.76,9.210526315789473,10.0,8.0,,0.72,25.0,,0.0,6.0,,0.48,12.5,71.71052631578948,BULL,NEUTRAL,NEUTRAL,False,,0.5,0.08,0.7
2024-06-03,7.0,5.0,5.0,4.0,4.0,1.0,25.0,4.0,3.0,0.0,0.0,1.0,7.000000000000001,10.0,8.0,,0.72,25.0,,0.0,6.0,,0.48,12.5,69.5,BULL,BULL,BULL,False,,0.8,0.12,1.0
2024-06-04,7.0,5.0,5.0,4.0,4.0,1.0,25.0,4.0,3.0,0.0,0.0,1.0,7.000000000000001,10.0,4.0,,0.72,19.444444444444446,,0.0,6.0,,0.48,12.5,63.94444444444444,NEUTRAL,BULL,BULL,False,,0.8,0.12,1.0
2024-06-05,7.0,5.0,5.0,4.0,4.0,1.0,25.0,4.0,3.0,0.0,0.0,1.0,7.000000000000001,10.0,4.0,,0.72,19.444444444444446,,0.0,6.0,,0.48,12.5,63.94444444444444,NEUTRAL,NEUTRAL,NEUTRAL,False,,0.5,0.08,0.7
2024-06-06,7.0,5.0,5.0,4.0,4.0,1.0,25.0,4.0,3.0,0.0,0.0,1.0,7.000000000000001,10.0,8.0,,0.72,25.0,,0.0,6.0,,0.48,12.5,69.5,BULL,NEUTRAL,NEUTRAL,False,,0.5,0.08,0.7
2024-06-07,7.0,5.0,5.0,4.0,4.0,1.0,25.0,4.0,3.0,0.0,0.0,1.0,7.000000000000001,10.0,8.0,,0.72,25.0,,0.0,6.0,,0.48,12.5,69.5,BULL,BULL,BULL,False,,0.8,0.12,1.0
2024-06-10,7.0,5.0,5.0,4.0,4.0,1.0,25.0,4.0,3.0,0.0,0.0,1.0,7.000000000000001,10.0,8.0,,0.72,25.0,,0.0,6.0,,0.48,12.5,69.5,BULL,BULL,BULL,False,,0.8,0.12,1.0
2024-06-11,7.0,5.0,5.0,4.0,4.0,1.0,25.0,4.0,3.0,0.0,0.0,1.0,7.000000000000001,10.0,8.0,,0.72,25.0,,0.0,6.0,,0.48,12.5,69.5,BULL,BULL,BULL,False,,0.8,0.12,1.0
2024-06-12,7.0,5.0,5.0,4.0,4.0,1.0,25.0,4.0,3.0,0.0,0.0,1.0,7.000000000000001,10.0,8.0,,0.72,25.0,,0.0,6.0,,0.48,12.5,69.5,BULL,BULL,BULL,False,,0.8,0.12,1.0
2024-06-13,7.0,5.0,5.0,4.0,4.0,1.0,25.0,4.0,3.0,0.0,0.0,1.0,7.000000000000001,10.0,8.0,,0.72,25.0,,0.0,6.0,,0.48,12.5,69.5,BULL,BULL,BULL,False,,0.8,0.12,1.0
2024-06-14,7.0,5.0,5.0,4.0,4.0,1.0,25.0,4.0,3.0,0.0,0.0,1.0,7.000000000000001,10.0,8.0,,0.72,25.0,,0.0,6.0,,0.48,12.5,69.5,BULL,BULL,BULL,False,,0.8,0.12,1.0
2024-06-17,7.0,5.0,5.0,4.0,4.0,1.0,25.0,4.0,3.0,0.0,0.0,1.0,7.000000000000001,10.0,8.0,,0.72,25.0,,0.0,6.0,,0.48,12.5,69.5,BULL,BULL,BULL,False,,0.8,0.12,1.0
2024-06-18,7.0,5.0,5.0,4.0,4.0,1.0,25.0,4.0,3.0,0.0,0.0,1.0,7.000000000000001,10.0,8.0,,0.72,25.0,,0.0,6.0,,0.48,12.5,69.5,BULL,BULL,BULL,False,,0.8,0.12,1.0
2024-06-19,0.0,0.0,5.0,4.0,0.0,1.0,9.0,,,,,0.0,,10.0,,,0.4,25.0,,,,,0.0,,34.0,CAUTION,BULL,BULL,False,,0.8,0.12,1.0
2024-06-20,7.0,5.0,5.0,4.0,4.0,1.0,25.0,4.0,3.0,,0.0,0.76,9.210526315789473,10.0,8.0,,0.72,25.0,,0.0,6.0,,0.48,12.5,71.71052631578948,BULL,BULL,BULL,False,,0.8,0.12,1.0
2024-06-21,7.0,5.0,5.0,4.0,4.0,1.0,25.0,4.0,3.0,,0.0,0.76,9.210526315789473,10.0,8.0,,0.72,25.0,,0.0,6.0,,0.48,12.5,71.71052631578948,BULL,BULL,BULL,False,,0.8,0.12,1.0
2024-06-24,7.0,5.0,5.0,4.0,0.0,1.0,21.0,,3.0,,,0.24,12.5,10.0,8.0,,0.72,25.0,,,,,0.0,,58.5,NEUTRAL,BULL,BULL,False,,0.8,0.12,1.0
2024-06-25,7.0,5.0,5.0,4.0,4.0,1.0,25.0,4.0,3.0,,0.0,0.76,9.210526315789473,10.0,8.0,,0.72,25.0,,0.0,6.0,,0.48,12.5,71.71052631578948,BULL,BULL,BULL,False,,0.8,0.12,1.0
2024-06-26,7.0,5.0,5.0,4.0,4.0,1.0,25.0,4.0,3.0,,0.0,0.76,9.210526315789473,10.0,8.0,,0.72,25.0,,0.0,6.0,,0.48,12.5,71.71052631578948,BULL,BULL,BULL,False,,0.8,0.12,1.0
2024-06-27,7.0,5.0,5.0,4.0,4.0,1.0,25.0,4.0,3.0,,0.0,0.76,9.210526315789473,10.0,8.0,,0.72,25.0,,0.0,6.0,,0.48,12.5,71.71052631578948,BULL,BULL,BULL,False,,0.8,0.12,1.0
2024-06-28,7.0,5.0,5.0,4.0,4.0,1.0,25.0,4.0,3.0,,0.0,0.76,9.210526315789473,10.0,8.0,,0.72,25.0,,0.0,6.0,,0.48,12.5,71.71052631578948,BULL,BULL,BULL,False,,0.8,0.12,1.0
2024-07-01,7.0,5.0,5.0,4.0,4.0,1.0,25.0,4.0,3.0,0.0,0.0,1.0,7.000000000000001,10.0,8.0,,0.72,25.0,,0.0,6.0,,0.48,12.5,69.5,BULL,BULL,BULL,False,,0.8,0.12,1.0
2024-07-02,7.0,5.0,5.0,4.0,4.0,1.0,25.0,4.0,3.0,0.0,0.0,1.0,7.000000000000001,10.0,8.0,,0.72,25.0,,0.0,6.0,,0.48,12.5,69.5,BULL,BULL,BULL,False,,0.8,0.12,1.0
2024-07-03,7.0,5.0,5.0,4.0,4.0,1.0,25.0,4.0,3.0,0.0,0.0,1.0,7.000000000000001,10.0,8.0,,0.72,25.0,,0.0,6.0,,0.48,12.5,69.5,BULL,BULL,BULL,False,,0.8,0.12,1.0
2024-07-04,0.0,0.0,5.0,4.0,0.0,1.0,9.0,,,,,0.0,,10.0,,,0.4,25.0,,,,,0.0,,34.0,CAUTION,BULL,BULL,False,,0.8,0.12,1.0
2024-07-05,7.0,5.0,5.0,4.0,4.0,1.0,25.0,4.0,3.0,,0.0,0.76,9.210526315789473,10.0,8.0,,0.72,25.0,,0.0,6.0,,0.48,12.5,71.71052631578948,BULL,BULL,BULL,False,,0.8,0.12,1.0
2024-07-08,7.0,5.0,5.0,4.0,4.0,1.0,25.0,4.0,3.0,,0.0,0.76,9.210526315789473,10.0,8.0,,0.72,25.0,,0.0,6.0,,0.48,12.5,71.71052631578948,BULL,BULL,BULL,False,,0.8,0.12,1.0
2024-07-09,7.0,5.0,5.0,4.0,4.0,1.0,25.0,4.0,3.0,,0.0,0.76,9.210526315789473,10.0,8.0,,0.72,25.0,,0.0,6.0,,0.48,12.5,71.71052631578948,BULL,BULL,BULL,False,,0.8,0.12,1.0
2024-07-10,7.0,5.0,5.0,4.0,4.0,1.0,25.0,4.0,3.0,,0.0,0.76,9.210526315789473,10.0,8.0,,0.72,25.0,,0.0,6.0,,0.48,12.5,71.71052631578948,BULL,BULL,BULL,False,,0.8,0.12,1.0
2024-07-11,7.0,5.0,5.0,4.0,4.0,1.0,25.0,4.0,3.0,0.0,0.0,1.0,7.000000000000001,10.0,8.0,,0.72,25.0,,6.0,6.0,,0.48,25.0,82.0,BULL,BULL,BULL,False,,0.8,0.12,1.0
2024-07-12,7.0,5.0,5.0,4.0,0.0,1.0,21.0,4.0,3.0,0.0,0.0,1.0,7.000000000000001,10.0,8.0,,0.72,25.0,,6.0,6.0,,0.48,25.0,78.0,BULL,BULL,BULL,False,,0.8,0.12,1.0
2024-07-15,7.0,5.0,5.0,4.0,0.0,1.0,21.0,4.0,3.0,0.0,0.0,1.0,7.000000000000001,10.0,8.0,,0.72,25.0,,6.0,6.0,,0.48,25.0,78.0,BULL,BULL,BULL,False,,0.8,0.12,1.0
2024-07-16,7.0,5.0,5.0,4.0,0.0,1.0,21.0,8.0,3.0,0.0,5.0,1.0,16.0,10.0,8.0,,0.72,25.0,,6.0,6.0,,0.48,25.0,87.0,BULL,BULL,BULL,False,,0.8,0.12,1.0
2024-07-17,7.0,5.0,5.0,4.0,0.0,1.0,21.0,,3.0,,,0.24,12.5,5.0,8.0,,0.72,18.055555555555554,,,,,0.0,,51.55555555555556,NEUTRAL,BULL,BULL,False,,0.8,0.12,1.0
2024-07-18,7.0,5.0,5.0,4.0,0.0,1.0,21.0,8.0,3.0,,5.0,0.76,21.052631578947366,2.0,8.0,,0.72,13.88888888888889,,6.0,6.0,,0.48,25.0,80.94152046783626,STRONG_BULL,BULL,BULL,False,,0.8,0.12,1.0
2024-07-19,7.0,5.0,5.0,4.0,0.0,1.0,21.0,8.0,3.0,,5.0,0.76,21.052631578947366,2.0,8.0,,0.72,13.88888888888889,,6.0,6.0,,0.48,25.0,80.94152046783626,STRONG_BULL,STRONG_BULL,STRONG_BULL,False,,1.0,0.15,1.15
2024-07-22,7.0,5.0,5.0,4.0,0.0,1.0,21.0,8.0,3.0,,5.0,0.76,21.052631578947366,5.0,8.0,,0.72,18.055555555555554,,6.0,6.0,,0.48,25.0,85.10818713450293,STRONG_BULL,STRONG_BULL,STRONG_BULL,False,,1.0,0.15,1.15
2024-07-23,7.0,5.0,5.0,4.0,0.0,1.0,21.0,8.0,3.0,,5.0,0.76,21.052631578947366,5.0,8.0,,0.72,18.055555555555554,,6.0,6.0,,0.48,25.0,85.10818713450293,STRONG_BULL,STRONG_BULL,STRONG_BULL,False,,1.0,0.15,1.15
2024-07-24,7.0,0.0,5.0,4.0,0.0,1.0,16.0,8.0,3.0,6.0,5.0,1.0,22.0,0.0,0.0,,0.72,0.0,,6.0,6.0,,0.48,25.0,63.0,NEUTRAL,STRONG_BULL,STRONG_BULL,False,,1.0,0.15,1.15
2024-07-25,7.0,0.0,5.0,4.0,0.0,1.0,16.0,8.0,3.0,6.0,5.0,1.0,22.0,0.0,0.0,,0.72,0.0,,6.0,6.0,,0.48,25.0,63.0,NEUTRAL,NEUTRAL,NEUTRAL,False,,0.5,0.08,0.7
2024-07-26,7.0,5.0,5.0,4.0,0.0,1.0,21.0,8.0,3.0,6.0,5.0,1.0,22.0,2.0,4.0,,0.72,8.333333333333332,,6.0,6.0,,0.48,25.0,76.33333333333333,BULL,NEUTRAL,NEUTRAL,False,,0.5,0.08,0.7
2024-07-29,7.0,5.0,5.0,4.0,0.0,1.0,21.0,8.0,3.0,6.0,5.0,1.0,22.0,2.0,0.0,,0.72,2.7777777777777777,,6.0,6.0,,0.48,25.0,70.77777777777777,BULL,BULL,BULL,False,,0.8,0.12,1.0
2024-07-30,7.0,5.0,5.0,4.0,0.0,1.0,21.0,8.0,3.0,6.0,5.0,1.0,22.0,2.0,0.0,,0.72,2.7777777777777777,,6.0,6.0,,0.48,25.0,70.77777777777777,BULL,BULL,BULL,False,,0.8,0.12,1.0
2024-07-31,7.0,5.0,5.0,4.0,0.0,1.0,21.0,8.0,3.0,6.0,5.0,1.0,22.0,2.0,4.0,,0.72,8.333333333333332,,6.0,6.0,,0.48,25.0,76.33333333333333,BULL,BULL,BULL,False,,0.8,0.12,1.0
2024-08-01,7.0,5.0,5.0,4.0,0.0,1.0,21.0,,3.0,,,0.24,12.5,0.0,0.0,,0.72,0.0,,,,,0.0,,33.5,CAUTION,BULL,BULL,False,,0.8,0.12,1.0
2024-08-02,7.0,0.0,5.0,4.0,0.0,1.0,16.0,8.0,3.0,,5.0,0.76,21.052631578947366,0.0,4.0,7.0,1.0,11.0,,6.0,6.0,,0.48,25.0,73.05263157894737,BULL,BULL,CRISIS,True,VIX_PCTL_EXTREME,0.0,0.0,0.0
2024-08-05,7.0,0.0,5.0,4.0,0.0,1.0,16.0,8.0,3.0,,5.0,0.76,21.052631578947366,0.0,0.0,3.0,1.0,3.0,,6.0,6.0,,0.48,25.0,65.05263157894737,BULL,BULL,CRISIS,True,VIX_PCTL_EXTREME|TERM_BACKWARDATION|VIX_SPIKE,0.0,0.0,0.0
2024-08-06,7.0,0.0,5.0,4.0,0.0,1.0,16.0,8.0,3.0,,5.0,0.76,21.052631578947366,0.0,0.0,3.0,1.0,3.0,,6.0,6.0,,0.48,25.0,65.05263157894737,BULL,BULL,CRISIS,True,VIX_PCTL_EXTREME,0.0,0.0,0.0
2024-08-07,7.0,0.0,5.0,4.0,0.0,1.0,16.0,8.0,3.0,,5.0,0.76,21.052631578947366,0.0,0.0,3.0,1.0,3.0,,6.0,6.0,,0.48,25.0,65.05263157894737,BULL,BULL,CRISIS,True,VIX_PCTL_EXTREME,0.0,0.0,0.0
2024-08-08,7.0,0.0,5.0,4.0,0.0,1.0,16.0,8.0,3.0,6.0,5.0,1.0,22.0,0.0,4.0,3.0,1.0,7.000000000000001,,6.0,6.0,,0.48,25.0,70.0,BULL,BULL,CRISIS,True,VIX_PCTL_EXTREME,0.0,0.0,0.0
2024-08-09,7.0,0.0,5.0,4.0,0.0,1.0,16.0,8.0,3.0,6.0,5.0,1.0,22.0,0.0,8.0,3.0,1.0,11.0,,6.0,6.0,,0.48,25.0,74.0,BULL,BULL,CRISIS,True,VIX_PCTL_EXTREME,0.0,0.0,0.0
2024-08-12,7.0,0.0,5.0,4.0,0.0,1.0,16.0,8.0,3.0,6.0,5.0,1.0,22.0,0.0,0.0,3.0,1.0,3.0,,6.0,6.0,,0.48,25.0,66.0,BULL,BULL,CRISIS,True,VIX_PCTL_EXTREME,0.0,0.0,0.0
2024-08-13,7.0,5.0,5.0,0.0,0.0,1.0,17.0,8.0,3.0,6.0,5.0,1.0,22.0,2.0,8.0,3.0,1.0,13.0,,0.0,6.0,,0.48,12.5,64.5,NEUTRAL,BULL,BULL,False,,0.8,0.12,1.0
2024-08-14,7.0,5.0,5.0,0.0,0.0,1.0,17.0,8.0,3.0,6.0,5.0,1.0,22.0,2.0,8.0,3.0,1.0,13.0,,0.0,6.0,,0.48,12.5,64.5,NEUTRAL,NEUTRAL,NEUTRAL,False,,0.5,0.08,0.7
2024-08-15,7.0,5.0,5.0,0.0,0.0,1.0,17.0,8.0,3.0,6.0,5.0,1.0,22.0,2.0,8.0,3.0,1.0,13.0,,0.0,6.0,,0.48,12.5,64.5,NEUTRAL,NEUTRAL,NEUTRAL,False,,0.5,0.08,0.7
2024-08-16,7.0,5.0,5.0,0.0,0.0,1.0,17.0,8.0,3.0,6.0,5.0,1.0,22.0,5.0,8.0,3.0,1.0,16.0,,0.0,6.0,,0.48,12.5,67.5,BULL,NEUTRAL,NEUTRAL,False,,0.5,0.08,0.7
2024-08-19,7.0,5.0,5.0,0.0,0.0,1.0,17.0,8.0,,6.0,5.0,0.76,25.0,5.0,8.0,3.0,1.0,16.0,,0.0,6.0,,0.48,12.5,70.5,BULL,BULL,BULL,False,,0.8,0.12,1.0
2024-08-20,7.0,5.0,5.0,4.0,0.0,1.0,21.0,8.0,3.0,6.0,5.0,1.0,22.0,2.0,8.0,3.0,1.0,13.0,,0.0,6.0,,0.48,12.5,68.5,BULL,BULL,BULL,False,,0.8,0.12,1.0
2024-08-21,7.0,5.0,5.0,4.0,4.0,1.0,25.0,4.0,3.0,6.0,0.0,1.0,13.0,2.0,8.0,3.0,1.0,13.0,,0.0,6.0,,0.48,12.5,63.5,NEUTRAL,BULL,BULL,False,,0.8,0.12,1.0
2024-08-22,7.0,5.0,5.0,4.0,4.0,1.0,25.0,4.0,3.0,6.0,0.0,1.0,13.0,2.0,8.0,3.0,1.0,13.0,,0.0,6.0,,0.48,12.5,63.5,NEUTRAL,NEUTRAL,NEUTRAL,False,,0.5,0.08,0.7
2024-08-23,7.0,5.0,5.0,4.0,4.0,1.0,25.0,4.0,3.0,0.0,0.0,1.0,7.000000000000001,2.0,8.0,3.0,1.0,13.0,,0.0,6.0,,0.48,12.5,57.5,NEUTRAL,NEUTRAL,NEUTRAL,False,,0.5,0.08,0.7
2024-08-26,7.0,5.0,5.0,4.0,0.0,1.0,21.0,4.0,3.0,0.0,0.0,1.0,7.000000000000001,2.0,8.0,3.0,1.0,13.0,,0.0,6.0,,0.48,12.5,53.5,NEUTRAL,NEUTRAL,NEUTRAL,False,,0.5,0.08,0.7
2024-08-27,7.0,5.0,5.0,4.0,4.0,1.0,25.0,4.0,3.0,0.0,0.0,1.0,7.000000000000001,2.0,8.0,3.0,1.0,13.0,,0.0,6.0,,0.48,12.5,57.5,NEUTRAL,NEUTRAL,NEUTRAL,False,,0.5,0.08,0.7
2024-08-28,7.0,5.0,5.0,4.0,0.0,1.0,21.0,4.0,6.0,0.0,0.0,1.0,10.0,2.0,8.0,3.0,1.0,13.0,,0.0,6.0,,0.48,12.5,56.5,NEUTRAL,NEUTRAL,NEUTRAL,False,,0.5,0.08,0.7
2024-08-29,7.0,5.0,5.0,4.0,0.0,1.0,21.0,8.0,6.0,0.0,5.0,1.0,19.0,2.0,8.0,3.0,1.0,13.0,,0.0,6.0,,0.48,12.5,65.5,BULL,NEUTRAL,NEUTRAL,False,,0.5,0.08,0.7
2024-08-30,7.0,5.0,5.0,4.0,4.0,1.0,25.0,4.0,6.0,0.0,0.0,1.0,10.0,5.0,8.0,7.0,1.0,20.0,,6.0,6.0,,0.48,25.0,80.0,BULL,BULL,BULL,False,,0.8,0.12,1.0
2024-09-02,0.0,0.0,5.0,4.0,0.0,1.0,9.0,,,,,0.0,,2.0,,,0.4,5.0,,,,,0.0,,14.0,CRISIS,BULL,BULL,False,,0.8,0.12,1.0
2024-09-03,7.0,5.0,5.0,4.0,0.0,1.0,21.0,4.0,6.0,,0.0,0.76,13.157894736842104,0.0,8.0,,0.72,11.11111111111111,,0.0,6.0,,0.48,12.5,57.76900584795321,NEUTRAL,BULL,CRISIS,True,VIX_PCTL_EXTREME,0.0,0.0,0.0
2024-09-04,7.0,5.0,5.0,4.0,0.0,1.0,21.0,4.0,6.0,,0.0,0.76,13.157894736842104,0.0,8.0,,0.72,11.11111111111111,,6.0,6.0,,0.48,25.0,70.26900584795321,BULL,BULL,CRISIS,True,VIX_PCTL_EXTREME,0.0,0.0,0.0
2024-09-05,7.0,5.0,5.0,4.0,0.0,1.0,21.0,8.0,6.0,,5.0,0.76,25.0,0.0,8.0,,0.72,11.11111111111111,,0.0,6.0,,0.48,12.5,69.61111111111111,BULL,BULL,BULL,False,,0.8,0.12,1.0
2024-09-06,7.0,0.0,5.0,4.0,0.0,1.0,16.0,8.0,6.0,,5.0,0.76,25.0,0.0,4.0,,0.72,5.555555555555555,,6.0,6.0,,0.48,25.0,71.55555555555556,BULL,BULL,CRISIS,True,VIX_PCTL_EXTREME,0.0,0.0,0.0
2024-09-09,7.0,0.0,5.0,4.0,0.0,1.0,16.0,8.0,6.0,6.0,5.0,1.0,25.0,0.0,8.0,,0.72,11.11111111111111,,6.0,6.0,,0.48,25.0,77.11111111111111,BULL,BULL,BULL,False,,0.8,0.12,1.0
2024-09-10,7.0,5.0,5.0,4.0,0.0,1.0,21.0,8.0,6.0,6.0,5.0,1.0,25.0,0.0,4.0,,0.72,5.555555555555555,,0.0,6.0,,0.48,12.5,64.05555555555556,NEUTRAL,BULL,BULL,False,,0.8,0.12,1.0
2024-09-11,7.0,5.0,5.0,4.0,0.0,1.0,21.0,8.0,,6.0,5.0,0.76,25.0,2.0,8.0,,0.72,13.88888888888889,,6.0,6.0,,0.48,25.0,84.88888888888889,STRONG_BULL,BULL,BULL,False,,0.8,0.12,1.0
2024-09-12,7.0,5.0,5.0,4.0,0.0,1.0,21.0,8.0,6.0,6.0,5.0,1.0,25.0,2.0,8.0,,0.72,13.88888888888889,,0.0,6.0,,0.48,12.5,72.38888888888889,BULL,BULL,BULL,False,,0.8,0.12,1.0
2024-09-13,7.0,5.0,5.0,4.0,0.0,1.0,21.0,8.0,6.0,6.0,5.0,1.0,25.0,2.0,8.0,,0.72,13.88888888888889,,6.0,6.0,,0.48,25.0,84.88888888888889,STRONG_BULL,BULL,BULL,False,,0.8,0.12,1.0
2024-09-16,7.0,5.0,5.0,4.0,0.0,1.0,21.0,8.0,6.0,6.0,5.0,1.0,25.0,2.0,8.0,,0.72,13.88888888888889,,6.0,6.0,,0.48,25.0,84.88888888888889,STRONG_BULL,STRONG_BULL,STRONG_BULL,False,,1.0,0.15,1.15
2024-09-17,7.0,5.0,5.0,4.0,0.0,1.0,21.0,8.0,6.0,6.0,5.0,1.0,25.0,2.0,8.0,,0.72,13.88888888888889,,6.0,6.0,,0.48,25.0,84.88888888888889,STRONG_BULL,STRONG_BULL,STRONG_BULL,False,,1.0,0.15,1.15
2024-09-18,7.0,5.0,5.0,4.0,0.0,1.0,21.0,8.0,6.0,6.0,5.0,1.0,25.0,2.0,8.0,,0.72,13.88888888888889,,6.0,6.0,,0.48,25.0,84.88888888888889,STRONG_BULL,STRONG_BULL,STRONG_BULL,False,,1.0,0.15,1.15
2024-09-19,7.0,5.0,5.0,4.0,0.0,1.0,21.0,8.0,6.0,6.0,5.0,1.0,25.0,2.0,8.0,,0.72,13.88888888888889,,6.0,6.0,,0.48,25.0,84.88888888888889,STRONG_BULL,STRONG_BULL,STRONG_BULL,False,,1.0,0.15,1.15
2024-09-20,7.0,5.0,5.0,4.0,0.0,1.0,21.0,8.0,6.0,6.0,5.0,1.0,25.0,2.0,8.0,,0.72,13.88888888888889,,6.0,6.0,,0.48,25.0,84.88888888888889,STRONG_BULL,STRONG_BULL,STRONG_BULL,False,,1.0,0.15,1.15
2024-09-23,7.0,5.0,5.0,4.0,0.0,1.0,21.0,8.0,6.0,6.0,5.0,1.0,25.0,2.0,8.0,,0.72,13.88888888888889,,0.0,6.0,,0.48,12.5,72.38888888888889,BULL,STRONG_BULL,STRONG_BULL,False,,1.0,0.15,1.15
2024-09-24,7.0,5.0,5.0,4.0,0.0,1.0,21.0,8.0,6.0,6.0,5.0,1.0,25.0,5.0,8.0,,0.72,18.055555555555554,,6.0,6.0,,0.48,25.0,89.05555555555556,STRONG_BULL,STRONG_BULL,STRONG_BULL,False,,1.0,0.15,1.15
2024-09-25,7.0,5.0,5.0,4.0,4.0,1.0,25.0,4.0,6.0,6.0,0.0,1.0,16.0,5.0,8.0,,0.72,18.055555555555554,,0.0,6.0,,0.48,12.5,71.55555555555556,BULL,STRONG_BULL,STRONG_BULL,False,,1.0,0.15,1.15
2024-09-26,7.0,5.0,5.0,4.0,4.0,1.0,25.0,4.0,,6.0,0.0,0.76,13.157894736842104,5.0,8.0,,0.72,18.055555555555554,,0.0,6.0,,0.48,12.5,68.71345029239765,BULL,BULL,BULL,False,,0.8,0.12,1.0
2024-09-27,7.0,5.0,5.0,4.0,4.0,1.0,25.0,8.0,6.0,6.0,5.0,1.0,25.0,2.0,8.0,,0.72,13.88888888888889,,0.0,6.0,,0.48,12.5,76.38888888888889,BULL,BULL,BULL,False,,0.8,0.12,1.0
2024-09-30,7.0,5.0,5.0,4.0,0.0,1.0,21.0,,6.0,,,0.24,25.0,2.0,8.0,,0.72,13.88888888888889,,,,,0.0,,59.888888888888886,NEUTRAL,BULL,BULL,False,,0.8,0.12,1.0
2024-10-01,7.0,5.0,5.0,4.0,4.0,1.0,25.0,4.0,6.0,,0.0,0.76,13.157894736842104,0.0,8.0,7.0,1.0,15.0,,6.0,6.0,,0.48,25.0,78.15789473684211,BULL,BULL,BULL,False,,0.8,0.12,1.0
2024-10-02,7.0,5.0,5.0,4.0,4.0,1.0,25.0,4.0,6.0,,0.0,0.76,13.157894736842104,0.0,8.0,7.0,1.0,15.0,,0.0,6.0,,0.48,12.5,65.65789473684211,BULL,BULL,BULL,False,,0.8,0.12,1.0
2024-10-03,7.0,5.0,5.0,4.0,4.0,1.0,25.0,4.0,6.0,,0.0,0.76,13.157894736842104,0.0,8.0,7.0,1.0,15.0,,0.0,6.0,,0.48,12.5,65.65789473684211,BULL,BULL,BULL,False,,0.8,0.12,1.0
2024-10-04,7.0,5.0,5.0,4.0,4.0,1.0,25.0,4.0,6.0,,0.0,0.76,13.157894736842104,0.0,8.0,7.0,1.0,15.0,,6.0,6.0,,0.48,25.0,78.15789473684211,BULL,BULL,BULL,False,,0.8,0.12,1.0
2024-10-07,7.0,5.0,5.0,4.0,4.0,1.0,25.0,4.0,6.0,0.0,0.0,1.0,10.0,0.0,8.0,7.0,1.0,15.0,,6.0,0.0,,0.48,12.5,62.5,NEUTRAL,BULL,CRISIS,True,VIX_PCTL_EXTREME,0.0,0.0,0.0
2024-10-08,7.0,5.0,5.0,4.0,4.0,1.0,25.0,4.0,6.0,0.0,0.0,1.0,10.0,0.0,8.0,7.0,1.0,15.0,,6.0,0.0,,0.48,12.5,62.5,NEUTRAL,NEUTRAL,CRISIS,True,VIX_PCTL_EXTREME,0.0,0.0,0.0
2024-10-09,7.0,5.0,5.0,4.0,4.0,1.0,25.0,4.0,6.0,0.0,0.0,1.0,10.0,0.0,8.0,7.0,1.0,15.0,,6.0,0.0,,0.48,12.5,62.5,NEUTRAL,NEUTRAL,CRISIS,True,VIX_PCTL_EXTREME,0.0,0.0,0.0
2024-10-10,7.0,5.0,5.0,4.0,4.0,1.0,25.0,4.0,6.0,0.0,0.0,1.0,10.0,0.0,8.0,7.0,1.0,15.0,,6.0,0.0,,0.48,12.5,62.5,NEUTRAL,NEUTRAL,CRISIS,True,VIX_PCTL_EXTREME,0.0,0.0,0.0
2024-10-11,7.0,5.0,5.0,4.0,4.0,1.0,25.0,4.0,6.0,0.0,0.0,1.0,10.0,0.0,8.0,7.0,1.0,15.0,,0.0,0.0,,0.48,0.0,50.0,NEUTRAL,NEUTRAL,NEUTRAL,False,,0.5,0.08,0.7
2024-10-14,7.0,5.0,5.0,4.0,4.0,1.0,25.0,4.0,6.0,0.0,0.0,1.0,10.0,0.0,8.0,7.0,1.0,15.0,,0.0,0.0,,0.48,0.0,50.0,NEUTRAL,NEUTRAL,NEUTRAL,False,,0.5,0.08,0.7
2024-10-15,7.0,5.0,5.0,4.0,4.0,1.0,25.0,4.0,6.0,0.0,0.0,1.0,10.0,0.0,8.0,7.0,1.0,15.0,,0.0,0.0,,0.48,0.0,50.0,NEUTRAL,NEUTRAL,NEUTRAL,False,,0.5,0.08,0.7
2024-10-16,7.0,5.0,5.0,4.0,4.0,1.0,25.0,4.0,6.0,0.0,0.0,1.0,10.0,0.0,8.0,7.0,1.0,15.0,,6.0,0.0,,0.48,12.5,62.5,NEUTRAL,NEUTRAL,NEUTRAL,False,,0.5,0.08,0.7
2024-10-17,7.0,5.0,5.0,4.0,0.0,1.0,21.0,4.0,6.0,0.0,0.0,1.0,10.0,2.0,8.0,7.0,1.0,17.0,,6.0,0.0,,0.48,12.5,60.5,NEUTRAL,NEUTRAL,NEUTRAL,False,,0.5,0.08,0.7
2024-10-18,7.0,5.0,5.0,4.0,0.0,1.0,21.0,8.0,3.0,0.0,5.0,1.0,16.0,2.0,8.0,7.0,1.0,17.0,,6.0,0.0,,0.48,12.5,66.5,BULL,NEUTRAL,NEUTRAL,False,,0.5,0.08,0.7
2024-10-21,7.0,5.0,5.0,4.0,4.0,1.0,25.0,4.0,3.0,0.0,0.0,1.0,7.000000000000001,2.0,8.0,7.0,1.0,17.0,,0.0,0.0,,0.48,0.0,49.0,NEUTRAL,NEUTRAL,NEUTRAL,False,,0.5,0.08,0.7
2024-10-22,7.0,5.0,5.0,4.0,4.0,1.0,25.0,4.0,3.0,0.0,0.0,1.0,7.000000000000001,2.0,8.0,7.0,1.0,17.0,,0.0,0.0,,0.48,0.0,49.0,NEUTRAL,NEUTRAL,NEUTRAL,False,,0.5,0.08,0.7
2024-10-23,7.0,5.0,5.0,4.0,0.0,1.0,21.0,4.0,3.0,0.0,0.0,1.0,7.000000000000001,0.0,8.0,7.0,1.0,15.0,,6.0,0.0,,0.48,12.5,55.5,NEUTRAL,NEUTRAL,NEUTRAL,False,,0.5,0.08,0.7
2024-10-24,7.0,5.0,5.0,4.0,0.0,1.0,21.0,4.0,3.0,0.0,0.0,1.0,7.000000000000001,2.0,8.0,7.0,1.0,17.0,,6.0,0.0,,0.48,12.5,57.5,NEUTRAL,NEUTRAL,NEUTRAL,False,,0.5,0.08,0.7
2024-10-25,7.0,5.0,5.0,4.0,4.0,1.0,25.0,4.0,3.0,0.0,0.0,1.0,7.000000000000001,0.0,8.0,7.0,1.0,15.0,,0.0,0.0,,0.48,0.0,47.0,NEUTRAL,NEUTRAL,NEUTRAL,False,,0.5,0.08,0.7
2024-10-28,7.0,5.0,5.0,4.0,4.0,1.0,25.0,4.0,3.0,0.0,0.0,1.0,7.000000000000001,0.0,0.0,7.0,1.0,7.000000000000001,,6.0,0.0,,0.48,12.5,51.5,NEUTRAL,NEUTRAL,NEUTRAL,False,,0.5,0.08,0.7
2024-10-29,7.0,5.0,5.0,4.0,4.0,1.0,25.0,4.0,3.0,0.0,0.0,1.0,7.000000000000001,0.0,0.0,7.0,1.0,7.000000000000001,,6.0,0.0,,0.48,12.5,51.5,NEUTRAL,NEUTRAL,NEUTRAL,False,,0.5,0.08,0.7
2024-10-30,7.0,5.0,5.0,4.0,4.0,1.0,25.0,4.0,3.0,0.0,0.0,1.0,7.000000000000001,0.0,0.0,7.0,1.0,7.000000000000001,,6.0,0.0,,0.48,12.5,51.5,NEUTRAL,NEUTRAL,CRISIS,True,TERM_BACKWARDATION,0.0,0.0,0.0
2024-10-31,7.0,5.0,5.0,4.0,4.0,1.0,25.0,4.0,3.0,0.0,0.0,1.0,7.000000000000001,0.0,0.0,7.0,1.0,7.000000000000001,,6.0,0.0,,0.48,12.5,51.5,NEUTRAL,NEUTRAL,CRISIS,True,VIX_PCTL_EXTREME|TERM_BACKWARDATION,0.0,0.0,0.0
2024-11-01,7.0,5.0,5.0,4.0,4.0,1.0,25.0,4.0,3.0,0.0,0.0,1.0,7.000000000000001,0.0,0.0,7.0,1.0,7.000000000000001,,6.0,0.0,,0.48,12.5,51.5,NEUTRAL,NEUTRAL,CRISIS,True,VIX_PCTL_EXTREME,0.0,0.0,0.0
2024-11-04,7.0,5.0,5.0,4.0,4.0,1.0,25.0,4.0,3.0,0.0,0.0,1.0,7.000000000000001,0.0,0.0,7.0,1.0,7.000000000000001,,6.0,6.0,,0.48,25.0,64.0,NEUTRAL,NEUTRAL,CRISIS,True,VIX_PCTL_EXTREME|TERM_BACKWARDATION,0.0,0.0,0.0
2024-11-05,7.0,5.0,5.0,4.0,0.0,1.0,21.0,4.0,6.0,0.0,0.0,1.0,10.0,0.0,0.0,7.0,1.0,7.000000000000001,,6.0,6.0,,0.48,25.0,63.0,NEUTRAL,NEUTRAL,CRISIS,True,TERM_BACKWARDATION,0.0,0.0,0.0
2024-11-06,7.0,5.0,5.0,4.0,4.0,1.0,25.0,4.0,6.0,0.0,0.0,1.0,10.0,2.0,8.0,7.0,1.0,17.0,,6.0,0.0,,0.48,12.5,64.5,NEUTRAL,NEUTRAL,NEUTRAL,False,,0.5,0.08,0.7
2024-11-07,7.0,5.0,5.0,4.0,4.0,1.0,25.0,4.0,3.0,0.0,0.0,1.0,7.000000000000001,5.0,8.0,7.0,1.0,20.0,,6.0,6.0,,0.48,25.0,77.0,BULL,NEUTRAL,NEUTRAL,False,,0.5,0.08,0.7
2024-11-08,7.0,5.0,5.0,4.0,4.0,1.0,25.0,4.0,3.0,0.0,0.0,1.0,7.000000000000001,5.0,8.0,7.0,1.0,20.0,,6.0,6.0,,0.48,25.0,77.0,BULL,BULL,BULL,False,,0.8,0.12,1.0
2024-11-11,7.0,5.0,5.0,4.0,4.0,1.0,25.0,4.0,6.0,0.0,0.0,1.0,10.0,5.0,8.0,7.0,1.0,20.0,9.0,6.0,6.0,0.0,1.0,21.0,76.0,BULL,BULL,BULL,False,,0.8,0.12,1.0
2024-11-12,7.0,5.0,5.0,4.0,4.0,1.0,25.0,4.0,6.0,0.0,0.0,1.0,10.0,5.0,8.0,7.0,1.0,20.0,9.0,6.0,0.0,0.0,1.0,15.0,70.0,BULL,BULL,BULL,False,,0.8,0.12,1.0
2024-11-13,7.0,5.0,5.0,4.0,4.0,1.0,25.0,4.0,6.0,0.0,0.0,1.0,10.0,5.0,8.0,7.0,1.0,20.0,9.0,6.0,0.0,0.0,1.0,15.0,70.0,BULL,BULL,BULL,False,,0.8,0.12,1.0
2024-11-14,7.0,5.0,5.0,4.0,4.0,1.0,25.0,4.0,3.0,0.0,0.0,1.0,7.000000000000001,5.0,8.0,7.0,1.0,20.0,9.0,6.0,0.0,0.0,1.0,15.0,67.0,BULL,BULL,BULL,False,,0.8,0.12,1.0
2024-11-15,7.0,5.0,5.0,4.0,4.0,1.0,25.0,4.0,3.0,0.0,0.0,1.0,7.000000000000001,2.0,8.0,7.0,1.0,17.0,9.0,6.0,0.0,0.0,1.0,15.0,64.0,NEUTRAL,BULL,BULL,False,,0.8,0.12,1.0
2024-11-18,7.0,5.0,5.0,4.0,4.0,1.0,25.0,4.0,3.0,0.0,0.0,1.0,7.000000000000001,5.0,8.0,7.0,1.0,20.0,9.0,6.0,6.0,0.0,1.0,21.0,73.0,BULL,BULL,BULL,False,,0.8,0.12,1.0
2024-11-19,7.0,5.0,5.0,4.0,4.0,1.0,25.0,4.0,3.0,0.0,0.0,1.0,7.000000000000001,2.0,8.0,7.0,1.0,17.0,9.0,6.0,6.0,0.0,1.0,21.0,70.0,BULL,BULL,BULL,False,,0.8,0.12,1.0
2024-11-20,7.0,5.0,5.0,4.0,4.0,1.0,25.0,4.0,3.0,0.0,0.0,1.0,7.000000000000001,2.0,8.0,7.0,1.0,17.0,9.0,6.0,6.0,0.0,1.0,21.0,70.0,BULL,BULL,BULL,False,,0.8,0.12,1.0
2024-11-21,7.0,5.0,5.0,4.0,4.0,1.0,25.0,8.0,3.0,0.0,5.0,1.0,16.0,2.0,8.0,7.0,1.0,17.0,9.0,6.0,6.0,0.0,1.0,21.0,79.0,BULL,BULL,BULL,False,,0.8,0.12,1.0
2024-11-22,7.0,5.0,5.0,4.0,0.0,1.0,21.0,8.0,3.0,6.0,5.0,1.0,22.0,5.0,8.0,7.0,1.0,20.0,9.0,6.0,6.0,0.0,1.0,21.0,84.0,STRONG_BULL,BULL,BULL,False,,0.8,0.12,1.0
2024-11-25,7.0,5.0,5.0,4.0,0.0,1.0,21.0,8.0,,6.0,5.0,0.76,25.0,5.0,8.0,7.0,1.0,20.0,9.0,6.0,6.0,0.0,1.0,21.0,87.0,STRONG_BULL,STRONG_BULL,STRONG_BULL,False,,1.0,0.15,1.15
2024-11-26,7.0,5.0,5.0,4.0,0.0,1.0,21.0,8.0,3.0,6.0,5.0,1.0,22.0,5.0,8.0,7.0,1.0,20.0,9.0,6.0,6.0,0.0,1.0,21.0,84.0,STRONG_BULL,STRONG_BULL,STRONG_BULL,False,,1.0,0.15,1.15
2024-11-27,7.0,5.0,5.0,4.0,0.0,1.0,21.0,8.0,3.0,6.0,5.0,1.0,22.0,5.0,8.0,7.0,1.0,20.0,9.0,6.0,6.0,0.0,1.0,21.0,84.0,STRONG_BULL,STRONG_BULL,STRONG_BULL,False,,1.0,0.15,1.15
2024-11-28,0.0,0.0,5.0,4.0,0.0,1.0,9.0,,,,,0.0,,5.0,,,0.4,12.5,,,,,0.0,,21.5,RISK_OFF,STRONG_BULL,STRONG_BULL,False,,1.0,0.15,1.15
2024-11-29,7.0,5.0,5.0,4.0,0.0,1.0,21.0,8.0,3.0,,5.0,0.76,21.052631578947366,10.0,8.0,,0.72,25.0,,6.0,6.0,,0.48,25.0,92.05263157894737,STRONG_BULL,STRONG_BULL,STRONG_BULL,False,,1.0,0.15,1.15
2024-12-02,7.0,5.0,5.0,4.0,4.0,1.0,25.0,8.0,3.0,,5.0,0.76,21.052631578947366,10.0,8.0,,0.72,25.0,,6.0,6.0,,0.48,25.0,96.05263157894737,STRONG_BULL,STRONG_BULL,STRONG_BULL,False,,1.0,0.15,1.15
2024-12-03,7.0,5.0,5.0,4.0,4.0,1.0,25.0,4.0,3.0,,0.0,0.76,9.210526315789473,10.0,8.0,,0.72,25.0,,6.0,6.0,,0.48,25.0,84.21052631578948,BULL,STRONG_BULL,STRONG_BULL,False,,1.0,0.15,1.15
2024-12-04,7.0,5.0,5.0,4.0,4.0,1.0,25.0,4.0,3.0,,0.0,0.76,9.210526315789473,10.0,8.0,,0.72,25.0,,0.0,6.0,,0.48,12.5,71.71052631578948,BULL,BULL,BULL,False,,0.8,0.12,1.0
2024-12-05,7.0,5.0,5.0,4.0,0.0,1.0,21.0,4.0,3.0,0.0,0.0,1.0,7.000000000000001,10.0,8.0,,0.72,25.0,,0.0,6.0,,0.48,12.5,65.5,BULL,BULL,BULL,False,,0.8,0.12,1.0
2024-12-06,7.0,5.0,5.0,4.0,4.0,1.0,25.0,4.0,3.0,0.0,0.0,1.0,7.000000000000001,10.0,8.0,,0.72,25.0,,0.0,6.0,,0.48,12.5,69.5,BULL,BULL,BULL,False,,0.8,0.12,1.0
2024-12-09,7.0,5.0,5.0,4.0,4.0,1.0,25.0,4.0,3.0,0.0,0.0,1.0,7.000000000000001,5.0,8.0,,0.72,18.055555555555554,,0.0,6.0,,0.48,12.5,62.55555555555556,NEUTRAL,BULL,BULL,False,,0.8,0.12,1.0
2024-12-10,7.0,5.0,5.0,4.0,4.0,1.0,25.0,4.0,3.0,0.0,0.0,1.0,7.000000000000001,5.0,8.0,,0.72,18.055555555555554,,0.0,6.0,,0.48,12.5,62.55555555555556,NEUTRAL,NEUTRAL,NEUTRAL,False,,0.5,0.08,0.7
2024-12-11,7.0,5.0,5.0,4.0,4.0,1.0,25.0,4.0,3.0,0.0,0.0,1.0,7.000000000000001,10.0,8.0,,0.72,25.0,,6.0,6.0,,0.48,25.0,82.0,BULL,NEUTRAL,NEUTRAL,False,,0.5,0.08,0.7
2024-12-12,7.0,5.0,5.0,4.0,4.0,1.0,25.0,4.0,3.0,0.0,0.0,1.0,7.000000000000001,5.0,8.0,,0.72,18.055555555555554,,6.0,6.0,,0.48,25.0,75.05555555555556,BULL,BULL,BULL,False,,0.8,0.12,1.0
2024-12-13,7.0,5.0,5.0,4.0,4.0,1.0,25.0,4.0,3.0,0.0,0.0,1.0,7.000000000000001,10.0,8.0,,0.72,25.0,,0.0,6.0,,0.48,12.5,69.5,BULL,BULL,BULL,False,,0.8,0.12,1.0
2024-12-16,7.0,5.0,5.0,4.0,4.0,1.0,25.0,4.0,3.0,0.0,0.0,1.0,7.000000000000001,5.0,8.0,,0.72,18.055555555555554,,6.0,6.0,,0.48,25.0,75.05555555555556,BULL,BULL,BULL,False,,0.8,0.12,1.0
2024-12-17,7.0,5.0,5.0,4.0,4.0,1.0,25.0,4.0,3.0,0.0,0.0,1.0,7.000000000000001,5.0,8.0,,0.72,18.055555555555554,,0.0,6.0,,0.48,12.5,62.55555555555556,NEUTRAL,BULL,BULL,False,,0.8,0.12,1.0
2024-12-18,7.0,0.0,5.0,4.0,4.0,1.0,20.0,4.0,3.0,0.0,0.0,1.0,7.000000000000001,0.0,0.0,,0.72,0.0,,0.0,6.0,,0.48,12.5,39.5,CAUTION,BULL,CRISIS,True,VIX_PCTL_EXTREME|TERM_BACKWARDATION|VIX_SPIKE,0.0,0.0,0.0
2024-12-19,7.0,0.0,5.0,4.0,4.0,1.0,20.0,4.0,3.0,0.0,0.0,1.0,7.000000000000001,0.0,4.0,,0.72,5.555555555555555,,0.0,6.0,,0.48,12.5,45.05555555555556,NEUTRAL,BULL,CRISIS,True,VIX_PCTL_EXTREME,0.0,0.0,0.0
2024-12-20,7.0,5.0,5.0,4.0,4.0,1.0,25.0,4.0,3.0,0.0,0.0,1.0,7.000000000000001,2.0,8.0,,0.72,13.88888888888889,,0.0,6.0,,0.48,12.5,58.388888888888886,NEUTRAL,NEUTRAL,NEUTRAL,False,,0.5,0.08,0.7
2024-12-23,7.0,5.0,5.0,4.0,4.0,1.0,25.0,0.0,3.0,0.0,0.0,1.0,3.0,2.0,8.0,,0.72,13.88888888888889,,0.0,0.0,,0.48,0.0,41.888888888888886,CAUTION,NEUTRAL,NEUTRAL,False,,0.5,0.08,0.7
2024-12-24,7.0,5.0,5.0,4.0,4.0,1.0,25.0,0.0,3.0,0.0,0.0,1.0,3.0,5.0,8.0,,0.72,18.055555555555554,,0.0,6.0,,0.48,12.5,58.55555555555556,NEUTRAL,NEUTRAL,NEUTRAL,False,,0.5,0.08,0.7
2024-12-26,7.0,5.0,5.0,4.0,4.0,1.0,25.0,0.0,3.0,0.0,0.0,1.0,3.0,5.0,8.0,,0.72,18.055555555555554,,0.0,0.0,,0.48,0.0,46.05555555555556,NEUTRAL,NEUTRAL,NEUTRAL,False,,0.5,0.08,0.7
2024-12-27,7.0,5.0,5.0,4.0,0.0,1.0,21.0,,3.0,,,0.24,12.5,5.0,8.0,,0.72,18.055555555555554,,,,,0.0,,51.55555555555556,NEUTRAL,NEUTRAL,NEUTRAL,False,,0.5,0.08,0.7
2024-12-30,7.0,0.0,5.0,4.0,4.0,1.0,20.0,4.0,3.0,,0.0,0.76,9.210526315789473,2.0,8.0,7.0,1.0,17.0,,0.0,0.0,,0.48,0.0,46.21052631578947,NEUTRAL,NEUTRAL,NEUTRAL,False,,0.5,0.08,0.7
2024-12-31,7.0,0.0,5.0,4.0,4.0,1.0,20.0,4.0,3.0,,0.0,0.76,9.210526315789473,2.0,8.0,7.0,1.0,17.0,,0.0,0.0,,0.48,0.0,46.21052631578947,NEUTRAL,NEUTRAL,NEUTRAL,False,,0.5,0.08,0.7
2025-01-02,7.0,0.0,5.0,4.0,4.0,1.0,20.0,4.0,3.0,,0.0,0.76,9.210526315789473,2.0,8.0,7.0,1.0,17.0,,0.0,0.0,,0.48,0.0,46.21052631578947,NEUTRAL,NEUTRAL,NEUTRAL,False,,0.5,0.08,0.7
2025-01-03,7.0,5.0,5.0,4.0,4.0,1.0,25.0,4.0,3.0,,0.0,0.76,9.210526315789473,5.0,8.0,7.0,1.0,20.0,,0.0,0.0,,0.48,0.0,54.21052631578947,NEUTRAL,NEUTRAL,NEUTRAL,False,,0.5,0.08,0.7
2025-01-06,7.0,5.0,5.0,4.0,4.0,1.0,25.0,4.0,3.0,0.0,0.0,1.0,7.000000000000001,5.0,8.0,7.0,1.0,20.0,,0.0,0.0,,0.48,0.0,52.0,NEUTRAL,NEUTRAL,NEUTRAL,False,,0.5,0.08,0.7
2025-01-07,7.0,0.0,5.0,4.0,4.0,1.0,20.0,4.0,3.0,0.0,0.0,1.0,7.000000000000001,2.0,8.0,7.0,1.0,17.0,,0.0,0.0,,0.48,0.0,44.0,CAUTION,NEUTRAL,NEUTRAL,False,,0.5,0.08,0.7
2025-01-08,7.0,0.0,5.0,4.0,4.0,1.0,20.0,4.0,3.0,0.0,0.0,1.0,7.000000000000001,2.0,8.0,7.0,1.0,17.0,,0.0,0.0,,0.48,0.0,44.0,CAUTION,CAUTION,CAUTION,False,,0.25,0.05,0.4
2025-01-09,0.0,0.0,5.0,4.0,0.0,1.0,9.0,,,,,0.0,,2.0,,,0.4,5.0,,,,,0.0,,14.0,CRISIS,CAUTION,CAUTION,False,,0.25,0.05,0.4
2025-01-10,7.0,0.0,5.0,4.0,0.0,1.0,16.0,4.0,3.0,,0.0,0.76,9.210526315789473,2.0,8.0,,0.72,13.88888888888889,,0.0,0.0,,0.48,0.0,39.099415204678365,CAUTION,CAUTION,CAUTION,False,,0.25,0.05,0.4
2025-01-13,7.0,0.0,5.0,4.0,0.0,1.0,16.0,4.0,3.0,,0.0,0.76,9.210526315789473,2.0,8.0,,0.72,13.88888888888889,,0.0,0.0,,0.48,0.0,39.099415204678365,CAUTION,CAUTION,CAUTION,False,,0.25,0.05,0.4
2025-01-14,7.0,0.0,5.0,4.0,0.0,1.0,16.0,8.0,3.0,,5.0,0.76,21.052631578947366,2.0,8.0,,0.72,13.88888888888889,,0.0,0.0,,0.48,0.0,50.941520467836256,NEUTRAL,CAUTION,CAUTION,False,,0.25,0.05,0.4
2025-01-15,7.0,5.0,5.0,4.0,0.0,1.0,21.0,8.0,3.0,,5.0,0.76,21.052631578947366,5.0,8.0,,0.72,18.055555555555554,,0.0,6.0,,0.48,12.5,72.60818713450293,BULL,CAUTION,CAUTION,False,,0.25,0.05,0.4
2025-01-16,7.0,5.0,5.0,4.0,0.0,1.0,21.0,8.0,3.0,6.0,5.0,1.0,22.0,5.0,8.0,,0.72,18.055555555555554,,0.0,6.0,,0.48,12.5,73.55555555555556,BULL,BULL,BULL,False,,0.8,0.12,1.0
2025-01-17,7.0,5.0,5.0,4.0,0.0,1.0,21.0,8.0,3.0,6.0,5.0,1.0,22.0,5.0,8.0,,0.72,18.055555555555554,,6.0,6.0,,0.48,25.0,86.05555555555556,STRONG_BULL,BULL,BULL,False,,0.8,0.12,1.0
2025-01-20,0.0,0.0,5.0,4.0,0.0,1.0,9.0,,,,,0.0,,5.0,,,0.4,12.5,,,,,0.0,,21.5,RISK_OFF,BULL,BULL,False,,0.8,0.12,1.0
2025-01-21,7.0,5.0,5.0,4.0,0.0,1.0,21.0,8.0,3.0,,5.0,0.76,21.052631578947366,5.0,8.0,,0.72,18.055555555555554,,6.0,6.0,,0.48,25.0,85.10818713450293,STRONG_BULL,BULL,BULL,False,,0.8,0.12,1.0
2025-01-22,7.0,5.0,5.0,4.0,0.0,1.0,21.0,8.0,3.0,,5.0,0.76,21.052631578947366,5.0,8.0,,0.72,18.055555555555554,,6.0,6.0,,0.48,25.0,85.10818713450293,STRONG_BULL,STRONG_BULL,STRONG_BULL,False,,1.0,0.15,1.15
2025-01-23,7.0,5.0,5.0,4.0,0.0,1.0,21.0,8.0,3.0,,5.0,0.76,21.052631578947366,5.0,8.0,,0.72,18.055555555555554,,6.0,6.0,,0.48,25.0,85.10818713450293,STRONG_BULL,STRONG_BULL,STRONG_BULL,False,,1.0,0.15,1.15
2025-01-24,7.0,5.0,5.0,4.0,0.0,1.0,21.0,8.0,3.0,,5.0,0.76,21.052631578947366,5.0,8.0,,0.72,18.055555555555554,,6.0,6.0,,0.48,25.0,85.10818713450293,STRONG_BULL,STRONG_BULL,STRONG_BULL,False,,1.0,0.15,1.15
2025-01-27,7.0,5.0,5.0,4.0,0.0,1.0,21.0,8.0,3.0,6.0,5.0,1.0,22.0,2.0,4.0,,0.72,8.333333333333332,,6.0,6.0,,0.48,25.0,76.33333333333333,BULL,STRONG_BULL,STRONG_BULL,False,,1.0,0.15,1.15
2025-01-28,7.0,5.0,5.0,4.0,0.0,1.0,21.0,8.0,3.0,6.0,5.0,1.0,22.0,5.0,8.0,,0.72,18.055555555555554,,6.0,6.0,,0.48,25.0,86.05555555555556,STRONG_BULL,STRONG_BULL,STRONG_BULL,False,,1.0,0.15,1.15
2025-01-29,7.0,5.0,5.0,4.0,0.0,1.0,21.0,8.0,3.0,6.0,5.0,1.0,22.0,5.0,8.0,,0.72,18.055555555555554,,6.0,6.0,,0.48,25.0,86.05555555555556,STRONG_BULL,STRONG_BULL,STRONG_BULL,False,,1.0,0.15,1.15
2025-01-30,7.0,5.0,5.0,4.0,0.0,1.0,21.0,8.0,3.0,6.0,5.0,1.0,22.0,5.0,8.0,,0.72,18.055555555555554,,6.0,6.0,,0.48,25.0,86.05555555555556,STRONG_BULL,STRONG_BULL,STRONG_BULL,False,,1.0,0.15,1.15
2025-01-31,7.0,5.0,5.0,4.0,0.0,1.0,21.0,8.0,3.0,6.0,5.0,1.0,22.0,5.0,8.0,,0.72,18.055555555555554,,6.0,6.0,,0.48,25.0,86.05555555555556,STRONG_BULL,STRONG_BULL,STRONG_BULL,False,,1.0,0.15,1.15
2025-02-03,7.0,5.0,5.0,4.0,0.0,1.0,21.0,8.0,3.0,6.0,5.0,1.0,22.0,2.0,4.0,,0.72,8.333333333333332,,6.0,6.0,,0.48,25.0,76.33333333333333,BULL,STRONG_BULL,STRONG_BULL,False,,1.0,0.15,1.15
2025-02-04,7.0,5.0,5.0,4.0,0.0,1.0,21.0,8.0,3.0,6.0,5.0,1.0,22.0,2.0,8.0,,0.72,13.88888888888889,,6.0,6.0,,0.48,25.0,81.88888888888889,STRONG_BULL,STRONG_BULL,STRONG_BULL,False,,1.0,0.15,1.15
2025-02-05,7.0,5.0,5.0,4.0,0.0,1.0,21.0,8.0,3.0,6.0,5.0,1.0,22.0,5.0,8.0,,0.72,18.055555555555554,,6.0,6.0,,0.48,25.0,86.05555555555556,STRONG_BULL,STRONG_BULL,STRONG_BULL,False,,1.0,0.15,1.15
2025-02-06,7.0,5.0,5.0,4.0,0.0,1.0,21.0,,3.0,,,0.24,12.5,5.0,8.0,,0.72,18.055555555555554,,,,,0.0,,51.55555555555556,NEUTRAL,STRONG_BULL,STRONG_BULL,False,,1.0,0.15,1.15
2025-02-07,7.0,5.0,5.0,4.0,0.0,1.0,21.0,8.0,3.0,,5.0,0.76,21.052631578947366,5.0,8.0,,0.72,18.055555555555554,,6.0,6.0,,0.48,25.0,85.10818713450293,STRONG_BULL,STRONG_BULL,STRONG_BULL,False,,1.0,0.15,1.15
2025-02-10,7.0,5.0,5.0,4.0,4.0,1.0,25.0,4.0,3.0,,0.0,0.76,9.210526315789473,5.0,8.0,,0.72,18.055555555555554,,6.0,6.0,,0.48,25.0,77.26608187134502,BULL,STRONG_BULL,STRONG_BULL,False,,1.0,0.15,1.15
2025-02-11,7.0,5.0,5.0,4.0,4.0,1.0,25.0,4.0,3.0,,0.0,0.76,9.210526315789473,5.0,8.0,,0.72,18.055555555555554,,0.0,6.0,,0.48,12.5,64.76608187134502,NEUTRAL,STRONG_BULL,STRONG_BULL,False,,1.0,0.15,1.15
2025-02-12,7.0,5.0,5.0,4.0,4.0,1.0,25.0,4.0,3.0,,0.0,0.76,9.210526315789473,5.0,8.0,,0.72,18.055555555555554,,0.0,6.0,,0.48,12.5,64.76608187134502,NEUTRAL,NEUTRAL,NEUTRAL,False,,0.5,0.08,0.7
2025-02-13,7.0,5.0,5.0,4.0,4.0,1.0,25.0,4.0,3.0,0.0,0.0,1.0,7.000000000000001,5.0,8.0,,0.72,18.055555555555554,,0.0,6.0,,0.48,12.5,62.55555555555556,NEUTRAL,NEUTRAL,NEUTRAL,False,,0.5,0.08,0.7
2025-02-14,7.0,5.0,5.0,4.0,4.0,1.0,25.0,4.0,3.0,0.0,0.0,1.0,7.000000000000001,5.0,8.0,,0.72,18.055555555555554,,0.0,6.0,,0.48,12.5,62.55555555555556,NEUTRAL,NEUTRAL,NEUTRAL,False,,0.5,0.08,0.7
2025-02-17,0.0,0.0,5.0,4.0,0.0,1.0,9.0,,,,,0.0,,5.0,,,0.4,12.5,,,,,0.0,,21.5,RISK_OFF,NEUTRAL,NEUTRAL,False,,0.5,0.08,0.7
2025-02-18,7.0,5.0,5.0,4.0,4.0,1.0,25.0,4.0,3.0,,0.0,0.76,9.210526315789473,5.0,8.0,,0.72,18.055555555555554,,0.0,6.0,,0.48,12.5,64.76608187134502,NEUTRAL,NEUTRAL,NEUTRAL,False,,0.5,0.08,0.7
2025-02-19,7.0,5.0,5.0,4.0,4.0,1.0,25.0,4.0,3.0,,0.0,0.76,9.210526315789473,5.0,8.0,,0.72,18.055555555555554,,0.0,6.0,,0.48,12.5,64.76608187134502,NEUTRAL,NEUTRAL,NEUTRAL,False,,0.5,0.08,0.7
2025-02-20,7.0,5.0,5.0,4.0,4.0,1.0,25.0,4.0,3.0,,0.0,0.76,9.210526315789473,5.0,8.0,,0.72,18.055555555555554,,0.0,6.0,,0.48,12.5,64.76608187134502,NEUTRAL,NEUTRAL,NEUTRAL,False,,0.5,0.08,0.7
2025-02-21,7.0,5.0,5.0,4.0,4.0,1.0,25.0,8.0,3.0,,5.0,0.76,21.052631578947366,2.0,8.0,,0.72,13.88888888888889,,0.0,6.0,,0.48,12.5,72.44152046783626,BULL,NEUTRAL,NEUTRAL,False,,0.5,0.08,0.7
2025-02-24,7.0,0.0,5.0,4.0,4.0,1.0,20.0,4.0,,0.0,0.0,0.76,5.263157894736842,2.0,8.0,,0.72,13.88888888888889,,0.0,6.0,,0.48,12.5,51.652046783625735,NEUTRAL,NEUTRAL,NEUTRAL,False,,0.5,0.08,0.7
2025-02-25,7.0,0.0,5.0,4.0,4.0,1.0,20.0,8.0,3.0,0.0,5.0,1.0,16.0,2.0,4.0,,0.72,8.333333333333332,,0.0,6.0,,0.48,12.5,56.83333333333333,NEUTRAL,NEUTRAL,NEUTRAL,False,,0.5,0.08,0.7
2025-02-26,7.0,0.0,5.0,4.0,4.0,1.0,20.0,8.0,3.0,6.0,5.0,1.0,22.0,2.0,4.0,,0.72,8.333333333333332,,0.0,6.0,,0.48,12.5,62.83333333333333,NEUTRAL,NEUTRAL,NEUTRAL,False,,0.5,0.08,0.7
2025-02-27,7.0,0.0,5.0,4.0,0.0,1.0,16.0,8.0,3.0,6.0,5.0,1.0,22.0,0.0,4.0,,0.72,5.555555555555555,,0.0,6.0,,0.48,12.5,56.05555555555556,NEUTRAL,NEUTRAL,NEUTRAL,False,,0.5,0.08,0.7
2025-02-28,7.0,0.0,5.0,4.0,0.0,1.0,16.0,8.0,3.0,6.0,5.0,1.0,22.0,2.0,8.0,,0.72,13.88888888888889,,0.0,6.0,,0.48,12.5,64.38888888888889,NEUTRAL,NEUTRAL,NEUTRAL,False,,0.5,0.08,0.7
2025-03-03,7.0,0.0,5.0,4.0,0.0,1.0,16.0,8.0,3.0,6.0,5.0,1.0,22.0,0.0,0.0,,0.72,0.0,,0.0,6.0,,0.48,12.5,50.5,NEUTRAL,NEUTRAL,CRISIS,True,VIX_PCTL_EXTREME,0.0,0.0,0.0
2025-03-04,7.0,0.0,5.0,4.0,0.0,1.0,16.0,8.0,3.0,6.0,5.0,1.0,22.0,0.0,0.0,,0.72,0.0,,0.0,6.0,,0.48,12.5,50.5,NEUTRAL,NEUTRAL,CRISIS,True,VIX_PCTL_EXTREME,0.0,0.0,0.0
2025-03-05,7.0,0.0,5.0,4.0,0.0,1.0,16.0,8.0,3.0,6.0,5.0,1.0,22.0,0.0,0.0,,0.72,0.0,,0.0,6.0,,0.48,12.5,50.5,NEUTRAL,NEUTRAL,NEUTRAL,False,,0.5,0.08,0.7
2025-03-06,7.0,0.0,5.0,0.0,0.0,1.0,12.0,8.0,6.0,6.0,5.0,1.0,25.0,0.0,0.0,,0.72,0.0,,0.0,6.0,,0.48,12.5,49.5,NEUTRAL,NEUTRAL,CRISIS,True,VIX_PCTL_EXTREME|TERM_BACKWARDATION,0.0,0.0,0.0
2025-03-07,7.0,0.0,5.0,0.0,0.0,1.0,12.0,8.0,6.0,6.0,5.0,1.0,25.0,0.0,0.0,,0.72,0.0,,0.0,6.0,,0.48,12.5,49.5,NEUTRAL,NEUTRAL,CRISIS,True,VIX_PCTL_EXTREME,0.0,0.0,0.0
2025-03-10,0.0,0.0,5.0,0.0,0.0,1.0,5.0,8.0,6.0,6.0,5.0,1.0,25.0,0.0,0.0,,0.72,0.0,,0.0,6.0,,0.48,12.5,42.5,CAUTION,NEUTRAL,CRISIS,True,VIX_PCTL_EXTREME|TERM_BACKWARDATION,0.0,0.0,0.0
2025-03-11,0.0,0.0,5.0,0.0,0.0,1.0,5.0,8.0,6.0,6.0,5.0,1.0,25.0,0.0,0.0,,0.72,0.0,,0.0,6.0,,0.48,12.5,42.5,CAUTION,CAUTION,CRISIS,True,VIX_PCTL_EXTREME|TERM_BACKWARDATION,0.0,0.0,0.0
2025-03-12,0.0,0.0,5.0,0.0,0.0,1.0,5.0,8.0,6.0,6.0,5.0,1.0,25.0,0.0,0.0,,0.72,0.0,,0.0,6.0,,0.48,12.5,42.5,CAUTION,CAUTION,CRISIS,True,VIX_PCTL_EXTREME,0.0,0.0,0.0
2025-03-13,0.0,0.0,5.0,0.0,0.0,1.0,5.0,8.0,6.0,6.0,5.0,1.0,25.0,0.0,0.0,,0.72,0.0,,0.0,6.0,,0.48,12.5,42.5,CAUTION,CAUTION,CRISIS,True,VIX_PCTL_EXTREME,0.0,0.0,0.0
2025-03-14,0.0,0.0,5.0,0.0,0.0,1.0,5.0,8.0,6.0,6.0,5.0,1.0,25.0,0.0,4.0,,0.72,5.555555555555555,,0.0,6.0,,0.48,12.5,48.05555555555556,NEUTRAL,CAUTION,CAUTION,False,,0.25,0.05,0.4
2025-03-17,7.0,0.0,5.0,0.0,0.0,1.0,12.0,,6.0,,,0.24,25.0,2.0,0.0,,0.72,2.7777777777777777,,,,,0.0,,39.77777777777778,CAUTION,CAUTION,CAUTION,False,,0.25,0.05,0.4
2025-03-18,0.0,0.0,5.0,0.0,0.0,1.0,5.0,8.0,6.0,,5.0,0.76,25.0,0.0,0.0,3.0,1.0,3.0,,0.0,6.0,,0.48,12.5,45.5,NEUTRAL,CAUTION,CAUTION,False,,0.25,0.05,0.4
2025-03-19,7.0,0.0,5.0,0.0,0.0,1.0,12.0,8.0,6.0,,5.0,0.76,25.0,2.0,4.0,3.0,1.0,9.0,,0.0,6.0,,0.48,12.5,58.5,NEUTRAL,NEUTRAL,NEUTRAL,False,,0.5,0.08,0.7
2025-03-20,0.0,0.0,5.0,0.0,0.0,1.0,5.0,8.0,6.0,,5.0,0.76,25.0,2.0,8.0,3.0,1.0,13.0,,0.0,6.0,,0.48,12.5,55.5,NEUTRAL,NEUTRAL,NEUTRAL,False,,0.5,0.08,0.7
2025-03-21,0.0,0.0,5.0,0.0,0.0,1.0,5.0,8.0,6.0,,5.0,0.76,25.0,2.0,8.0,3.0,1.0,13.0,,6.0,6.0,,0.48,25.0,68.0,BULL,NEUTRAL,NEUTRAL,False,,0.5,0.08,0.7
2025-03-24,7.0,0.0,5.0,0.0,0.0,1.0,12.0,8.0,6.0,6.0,5.0,1.0,25.0,5.0,4.0,3.0,1.0,12.0,,6.0,6.0,,0.48,25.0,74.0,BULL,BULL,BULL,False,,0.8,0.12,1.0
2025-03-25,7.0,0.0,5.0,0.0,0.0,1.0,12.0,8.0,6.0,6.0,5.0,1.0,25.0,5.0,8.0,3.0,1.0,16.0,,6.0,6.0,,0.48,25.0,78.0,BULL,BULL,BULL,False,,0.8,0.12,1.0
2025-03-26,7.0,0.0,5.0,0.0,0.0,1.0,12.0,8.0,6.0,6.0,5.0,1.0,25.0,2.0,0.0,3.0,1.0,5.0,,6.0,6.0,,0.48,25.0,67.0,BULL,BULL,BULL,False,,0.8,0.12,1.0
2025-03-27,7.0,0.0,5.0,0.0,0.0,1.0,12.0,8.0,6.0,6.0,5.0,1.0,25.0,2.0,0.0,3.0,1.0,5.0,,6.0,6.0,,0.48,25.0,67.0,BULL,BULL,BULL,False,,0.8,0.12,1.0
2025-03-28,0.0,0.0,5.0,0.0,0.0,1.0,5.0,8.0,6.0,6.0,5.0,1.0,25.0,0.0,0.0,3.0,1.0,3.0,,6.0,6.0,,0.48,25.0,58.0,NEUTRAL,BULL,BULL,False,,0.8,0.12,1.0
2025-03-31,0.0,0.0,5.0,0.0,0.0,1.0,5.0,8.0,6.0,6.0,5.0,1.0,25.0,0.0,0.0,3.0,1.0,3.0,,6.0,6.0,,0.48,25.0,58.0,NEUTRAL,NEUTRAL,CRISIS,True,TERM_BACKWARDATION,0.0,0.0,0.0
2025-04-01,0.0,0.0,5.0,0.0,0.0,1.0,5.0,8.0,6.0,6.0,5.0,1.0,25.0,0.0,0.0,3.0,1.0,3.0,,6.0,6.0,,0.48,25.0,58.0,NEUTRAL,NEUTRAL,CRISIS,True,TERM_BACKWARDATION,0.0,0.0,0.0
2025-04-02,0.0,0.0,5.0,0.0,0.0,1.0,5.0,8.0,6.0,6.0,5.0,1.0,25.0,2.0,0.0,3.0,1.0,5.0,,6.0,6.0,,0.48,25.0,60.0,NEUTRAL,NEUTRAL,CRISIS,True,TERM_BACKWARDATION,0.0,0.0,0.0
2025-04-03,0.0,0.0,5.0,0.0,0.0,1.0,5.0,8.0,,6.0,5.0,0.76,25.0,0.0,0.0,3.0,1.0,3.0,,0.0,6.0,,0.48,12.5,45.5,NEUTRAL,NEUTRAL,CRISIS,True,VIX_PCTL_EXTREME|TERM_BACKWARDATION,0.0,0.0,0.0
2025-04-04,0.0,0.0,5.0,0.0,0.0,1.0,5.0,8.0,6.0,6.0,5.0,1.0,25.0,0.0,0.0,0.0,1.0,0.0,,6.0,6.0,,0.48,25.0,55.0,NEUTRAL,NEUTRAL,CRISIS,True,VIX_PCTL_EXTREME|TERM_BACKWARDATION|SPY_5D_CRASH|VIX_SPIKE,0.0,0.0,0.0
2025-04-07,0.0,0.0,5.0,0.0,0.0,1.0,5.0,4.0,6.0,6.0,0.0,1.0,16.0,0.0,0.0,0.0,1.0,0.0,,6.0,6.0,,0.48,25.0,46.0,NEUTRAL,NEUTRAL,CRISIS,True,VIX_PCTL_EXTREME|TERM_BACKWARDATION|SPY_5D_CRASH,0.0,0.0,0.0
2025-04-08,0.0,0.0,5.0,0.0,0.0,1.0,5.0,4.0,6.0,6.0,0.0,1.0,16.0,0.0,0.0,0.0,1.0,0.0,,0.0,6.0,,0.48,12.5,33.5,CAUTION,NEUTRAL,CRISIS,True,VIX_PCTL_EXTREME|TERM_BACKWARDATION|SPY_5D_CRASH,0.0,0.0,0.0
2025-04-09,0.0,0.0,5.0,0.0,0.0,1.0,5.0,4.0,6.0,6.0,0.0,1.0,16.0,0.0,0.0,0.0,1.0,0.0,,0.0,6.0,,0.48,12.5,33.5,CAUTION,CAUTION,CRISIS,True,VIX_PCTL_EXTREME|TERM_BACKWARDATION,0.0,0.0,0.0
2025-04-10,0.0,0.0,5.0,0.0,0.0,1.0,5.0,4.0,6.0,0.0,0.0,1.0,10.0,0.0,0.0,0.0,1.0,0.0,,0.0,6.0,,0.48,12.5,27.5,RISK_OFF,CAUTION,CRISIS,True,VIX_PCTL_EXTREME|TERM_BACKWARDATION,0.0,0.0,0.0
2025-04-11,0.0,0.0,5.0,0.0,0.0,1.0,5.0,4.0,6.0,0.0,0.0,1.0,10.0,0.0,0.0,0.0,1.0,0.0,,0.0,6.0,,0.48,12.5,27.5,RISK_OFF,RISK_OFF,CRISIS,True,VIX_PCTL_EXTREME|TERM_BACKWARDATION,0.0,0.0,0.0
2025-04-14,0.0,0.0,5.0,0.0,0.0,1.0,5.0,4.0,,0.0,0.0,0.76,5.263157894736842,0.0,0.0,0.0,1.0,0.0,,0.0,6.0,,0.48,12.5,22.763157894736842,RISK_OFF,RISK_OFF,CRISIS,True,VIX_PCTL_EXTREME|TERM_BACKWARDATION,0.0,0.0,0.0
2025-04-15,0.0,0.0,5.0,0.0,4.0,1.0,9.0,4.0,6.0,0.0,0.0,1.0,10.0,0.0,0.0,0.0,1.0,0.0,,0.0,6.0,,0.48,12.5,31.5,CAUTION,RISK_OFF,CRISIS,True,VIX_PCTL_EXTREME,0.0,0.0,0.0
2025-04-16,0.0,0.0,0.0,0.0,0.0,1.0,0.0,4.0,6.0,0.0,0.0,1.0,10.0,0.0,0.0,0.0,1.0,0.0,,0.0,6.0,,0.48,12.5,22.5,RISK_OFF,RISK_OFF,CRISIS,True,VIX_PCTL_EXTREME,0.0,0.0,0.0
2025-04-17,0.0,0.0,0.0,0.0,0.0,1.0,0.0,8.0,6.0,0.0,5.0,1.0,19.0,0.0,8.0,0.0,1.0,8.0,,0.0,6.0,,0.48,12.5,39.5,CAUTION,RISK_OFF,CRISIS,True,VIX_PCTL_EXTREME,0.0,0.0,0.0
2025-04-21,0.0,0.0,0.0,0.0,0.0,1.0,0.0,8.0,6.0,0.0,5.0,1.0,19.0,0.0,0.0,0.0,1.0,0.0,,0.0,6.0,,0.48,12.5,31.5,CAUTION,CAUTION,CRISIS,True,VIX_PCTL_EXTREME|TERM_BACKWARDATION,0.0,0.0,0.0
2025-04-22,0.0,0.0,0.0,0.0,0.0,1.0,0.0,8.0,6.0,6.0,5.0,1.0,25.0,0.0,0.0,0.0,1.0,0.0,,0.0,6.0,,0.48,12.5,37.5,CAUTION,CAUTION,CRISIS,True,VIX_PCTL_EXTREME|TERM_BACKWARDATION,0.0,0.0,0.0
2025-04-23,0.0,0.0,0.0,0.0,0.0,1.0,0.0,8.0,6.0,6.0,5.0,1.0,25.0,0.0,0.0,0.0,1.0,0.0,,0.0,6.0,,0.48,12.5,37.5,CAUTION,CAUTION,CAUTION,False,,0.25,0.05,0.4
2025-04-24,0.0,0.0,0.0,0.0,4.0,1.0,4.0,4.0,6.0,6.0,0.0,1.0,16.0,0.0,0.0,0.0,1.0,0.0,,0.0,6.0,,0.48,12.5,32.5,CAUTION,CAUTION,CAUTION,False,,0.25,0.05,0.4
2025-04-25,0.0,0.0,0.0,0.0,4.0,1.0,4.0,4.0,6.0,6.0,0.0,1.0,16.0,0.0,4.0,0.0,1.0,4.0,,0.0,6.0,,0.48,12.5,36.5,CAUTION,CAUTION,CAUTION,False,,0.25,0.05,0.4
2025-04-28,0.0,0.0,0.0,0.0,4.0,1.0,4.0,4.0,6.0,0.0,0.0,1.0,10.0,0.0,0.0,0.0,1.0,0.0,,0.0,6.0,,0.48,12.5,26.5,RISK_OFF,CAUTION,CAUTION,False,,0.25,0.05,0.4
2025-04-29,0.0,0.0,0.0,0.0,4.0,1.0,4.0,4.0,6.0,0.0,0.0,1.0,10.0,2.0,4.0,0.0,1.0,6.0,0.0,6.0,6.0,4.0,1.0,16.0,36.0,CAUTION,CAUTION,CAUTION,False,,0.25,0.05,0.4
2025-04-30,0.0,0.0,0.0,0.0,4.0,1.0,4.0,4.0,6.0,0.0,0.0,1.0,10.0,0.0,4.0,0.0,1.0,4.0,0.0,0.0,6.0,4.0,1.0,10.0,28.0,RISK_OFF,CAUTION,CAUTION,False,,0.25,0.05,0.4
2025-05-01,0.0,5.0,0.0,0.0,4.0,1.0,9.0,4.0,6.0,0.0,0.0,1.0,10.0,2.0,4.0,0.0,1.0,6.0,0.0,0.0,6.0,4.0,1.0,10.0,35.0,CAUTION,CAUTION,CAUTION,False,,0.25,0.05,0.4
2025-05-02,7.0,5.0,0.0,0.0,4.0,1.0,16.0,4.0,6.0,0.0,0.0,1.0,10.0,2.0,8.0,0.0,1.0,10.0,9.0,6.0,6.0,4.0,1.0,25.0,61.0,NEUTRAL,CAUTION,CAUTION,False,,0.25,0.05,0.4
2025-05-05,7.0,5.0,0.0,0.0,4.0,1.0,16.0,4.0,6.0,0.0,0.0,1.0,10.0,2.0,8.0,0.0,1.0,10.0,9.0,0.0,0.0,4.0,1.0,13.0,49.0,NEUTRAL,NEUTRAL,NEUTRAL,False,,0.5,0.08,0.7
2025-05-06,0.0,5.0,0.0,0.0,4.0,1.0,9.0,4.0,6.0,0.0,0.0,1.0,10.0,0.0,4.0,0.0,1.0,4.0,9.0,0.0,6.0,4.0,1.0,19.0,42.0,CAUTION,NEUTRAL,NEUTRAL,False,,0.5,0.08,0.7
2025-05-07,7.0,5.0,0.0,0.0,4.0,1.0,16.0,4.0,6.0,0.0,0.0,1.0,10.0,2.0,8.0,0.0,1.0,10.0,9.0,6.0,6.0,4.0,1.0,25.0,61.0,NEUTRAL,NEUTRAL,NEUTRAL,False,,0.5,0.08,0.7
2025-05-08,7.0,5.0,0.0,0.0,4.0,1.0,16.0,8.0,6.0,0.0,5.0,1.0,19.0,2.0,8.0,3.0,1.0,13.0,9.0,6.0,6.0,4.0,1.0,25.0,73.0,BULL,NEUTRAL,NEUTRAL,False,,0.5,0.08,0.7
2025-05-09,7.0,5.0,0.0,0.0,4.0,1.0,16.0,8.0,6.0,0.0,5.0,1.0,19.0,2.0,8.0,3.0,1.0,13.0,9.0,6.0,6.0,4.0,1.0,25.0,73.0,BULL,BULL,BULL,False,,0.8,0.12,1.0
2025-05-12,7.0,5.0,0.0,0.0,4.0,1.0,16.0,8.0,6.0,0.0,5.0,1.0,19.0,5.0,8.0,3.0,1.0,16.0,9.0,6.0,6.0,4.0,1.0,25.0,76.0,BULL,BULL,BULL,False,,0.8,0.12,1.0
2025-05-13,7.0,5.0,0.0,0.0,4.0,1.0,16.0,4.0,,6.0,0.0,0.76,13.157894736842104,5.0,8.0,3.0,1.0,16.0,9.0,6.0,6.0,4.0,1.0,25.0,70.15789473684211,BULL,BULL,BULL,False,,0.8,0.12,1.0
2025-05-14,7.0,5.0,0.0,0.0,4.0,1.0,16.0,4.0,6.0,6.0,0.0,1.0,16.0,5.0,8.0,3.0,1.0,16.0,9.0,6.0,6.0,4.0,1.0,25.0,73.0,BULL,BULL,BULL,False,,0.8,0.12,1.0
2025-05-15,7.0,5.0,5.0,4.0,4.0,1.0,25.0,4.0,6.0,0.0,0.0,1.0,10.0,5.0,8.0,3.0,1.0,16.0,9.0,6.0,6.0,4.0,1.0,25.0,76.0,BULL,BULL,BULL,False,,0.8,0.12,1.0
2025-05-16,7.0,5.0,5.0,4.0,4.0,1.0,25.0,4.0,6.0,0.0,0.0,1.0,10.0,5.0,8.0,3.0,1.0,16.0,9.0,6.0,6.0,4.0,1.0,25.0,76.0,BULL,BULL,BULL,False,,0.8,0.12,1.0
2025-05-19,7.0,5.0,5.0,4.0,4.0,1.0,25.0,4.0,6.0,0.0,0.0,1.0,10.0,5.0,8.0,7.0,1.0,20.0,9.0,0.0,6.0,4.0,1.0,19.0,74.0,BULL,BULL,BULL,False,,0.8,0.12,1.0
2025-05-20,7.0,5.0,5.0,4.0,4.0,1.0,25.0,4.0,6.0,0.0,0.0,1.0,10.0,5.0,8.0,7.0,1.0,20.0,9.0,6.0,6.0,4.0,1.0,25.0,80.0,BULL,BULL,BULL,False,,0.8,0.12,1.0
2025-05-21,7.0,5.0,5.0,4.0,4.0,1.0,25.0,4.0,3.0,0.0,0.0,1.0,7.000000000000001,2.0,8.0,7.0,1.0,17.0,9.0,0.0,6.0,4.0,1.0,19.0,68.0,BULL,BULL,BULL,False,,0.8,0.12,1.0
2025-05-22,7.0,5.0,5.0,4.0,4.0,1.0,25.0,4.0,3.0,0.0,0.0,1.0,7.000000000000001,2.0,8.0,7.0,1.0,17.0,9.0,0.0,6.0,4.0,1.0,19.0,68.0,BULL,BULL,BULL,False,,0.8,0.12,1.0
2025-05-23,7.0,5.0,5.0,4.0,4.0,1.0,25.0,4.0,3.0,0.0,0.0,1.0,7.000000000000001,2.0,8.0,7.0,1.0,17.0,9.0,6.0,6.0,4.0,1.0,25.0,74.0,BULL,BULL,BULL,False,,0.8,0.12,1.0
2025-05-26,0.0,0.0,5.0,4.0,0.0,1.0,9.0,,,,,0.0,,2.0,,,0.4,5.0,,,,4.0,0.16,25.0,39.0,CAUTION,BULL,BULL,False,,0.8,0.12,1.0
2025-05-27,7.0,5.0,5.0,4.0,4.0,1.0,25.0,4.0,3.0,,0.0,0.76,9.210526315789473,5.0,8.0,,0.72,18.055555555555554,,6.0,6.0,4.0,0.64,25.0,77.26608187134502,BULL,BULL,BULL,False,,0.8,0.12,1.0
2025-05-28,7.0,5.0,5.0,4.0,4.0,1.0,25.0,4.0,3.0,,0.0,0.76,9.210526315789473,5.0,8.0,,0.72,18.055555555555554,,6.0,0.0,4.0,0.64,15.625,67.89108187134502,BULL,BULL,BULL,False,,0.8,0.12,1.0
2025-05-29,7.0,5.0,5.0,4.0,4.0,1.0,25.0,4.0,3.0,,0.0,0.76,9.210526315789473,5.0,8.0,,0.72,18.055555555555554,,6.0,6.0,4.0,0.64,25.0,77.26608187134502,BULL,BULL,BULL,False,,0.8,0.12,1.0
2025-05-30,7.0,5.0,5.0,4.0,4.0,1.0,25.0,4.0,3.0,,0.0,0.76,9.210526315789473,5.0,8.0,,0.72,18.055555555555554,,0.0,6.0,4.0,0.64,15.625,67.89108187134502,BULL,BULL,BULL,False,,0.8,0.12,1.0
2025-06-02,7.0,5.0,5.0,4.0,4.0,1.0,25.0,4.0,3.0,0.0,0.0,1.0,7.000000000000001,5.0,8.0,,0.72,18.055555555555554,,0.0,6.0,4.0,0.64,15.625,65.68055555555556,BULL,BULL,BULL,False,,0.8,0.12,1.0
2025-06-03,7.0,5.0,5.0,4.0,4.0,1.0,25.0,4.0,3.0,0.0,0.0,1.0,7.000000000000001,5.0,8.0,,0.72,18.055555555555554,,6.0,6.0,4.0,0.64,25.0,75.05555555555556,BULL,BULL,BULL,False,,0.8,0.12,1.0
2025-06-04,7.0,5.0,5.0,4.0,4.0,1.0,25.0,4.0,3.0,0.0,0.0,1.0,7.000000000000001,5.0,8.0,,0.72,18.055555555555554,,6.0,6.0,4.0,0.64,25.0,75.05555555555556,BULL,BULL,BULL,False,,0.8,0.12,1.0
2025-06-05,7.0,5.0,5.0,4.0,4.0,1.0,25.0,4.0,3.0,0.0,0.0,1.0,7.000000000000001,5.0,8.0,,0.72,18.055555555555554,,0.0,6.0,4.0,0.64,15.625,65.68055555555556,BULL,BULL,BULL,False,,0.8,0.12,1.0
2025-06-06,7.0,5.0,5.0,4.0,4.0,1.0,25.0,4.0,3.0,0.0,0.0,1.0,7.000000000000001,5.0,8.0,,0.72,18.055555555555554,,6.0,6.0,4.0,0.64,25.0,75.05555555555556,BULL,BULL,BULL,False,,0.8,0.12,1.0
2025-06-09,7.0,5.0,5.0,4.0,4.0,1.0,25.0,4.0,3.0,0.0,0.0,1.0,7.000000000000001,5.0,8.0,,0.72,18.055555555555554,,6.0,6.0,4.0,0.64,25.0,75.05555555555556,BULL,BULL,BULL,False,,0.8,0.12,1.0
2025-06-10,7.0,5.0,5.0,4.0,4.0,1.0,25.0,4.0,3.0,0.0,0.0,1.0,7.000000000000001,5.0,8.0,,0.72,18.055555555555554,,6.0,6.0,4.0,0.64,25.0,75.05555555555556,BULL,BULL,BULL,False,,0.8,0.12,1.0
2025-06-11,7.0,5.0,5.0,4.0,4.0,1.0,25.0,4.0,3.0,0.0,0.0,1.0,7.000000000000001,5.0,8.0,,0.72,18.055555555555554,,6.0,6.0,4.0,0.64,25.0,75.05555555555556,BULL,BULL,BULL,False,,0.8,0.12,1.0
2025-06-12,7.0,5.0,5.0,4.0,4.0,1.0,25.0,4.0,3.0,0.0,0.0,1.0,7.000000000000001,5.0,8.0,,0.72,18.055555555555554,,6.0,6.0,4.0,0.64,25.0,75.05555555555556,BULL,BULL,BULL,False,,0.8,0.12,1.0
2025-06-13,7.0,5.0,5.0,4.0,4.0,1.0,25.0,4.0,3.0,0.0,0.0,1.0,7.000000000000001,2.0,8.0,,0.72,13.88888888888889,,6.0,6.0,4.0,0.64,25.0,70.88888888888889,BULL,BULL,BULL,False,,0.8,0.12,1.0
2025-06-16,7.0,5.0,5.0,4.0,4.0,1.0,25.0,4.0,3.0,0.0,0.0,1.0,7.000000000000001,5.0,8.0,,0.72,18.055555555555554,,6.0,6.0,4.0,0.64,25.0,75.05555555555556,BULL,BULL,BULL,False,,0.8,0.12,1.0
2025-06-17,7.0,5.0,5.0,4.0,4.0,1.0,25.0,4.0,3.0,0.0,0.0,1.0,7.000000000000001,2.0,4.0,,0.72,8.333333333333332,,6.0,6.0,4.0,0.64,25.0,65.33333333333333,BULL,BULL,BULL,False,,0.8,0.12,1.0
2025-06-18,7.0,5.0,5.0,4.0,4.0,1.0,25.0,4.0,3.0,0.0,0.0,1.0,7.000000000000001,2.0,8.0,,0.72,13.88888888888889,,6.0,6.0,4.0,0.64,25.0,70.88888888888889,BULL,BULL,BULL,False,,0.8,0.12,1.0
2025-06-19,0.0,0.0,5.0,4.0,0.0,1.0,9.0,,,,,0.0,,2.0,,,0.4,5.0,,,,,0.0,,14.0,CRISIS,BULL,BULL,False,,0.8,0.12,1.0
2025-06-20,7.0,5.0,5.0,4.0,4.0,1.0,25.0,4.0,3.0,,0.0,0.76,9.210526315789473,2.0,8.0,,0.72,13.88888888888889,,6.0,6.0,,0.48,25.0,73.09941520467837,BULL,BULL,BULL,False,,0.8,0.12,1.0
2025-06-23,7.0,5.0,5.0,4.0,0.0,1.0,21.0,,3.0,,,0.24,12.5,5.0,8.0,,0.72,18.055555555555554,,,,,0.0,,51.55555555555556,NEUTRAL,BULL,BULL,False,,0.8,0.12,1.0
2025-06-24,7.0,5.0,5.0,4.0,4.0,1.0,25.0,4.0,3.0,,0.0,0.76,9.210526315789473,5.0,8.0,,0.72,18.055555555555554,,6.0,6.0,,0.48,25.0,77.26608187134502,BULL,BULL,BULL,False,,0.8,0.12,1.0
2025-06-25,7.0,5.0,5.0,4.0,4.0,1.0,25.0,4.0,3.0,,0.0,0.76,9.210526315789473,10.0,8.0,,0.72,25.0,,6.0,6.0,,0.48,25.0,84.21052631578948,BULL,BULL,BULL,False,,0.8,0.12,1.0
2025-06-26,7.0,5.0,5.0,4.0,4.0,1.0,25.0,4.0,3.0,,0.0,0.76,9.210526315789473,10.0,8.0,,0.72,25.0,,6.0,6.0,,0.48,25.0,84.21052631578948,BULL,BULL,BULL,False,,0.8,0.12,1.0
2025-06-27,7.0,5.0,5.0,4.0,4.0,1.0,25.0,4.0,3.0,,0.0,0.76,9.210526315789473,10.0,8.0,,0.72,25.0,,6.0,6.0,,0.48,25.0,84.21052631578948,BULL,BULL,BULL,False,,0.8,0.12,1.0
2025-06-30,7.0,5.0,5.0,4.0,4.0,1.0,25.0,4.0,3.0,0.0,0.0,1.0,7.000000000000001,10.0,8.0,,0.72,25.0,,6.0,6.0,,0.48,25.0,82.0,BULL,BULL,BULL,False,,0.8,0.12,1.0
2025-07-01,7.0,5.0,5.0,4.0,0.0,1.0,21.0,4.0,3.0,0.0,0.0,1.0,7.000000000000001,10.0,8.0,,0.72,25.0,,6.0,6.0,,0.48,25.0,78.0,BULL,BULL,BULL,False,,0.8,0.12,1.0
2025-07-02,7.0,5.0,5.0,4.0,0.0,1.0,21.0,4.0,3.0,0.0,0.0,1.0,7.000000000000001,10.0,8.0,,0.72,25.0,,6.0,6.0,,0.48,25.0,78.0,BULL,BULL,BULL,False,,0.8,0.12,1.0
2025-07-03,7.0,5.0,5.0,4.0,4.0,1.0,25.0,4.0,3.0,0.0,0.0,1.0,7.000000000000001,10.0,8.0,,0.72,25.0,,6.0,6.0,,0.48,25.0,82.0,BULL,BULL,BULL,False,,0.8,0.12,1.0
2025-07-04,0.0,0.0,5.0,4.0,0.0,1.0,9.0,,,,,0.0,,5.0,,,0.4,12.5,,,,,0.0,,21.5,RISK_OFF,BULL,BULL,False,,0.8,0.12,1.0
2025-07-07,7.0,5.0,5.0,4.0,4.0,1.0,25.0,4.0,3.0,,0.0,0.76,9.210526315789473,5.0,8.0,,0.72,18.055555555555554,,6.0,6.0,,0.48,25.0,77.26608187134502,BULL,BULL,BULL,False,,0.8,0.12,1.0
2025-07-08,7.0,5.0,5.0,4.0,4.0,1.0,25.0,4.0,3.0,,0.0,0.76,9.210526315789473,10.0,8.0,,0.72,25.0,,6.0,6.0,,0.48,25.0,84.21052631578948,BULL,BULL,BULL,False,,0.8,0.12,1.0
2025-07-09,7.0,5.0,5.0,4.0,4.0,1.0,25.0,4.0,3.0,,0.0,0.76,9.210526315789473,10.0,8.0,,0.72,25.0,,6.0,6.0,,0.48,25.0,84.21052631578948,BULL,BULL,BULL,False,,0.8,0.12,1.0
2025-07-10,7.0,5.0,5.0,4.0,4.0,1.0,25.0,4.0,3.0,,0.0,0.76,9.210526315789473,10.0,8.0,,0.72,25.0,,6.0,6.0,,0.48,25.0,84.21052631578948,BULL,BULL,BULL,False,,0.8,0.12,1.0
2025-07-11,7.0,5.0,5.0,4.0,4.0,1.0,25.0,4.0,3.0,0.0,0.0,1.0,7.000000000000001,10.0,8.0,,0.72,25.0,,6.0,6.0,,0.48,25.0,82.0,BULL,BULL,BULL,False,,0.8,0.12,1.0
2025-07-14,7.0,5.0,5.0,4.0,4.0,1.0,25.0,4.0,3.0,0.0,0.0,1.0,7.000000000000001,5.0,8.0,,0.72,18.055555555555554,,6.0,6.0,,0.48,25.0,75.05555555555556,BULL,BULL,BULL,False,,0.8,0.12,1.0
2025-07-15,7.0,5.0,5.0,4.0,4.0,1.0,25.0,4.0,3.0,0.0,0.0,1.0,7.000000000000001,5.0,8.0,,0.72,18.055555555555554,,6.0,6.0,,0.48,25.0,75.05555555555556,BULL,BULL,BULL,False,,0.8,0.12,1.0
2025-07-16,7.0,5.0,5.0,4.0,4.0,1.0,25.0,4.0,3.0,0.0,0.0,1.0,7.000000000000001,10.0,8.0,,0.72,25.0,,6.0,6.0,,0.48,25.0,82.0,BULL,BULL,BULL,False,,0.8,0.12,1.0
2025-07-17,7.0,5.0,5.0,4.0,0.0,1.0,21.0,,3.0,,,0.24,12.5,10.0,8.0,,0.72,25.0,,,,,0.0,,58.5,NEUTRAL,BULL,BULL,False,,0.8,0.12,1.0
2025-07-18,7.0,5.0,5.0,4.0,4.0,1.0,25.0,4.0,3.0,,0.0,0.76,9.210526315789473,10.0,8.0,,0.72,25.0,,6.0,6.0,,0.48,25.0,84.21052631578948,BULL,BULL,BULL,False,,0.8,0.12,1.0
2025-07-21,7.0,5.0,5.0,4.0,4.0,1.0,25.0,4.0,3.0,,0.0,0.76,9.210526315789473,10.0,8.0,,0.72,25.0,,6.0,6.0,,0.48,25.0,84.21052631578948,BULL,BULL,BULL,False,,0.8,0.12,1.0
2025-07-22,7.0,5.0,5.0,4.0,4.0,1.0,25.0,4.0,3.0,,0.0,0.76,9.210526315789473,10.0,8.0,,0.72,25.0,,6.0,6.0,,0.48,25.0,84.21052631578948,BULL,BULL,BULL,False,,0.8,0.12,1.0
2025-07-23,7.0,5.0,5.0,4.0,0.0,1.0,21.0,8.0,3.0,,5.0,0.76,21.052631578947366,10.0,8.0,,0.72,25.0,,6.0,6.0,,0.48,25.0,92.05263157894737,STRONG_BULL,BULL,BULL,False,,0.8,0.12,1.0
2025-07-24,7.0,5.0,5.0,4.0,0.0,1.0,21.0,4.0,3.0,0.0,0.0,1.0,7.000000000000001,10.0,8.0,,0.72,25.0,,6.0,6.0,,0.48,25.0,78.0,BULL,BULL,BULL,False,,0.8,0.12,1.0
2025-07-25,7.0,5.0,5.0,4.0,0.0,1.0,21.0,8.0,3.0,0.0,5.0,1.0,16.0,10.0,8.0,,0.72,25.0,,6.0,6.0,,0.48,25.0,87.0,BULL,BULL,BULL,False,,0.8,0.12,1.0
2025-07-28,7.0,5.0,5.0,4.0,0.0,1.0,21.0,4.0,3.0,0.0,0.0,1.0,7.000000000000001,10.0,8.0,,0.72,25.0,,6.0,6.0,,0.48,25.0,78.0,BULL,BULL,BULL,False,,0.8,0.12,1.0
2025-07-29,7.0,5.0,5.0,4.0,4.0,1.0,25.0,4.0,3.0,0.0,0.0,1.0,7.000000000000001,10.0,8.0,,0.72,25.0,,6.0,6.0,,0.48,25.0,82.0,BULL,BULL,BULL,False,,0.8,0.12,1.0
2025-07-30,7.0,5.0,5.0,4.0,4.0,1.0,25.0,4.0,3.0,0.0,0.0,1.0,7.000000000000001,10.0,8.0,,0.72,25.0,,0.0,6.0,,0.48,12.5,69.5,BULL,BULL,BULL,False,,0.8,0.12,1.0
2025-07-31,7.0,5.0,5.0,4.0,4.0,1.0,25.0,4.0,3.0,0.0,0.0,1.0,7.000000000000001,10.0,8.0,,0.72,25.0,,0.0,6.0,,0.48,12.5,69.5,BULL,BULL,BULL,False,,0.8,0.12,1.0
2025-08-01,7.0,5.0,5.0,4.0,0.0,1.0,21.0,,3.0,,,0.24,12.5,2.0,8.0,,0.72,13.88888888888889,,,,,0.0,,47.388888888888886,NEUTRAL,BULL,BULL,False,,0.8,0.12,1.0
2025-08-04,7.0,5.0,5.0,4.0,4.0,1.0,25.0,4.0,3.0,,0.0,0.76,9.210526315789473,5.0,8.0,7.0,1.0,20.0,,0.0,6.0,,0.48,12.5,66.71052631578948,BULL,BULL,BULL,False,,0.8,0.12,1.0
2025-08-05,7.0,5.0,5.0,4.0,4.0,1.0,25.0,4.0,3.0,,0.0,0.76,9.210526315789473,5.0,8.0,7.0,1.0,20.0,,0.0,6.0,,0.48,12.5,66.71052631578948,BULL,BULL,BULL,False,,0.8,0.12,1.0
2025-08-06,7.0,5.0,5.0,4.0,4.0,1.0,25.0,4.0,3.0,,0.0,0.76,9.210526315789473,10.0,8.0,7.0,1.0,25.0,,0.0,6.0,,0.48,12.5,71.71052631578948,BULL,BULL,BULL,False,,0.8,0.12,1.0
2025-08-07,7.0,5.0,5.0,4.0,4.0,1.0,25.0,4.0,3.0,,0.0,0.76,9.210526315789473,10.0,8.0,7.0,1.0,25.0,,0.0,6.0,,0.48,12.5,71.71052631578948,BULL,BULL,BULL,False,,0.8,0.12,1.0
2025-08-08,7.0,5.0,5.0,4.0,4.0,1.0,25.0,4.0,3.0,0.0,0.0,1.0,7.000000000000001,10.0,8.0,7.0,1.0,25.0,,0.0,6.0,,0.48,12.5,69.5,BULL,BULL,BULL,False,,0.8,0.12,1.0
2025-08-11,7.0,5.0,5.0,4.0,4.0,1.0,25.0,4.0,3.0,0.0,0.0,1.0,7.000000000000001,10.0,8.0,7.0,1.0,25.0,,0.0,6.0,,0.48,12.5,69.5,BULL,BULL,BULL,False,,0.8,0.12,1.0
2025-08-12,7.0,5.0,5.0,4.0,4.0,1.0,25.0,4.0,3.0,0.0,0.0,1.0,7.000000000000001,10.0,8.0,7.0,1.0,25.0,,6.0,6.0,,0.48,25.0,82.0,BULL,BULL,BULL,False,,0.8,0.12,1.0
2025-08-13,7.0,5.0,5.0,4.0,4.0,1.0,25.0,4.0,3.0,0.0,0.0,1.0,7.000000000000001,10.0,8.0,7.0,1.0,25.0,,6.0,6.0,,0.48,25.0,82.0,BULL,BULL,BULL,False,,0.8,0.12,1.0
2025-08-14,7.0,5.0,5.0,4.0,4.0,1.0,25.0,4.0,3.0,0.0,0.0,1.0,7.000000000000001,10.0,8.0,7.0,1.0,25.0,,6.0,6.0,,0.48,25.0,82.0,BULL,BULL,BULL,False,,0.8,0.12,1.0
2025-08-15,7.0,5.0,5.0,4.0,4.0,1.0,25.0,4.0,3.0,0.0,0.0,1.0,7.000000000000001,10.0,8.0,7.0,1.0,25.0,,6.0,6.0,,0.48,25.0,82.0,BULL,BULL,BULL,False,,0.8,0.12,1.0
2025-08-18,7.0,5.0,5.0,4.0,0.0,1.0,21.0,4.0,,0.0,0.0,0.76,5.263157894736842,10.0,8.0,7.0,1.0,25.0,,6.0,6.0,,0.48,25.0,76.26315789473685,BULL,BULL,BULL,False,,0.8,0.12,1.0
2025-08-19,7.0,5.0,5.0,4.0,0.0,1.0,21.0,4.0,3.0,0.0,0.0,1.0,7.000000000000001,10.0,8.0,7.0,1.0,25.0,,6.0,6.0,,0.48,25.0,78.0,BULL,BULL,BULL,False,,0.8,0.12,1.0
2025-08-20,7.0,5.0,5.0,4.0,0.0,1.0,21.0,4.0,3.0,0.0,0.0,1.0,7.000000000000001,10.0,8.0,7.0,1.0,25.0,,0.0,6.0,,0.48,12.5,65.5,BULL,BULL,BULL,False,,0.8,0.12,1.0
2025-08-21,7.0,5.0,5.0,4.0,0.0,1.0,21.0,4.0,3.0,0.0,0.0,1.0,7.000000000000001,10.0,8.0,7.0,1.0,25.0,,6.0,6.0,,0.48,25.0,78.0,BULL,BULL,BULL,False,,0.8,0.12,1.0
2025-08-22,7.0,5.0,5.0,4.0,0.0,1.0,21.0,4.0,3.0,0.0,0.0,1.0,7.000000000000001,10.0,8.0,7.0,1.0,25.0,,6.0,6.0,,0.48,25.0,78.0,BULL,BULL,BULL,False,,0.8,0.12,1.0
2025-08-25,7.0,5.0,5.0,4.0,0.0,1.0,21.0,4.0,3.0,0.0,0.0,1.0,7.000000000000001,10.0,8.0,7.0,1.0,25.0,,6.0,6.0,,0.48,25.0,78.0,BULL,BULL,BULL,False,,0.8,0.12,1.0
2025-08-26,7.0,5.0,5.0,4.0,0.0,1.0,21.0,4.0,3.0,0.0,0.0,1.0,7.000000000000001,10.0,8.0,7.0,1.0,25.0,,6.0,6.0,,0.48,25.0,78.0,BULL,BULL,BULL,False,,0.8,0.12,1.0
2025-08-27,7.0,5.0,5.0,4.0,0.0,1.0,21.0,4.0,3.0,0.0,0.0,1.0,7.000000000000001,10.0,8.0,7.0,1.0,25.0,,6.0,6.0,,0.48,25.0,78.0,BULL,BULL,BULL,False,,0.8,0.12,1.0
2025-08-28,7.0,5.0,5.0,4.0,0.0,1.0,21.0,8.0,3.0,0.0,5.0,1.0,16.0,10.0,8.0,7.0,1.0,25.0,,6.0,6.0,,0.48,25.0,87.0,BULL,BULL,BULL,False,,0.8,0.12,1.0
2025-08-29,7.0,5.0,5.0,4.0,0.0,1.0,21.0,8.0,3.0,0.0,5.0,1.0,16.0,10.0,8.0,7.0,1.0,25.0,,6.0,6.0,,0.48,25.0,87.0,BULL,BULL,BULL,False,,0.8,0.12,1.0
2025-09-01,0.0,0.0,5.0,4.0,0.0,1.0,9.0,,,,,0.0,,10.0,,,0.4,25.0,,,,,0.0,,34.0,CAUTION,BULL,BULL,False,,0.8,0.12,1.0
2025-09-02,7.0,5.0,5.0,4.0,0.0,1.0,21.0,8.0,3.0,,5.0,0.76,21.052631578947366,5.0,8.0,,0.72,18.055555555555554,,6.0,6.0,,0.48,25.0,85.10818713450293,STRONG_BULL,BULL,BULL,False,,0.8,0.12,1.0
2025-09-03,7.0,5.0,5.0,4.0,0.0,1.0,21.0,8.0,3.0,,5.0,0.76,21.052631578947366,10.0,8.0,,0.72,25.0,,6.0,6.0,,0.48,25.0,92.05263157894737,STRONG_BULL,STRONG_BULL,STRONG_BULL,False,,1.0,0.15,1.15
2025-09-04,7.0,5.0,5.0,4.0,0.0,1.0,21.0,8.0,3.0,,5.0,0.76,21.052631578947366,10.0,8.0,,0.72,25.0,,6.0,6.0,,0.48,25.0,92.05263157894737,STRONG_BULL,STRONG_BULL,STRONG_BULL,False,,1.0,0.15,1.15
2025-09-05,7.0,5.0,5.0,4.0,0.0,1.0,21.0,8.0,3.0,,5.0,0.76,21.052631578947366,10.0,8.0,,0.72,25.0,,6.0,6.0,,0.48,25.0,92.05263157894737,STRONG_BULL,STRONG_BULL,STRONG_BULL,False,,1.0,0.15,1.15
2025-09-08,7.0,5.0,5.0,4.0,0.0,1.0,21.0,8.0,3.0,6.0,5.0,1.0,22.0,10.0,8.0,,0.72,25.0,,6.0,6.0,,0.48,25.0,93.0,STRONG_BULL,STRONG_BULL,STRONG_BULL,False,,1.0,0.15,1.15
2025-09-09,7.0,5.0,5.0,4.0,0.0,1.0,21.0,8.0,3.0,6.0,5.0,1.0,22.0,10.0,8.0,,0.72,25.0,,6.0,6.0,,0.48,25.0,93.0,STRONG_BULL,STRONG_BULL,STRONG_BULL,False,,1.0,0.15,1.15
2025-09-10,7.0,5.0,5.0,4.0,0.0,1.0,21.0,4.0,3.0,6.0,0.0,1.0,13.0,10.0,8.0,,0.72,25.0,,6.0,6.0,,0.48,25.0,84.0,BULL,STRONG_BULL,STRONG_BULL,False,,1.0,0.15,1.15
2025-09-11,7.0,5.0,5.0,4.0,0.0,1.0,21.0,8.0,,6.0,5.0,0.76,25.0,10.0,8.0,,0.72,25.0,,6.0,6.0,,0.48,25.0,96.0,STRONG_BULL,STRONG_BULL,STRONG_BULL,False,,1.0,0.15,1.15
2025-09-12,7.0,5.0,5.0,4.0,0.0,1.0,21.0,4.0,3.0,0.0,0.0,1.0,7.000000000000001,10.0,8.0,,0.72,25.0,,6.0,6.0,,0.48,25.0,78.0,BULL,STRONG_BULL,STRONG_BULL,False,,1.0,0.15,1.15
2025-09-15,7.0,5.0,5.0,4.0,0.0,1.0,21.0,4.0,3.0,0.0,0.0,1.0,7.000000000000001,10.0,8.0,,0.72,25.0,,6.0,6.0,,0.48,25.0,78.0,BULL,BULL,BULL,False,,0.8,0.12,1.0
2025-09-16,7.0,5.0,5.0,4.0,4.0,1.0,25.0,4.0,3.0,0.0,0.0,1.0,7.000000000000001,10.0,8.0,,0.72,25.0,,6.0,6.0,,0.48,25.0,82.0,BULL,BULL,BULL,False,,0.8,0.12,1.0
2025-09-17,7.0,5.0,5.0,4.0,4.0,1.0,25.0,4.0,3.0,0.0,0.0,1.0,7.000000000000001,10.0,8.0,,0.72,25.0,,6.0,6.0,,0.48,25.0,82.0,BULL,BULL,BULL,False,,0.8,0.12,1.0
2025-09-18,7.0,5.0,5.0,4.0,4.0,1.0,25.0,4.0,3.0,0.0,0.0,1.0,7.000000000000001,10.0,8.0,,0.72,25.0,,6.0,6.0,,0.48,25.0,82.0,BULL,BULL,BULL,False,,0.8,0.12,1.0
2025-09-19,7.0,5.0,5.0,4.0,4.0,1.0,25.0,4.0,3.0,0.0,0.0,1.0,7.000000000000001,10.0,8.0,,0.72,25.0,,6.0,6.0,,0.48,25.0,82.0,BULL,BULL,BULL,False,,0.8,0.12,1.0
2025-09-22,7.0,5.0,5.0,4.0,4.0,1.0,25.0,4.0,3.0,0.0,0.0,1.0,7.000000000000001,10.0,8.0,,0.72,25.0,,6.0,6.0,,0.48,25.0,82.0,BULL,BULL,BULL,False,,0.8,0.12,1.0
2025-09-23,7.0,5.0,5.0,4.0,4.0,1.0,25.0,4.0,3.0,0.0,0.0,1.0,7.000000000000001,5.0,8.0,,0.72,18.055555555555554,,6.0,6.0,,0.48,25.0,75.05555555555556,BULL,BULL,BULL,False,,0.8,0.12,1.0
2025-09-24,7.0,5.0,5.0,4.0,4.0,1.0,25.0,4.0,3.0,0.0,0.0,1.0,7.000000000000001,10.0,8.0,,0.72,25.0,,6.0,6.0,,0.48,25.0,82.0,BULL,BULL,BULL,False,,0.8,0.12,1.0
2025-09-25,7.0,5.0,5.0,4.0,4.0,1.0,25.0,4.0,3.0,0.0,0.0,1.0,7.000000000000001,5.0,8.0,,0.72,18.055555555555554,,6.0,6.0,,0.48,25.0,75.05555555555556,BULL,BULL,BULL,False,,0.8,0.12,1.0
2025-09-26,7.0,5.0,5.0,4.0,4.0,1.0,25.0,4.0,,0.0,0.0,0.76,5.263157894736842,10.0,8.0,,0.72,25.0,,6.0,6.0,,0.48,25.0,80.26315789473685,BULL,BULL,BULL,False,,0.8,0.12,1.0
2025-09-29,7.0,5.0,5.0,4.0,0.0,1.0,21.0,,3.0,,,0.24,12.5,10.0,8.0,,0.72,25.0,,,,,0.0,,58.5,NEUTRAL,BULL,BULL,False,,0.8,0.12,1.0
2025-09-30,7.0,5.0,5.0,4.0,4.0,1.0,25.0,4.0,3.0,,0.0,0.76,9.210526315789473,10.0,8.0,7.0,1.0,25.0,,6.0,6.0,,0.48,25.0,84.21052631578948,BULL,BULL,BULL,False,,0.8,0.12,1.0
2025-10-01,7.0,5.0,5.0,4.0,4.0,1.0,25.0,4.0,3.0,,0.0,0.76,9.210526315789473,10.0,8.0,7.0,1.0,25.0,,6.0,6.0,,0.48,25.0,84.21052631578948,BULL,BULL,BULL,False,,0.8,0.12,1.0
2025-10-02,7.0,5.0,5.0,4.0,4.0,1.0,25.0,4.0,3.0,,0.0,0.76,9.210526315789473,5.0,8.0,7.0,1.0,20.0,,6.0,6.0,,0.48,25.0,79.21052631578948,BULL,BULL,BULL,False,,0.8,0.12,1.0
2025-10-03,7.0,5.0,5.0,4.0,4.0,1.0,25.0,4.0,3.0,,0.0,0.76,9.210526315789473,5.0,8.0,7.0,1.0,20.0,,6.0,6.0,,0.48,25.0,79.21052631578948,BULL,BULL,BULL,False,,0.8,0.12,1.0
2025-10-06,7.0,5.0,5.0,4.0,4.0,1.0,25.0,4.0,3.0,0.0,0.0,1.0,7.000000000000001,10.0,8.0,7.0,1.0,25.0,,6.0,6.0,,0.48,25.0,82.0,BULL,BULL,BULL,False,,0.8,0.12,1.0
2025-10-07,7.0,5.0,5.0,4.0,4.0,1.0,25.0,4.0,3.0,0.0,0.0,1.0,7.000000000000001,5.0,8.0,7.0,1.0,20.0,,6.0,6.0,,0.48,25.0,77.0,BULL,BULL,BULL,False,,0.8,0.12,1.0
2025-10-08,7.0,5.0,5.0,4.0,4.0,1.0,25.0,4.0,3.0,0.0,0.0,1.0,7.000000000000001,10.0,8.0,7.0,1.0,25.0,,6.0,6.0,,0.48,25.0,82.0,BULL,BULL,BULL,False,,0.8,0.12,1.0
2025-10-09,7.0,5.0,5.0,4.0,4.0,1.0,25.0,4.0,3.0,0.0,0.0,1.0,7.000000000000001,5.0,8.0,7.0,1.0,20.0,,6.0,6.0,,0.48,25.0,77.0,BULL,BULL,BULL,False,,0.8,0.12,1.0
2025-10-10,7.0,5.0,5.0,4.0,4.0,1.0,25.0,4.0,3.0,0.0,0.0,1.0,7.000000000000001,2.0,4.0,7.0,1.0,13.0,,6.0,6.0,,0.48,25.0,70.0,BULL,BULL,BULL,False,,0.8,0.12,1.0
2025-10-13,7.0,5.0,5.0,4.0,4.0,1.0,25.0,4.0,3.0,0.0,0.0,1.0,7.000000000000001,5.0,8.0,7.0,1.0,20.0,,6.0,6.0,,0.48,25.0,77.0,BULL,BULL,BULL,False,,0.8,0.12,1.0
2025-10-14,7.0,5.0,5.0,4.0,4.0,1.0,25.0,8.0,3.0,0.0,5.0,1.0,16.0,2.0,8.0,7.0,1.0,17.0,,6.0,6.0,,0.48,25.0,83.0,BULL,BULL,BULL,False,,0.8,0.12,1.0
2025-10-15,7.0,5.0,5.0,4.0,4.0,1.0,25.0,4.0,3.0,0.0,0.0,1.0,7.000000000000001,2.0,8.0,7.0,1.0,17.0,,6.0,6.0,,0.48,25.0,74.0,BULL,BULL,BULL,False,,0.8,0.12,1.0
2025-10-16,7.0,5.0,5.0,4.0,4.0,1.0,25.0,4.0,3.0,0.0,0.0,1.0,7.000000000000001,0.0,0.0,7.0,1.0,7.000000000000001,,6.0,6.0,,0.48,25.0,64.0,NEUTRAL,BULL,BULL,False,,0.8,0.12,1.0
2025-10-17,7.0,5.0,5.0,4.0,4.0,1.0,25.0,4.0,3.0,0.0,0.0,1.0,7.000000000000001,2.0,8.0,7.0,1.0,17.0,,6.0,6.0,,0.48,25.0,74.0,BULL,BULL,BULL,False,,0.8,0.12,1.0
2025-10-20,7.0,5.0,5.0,4.0,4.0,1.0,25.0,8.0,3.0,0.0,5.0,1.0,16.0,5.0,8.0,7.0,1.0,20.0,,6.0,6.0,,0.48,25.0,86.0,BULL,BULL,BULL,False,,0.8,0.12,1.0
2025-10-21,7.0,5.0,5.0,4.0,4.0,1.0,25.0,4.0,3.0,0.0,0.0,1.0,7.000000000000001,5.0,8.0,7.0,1.0,20.0,,6.0,6.0,,0.48,25.0,77.0,BULL,BULL,BULL,False,,0.8,0.12,1.0
2025-10-22,7.0,5.0,5.0,4.0,4.0,1.0,25.0,4.0,3.0,0.0,0.0,1.0,7.000000000000001,5.0,8.0,7.0,1.0,20.0,,6.0,6.0,,0.48,25.0,77.0,BULL,BULL,BULL,False,,0.8,0.12,1.0
2025-10-23,7.0,5.0,5.0,4.0,4.0,1.0,25.0,8.0,3.0,0.0,5.0,1.0,16.0,5.0,8.0,7.0,1.0,20.0,,6.0,6.0,,0.48,25.0,86.0,BULL,BULL,BULL,False,,0.8,0.12,1.0
2025-10-24,7.0,5.0,5.0,4.0,4.0,1.0,25.0,4.0,3.0,0.0,0.0,1.0,7.000000000000001,10.0,8.0,7.0,1.0,25.0,,6.0,6.0,,0.48,25.0,82.0,BULL,BULL,BULL,False,,0.8,0.12,1.0
2025-10-27,7.0,5.0,5.0,4.0,4.0,1.0,25.0,4.0,3.0,0.0,0.0,1.0,7.000000000000001,10.0,8.0,7.0,1.0,25.0,,6.0,6.0,,0.48,25.0,82.0,BULL,BULL,BULL,False,,0.8,0.12,1.0
2025-10-28,7.0,5.0,5.0,4.0,4.0,1.0,25.0,4.0,3.0,0.0,0.0,1.0,7.000000000000001,5.0,8.0,7.0,1.0,20.0,,6.0,6.0,,0.48,25.0,77.0,BULL,BULL,BULL,False,,0.8,0.12,1.0
2025-10-29,7.0,5.0,5.0,4.0,4.0,1.0,25.0,4.0,3.0,0.0,0.0,1.0,7.000000000000001,5.0,8.0,7.0,1.0,20.0,,0.0,6.0,,0.48,12.5,64.5,NEUTRAL,BULL,BULL,False,,0.8,0.12,1.0
2025-10-30,7.0,5.0,5.0,4.0,4.0,1.0,25.0,4.0,3.0,0.0,0.0,1.0,7.000000000000001,5.0,8.0,7.0,1.0,20.0,,0.0,6.0,,0.48,12.5,64.5,NEUTRAL,NEUTRAL,NEUTRAL,False,,0.5,0.08,0.7
2025-10-31,7.0,5.0,5.0,4.0,4.0,1.0,25.0,4.0,3.0,0.0,0.0,1.0,7.000000000000001,5.0,8.0,7.0,1.0,20.0,,0.0,6.0,,0.48,12.5,64.5,NEUTRAL,NEUTRAL,NEUTRAL,False,,0.5,0.08,0.7
2025-11-03,7.0,5.0,5.0,4.0,4.0,1.0,25.0,4.0,3.0,0.0,0.0,1.0,7.000000000000001,5.0,8.0,7.0,1.0,20.0,,0.0,6.0,,0.48,12.5,64.5,NEUTRAL,NEUTRAL,NEUTRAL,False,,0.5,0.08,0.7
2025-11-04,7.0,5.0,5.0,4.0,4.0,1.0,25.0,4.0,3.0,0.0,0.0,1.0,7.000000000000001,2.0,8.0,7.0,1.0,17.0,,0.0,6.0,,0.48,12.5,61.5,NEUTRAL,NEUTRAL,NEUTRAL,False,,0.5,0.08,0.7
2025-11-05,7.0,5.0,5.0,4.0,4.0,1.0,25.0,4.0,3.0,0.0,0.0,1.0,7.000000000000001,5.0,8.0,7.0,1.0,20.0,,0.0,6.0,,0.48,12.5,64.5,NEUTRAL,NEUTRAL,NEUTRAL,False,,0.5,0.08,0.7
2025-11-06,7.0,5.0,5.0,4.0,4.0,1.0,25.0,4.0,3.0,0.0,0.0,1.0,7.000000000000001,2.0,8.0,7.0,1.0,17.0,,0.0,6.0,,0.48,12.5,61.5,NEUTRAL,NEUTRAL,NEUTRAL,False,,0.5,0.08,0.7
2025-11-07,7.0,5.0,5.0,4.0,4.0,1.0,25.0,4.0,3.0,0.0,0.0,1.0,7.000000000000001,2.0,8.0,7.0,1.0,17.0,,0.0,6.0,,0.48,12.5,61.5,NEUTRAL,NEUTRAL,NEUTRAL,False,,0.5,0.08,0.7
2025-11-10,7.0,5.0,5.0,4.0,4.0,1.0,25.0,4.0,3.0,0.0,0.0,1.0,7.000000000000001,5.0,8.0,7.0,1.0,20.0,9.0,0.0,6.0,0.0,1.0,15.0,67.0,BULL,NEUTRAL,NEUTRAL,False,,0.5,0.08,0.7
2025-11-11,7.0,5.0,5.0,4.0,4.0,1.0,25.0,4.0,3.0,0.0,0.0,1.0,7.000000000000001,5.0,8.0,7.0,1.0,20.0,9.0,0.0,6.0,0.0,1.0,15.0,67.0,BULL,BULL,BULL,False,,0.8,0.12,1.0
2025-11-12,7.0,5.0,5.0,4.0,4.0,1.0,25.0,4.0,3.0,0.0,0.0,1.0,7.000000000000001,5.0,8.0,7.0,1.0,20.0,0.0,0.0,6.0,0.0,1.0,6.0,58.0,NEUTRAL,BULL,BULL,False,,0.8,0.12,1.0
2025-11-13,7.0,5.0,5.0,4.0,0.0,1.0,21.0,4.0,3.0,0.0,0.0,1.0,7.000000000000001,2.0,8.0,7.0,1.0,17.0,0.0,0.0,6.0,0.0,1.0,6.0,51.0,NEUTRAL,NEUTRAL,NEUTRAL,False,,0.5,0.08,0.7
2025-11-14,7.0,5.0,5.0,4.0,0.0,1.0,21.0,4.0,3.0,0.0,0.0,1.0,7.000000000000001,2.0,8.0,7.0,1.0,17.0,0.0,0.0,6.0,0.0,1.0,6.0,51.0,NEUTRAL,NEUTRAL,NEUTRAL,False,,0.5,0.08,0.7
2025-11-17,7.0,0.0,5.0,4.0,0.0,1.0,16.0,4.0,3.0,0.0,0.0,1.0,7.000000000000001,2.0,4.0,7.0,1.0,13.0,0.0,0.0,6.0,0.0,1.0,6.0,42.0,CAUTION,NEUTRAL,NEUTRAL,False,,0.5,0.08,0.7
2025-11-18,7.0,0.0,5.0,4.0,0.0,1.0,16.0,4.0,3.0,0.0,0.0,1.0,7.000000000000001,0.0,0.0,7.0,1.0,7.000000000000001,0.0,0.0,6.0,0.0,1.0,6.0,36.0,CAUTION,CAUTION,CAUTION,False,,0.25,0.05,0.4
2025-11-19,7.0,0.0,5.0,4.0,0.0,1.0,16.0,4.0,3.0,0.0,0.0,1.0,7.000000000000001,2.0,4.0,7.0,1.0,13.0,0.0,0.0,6.0,0.0,1.0,6.0,42.0,CAUTION,CAUTION,CAUTION,False,,0.25,0.05,0.4
2025-11-20,7.0,0.0,5.0,4.0,0.0,1.0,16.0,4.0,3.0,0.0,0.0,1.0,7.000000000000001,0.0,0.0,7.0,1.0,7.000000000000001,0.0,0.0,6.0,0.0,1.0,6.0,36.0,CAUTION,CAUTION,CAUTION,False,,0.25,0.05,0.4
2025-11-21,7.0,0.0,5.0,4.0,0.0,1.0,16.0,4.0,3.0,0.0,0.0,1.0,7.000000000000001,2.0,8.0,7.0,1.0,17.0,0.0,0.0,6.0,0.0,1.0,6.0,46.0,NEUTRAL,CAUTION,CAUTION,False,,0.25,0.05,0.4
2025-11-24,7.0,5.0,5.0,4.0,0.0,1.0,21.0,4.0,,0.0,0.0,0.76,5.263157894736842,2.0,8.0,7.0,1.0,17.0,0.0,0.0,6.0,0.0,1.0,6.0,49.26315789473684,NEUTRAL,NEUTRAL,NEUTRAL,False,,0.5,0.08,0.7
2025-11-25,7.0,5.0,5.0,4.0,0.0,1.0,21.0,8.0,3.0,0.0,5.0,1.0,16.0,5.0,8.0,7.0,1.0,20.0,0.0,6.0,6.0,0.0,1.0,12.0,69.0,BULL,NEUTRAL,NEUTRAL,False,,0.5,0.08,0.7
2025-11-26,7.0,5.0,5.0,4.0,0.0,1.0,21.0,8.0,3.0,6.0,5.0,1.0,22.0,5.0,8.0,7.0,1.0,20.0,0.0,6.0,6.0,0.0,1.0,12.0,75.0,BULL,BULL,BULL,False,,0.8,0.12,1.0
2025-11-27,0.0,0.0,5.0,4.0,0.0,1.0,9.0,,,,,0.0,,5.0,,,0.4,12.5,,,,,0.0,,21.5,RISK_OFF,BULL,BULL,False,,0.8,0.12,1.0
2025-11-28,7.0,5.0,5.0,4.0,0.0,1.0,21.0,8.0,3.0,,5.0,0.76,21.052631578947366,10.0,8.0,,0.72,25.0,,6.0,6.0,,0.48,25.0,92.05263157894737,STRONG_BULL,BULL,BULL,False,,0.8,0.12,1.0
2025-12-01,7.0,5.0,5.0,4.0,0.0,1.0,21.0,8.0,3.0,,5.0,0.76,21.052631578947366,5.0,8.0,,0.72,18.055555555555554,,6.0,6.0,,0.48,25.0,85.10818713450293,STRONG_BULL,STRONG_BULL,STRONG_BULL,False,,1.0,0.15,1.15
2025-12-02,7.0,5.0,5.0,4.0,0.0,1.0,21.0,8.0,3.0,,5.0,0.76,21.052631578947366,10.0,8.0,,0.72,25.0,,6.0,6.0,,0.48,25.0,92.05263157894737,STRONG_BULL,STRONG_BULL,STRONG_BULL,False,,1.0,0.15,1.15
2025-12-03,7.0,5.0,5.0,4.0,0.0,1.0,21.0,8.0,3.0,,5.0,0.76,21.052631578947366,10.0,8.0,,0.72,25.0,,6.0,6.0,,0.48,25.0,92.05263157894737,STRONG_BULL,STRONG_BULL,STRONG_BULL,False,,1.0,0.15,1.15
2025-12-04,7.0,5.0,5.0,4.0,0.0,1.0,21.0,8.0,3.0,6.0,5.0,1.0,22.0,10.0,8.0,,0.72,25.0,,6.0,6.0,,0.48,25.0,93.0,STRONG_BULL,STRONG_BULL,STRONG_BULL,False,,1.0,0.15,1.15
2025-12-05,7.0,5.0,5.0,4.0,4.0,1.0,25.0,8.0,3.0,6.0,5.0,1.0,22.0,10.0,8.0,,0.72,25.0,,6.0,6.0,,0.48,25.0,97.0,STRONG_BULL,STRONG_BULL,STRONG_BULL,False,,1.0,0.15,1.15
2025-12-08,7.0,5.0,5.0,4.0,0.0,1.0,21.0,8.0,3.0,6.0,5.0,1.0,22.0,10.0,8.0,,0.72,25.0,,6.0,6.0,,0.48,25.0,93.0,STRONG_BULL,STRONG_BULL,STRONG_BULL,False,,1.0,0.15,1.15
2025-12-09,7.0,5.0,5.0,4.0,4.0,1.0,25.0,8.0,3.0,6.0,5.0,1.0,22.0,5.0,8.0,,0.72,18.055555555555554,,6.0,6.0,,0.48,25.0,90.05555555555556,STRONG_BULL,STRONG_BULL,STRONG_BULL,False,,1.0,0.15,1.15
2025-12-10,7.0,5.0,5.0,4.0,4.0,1.0,25.0,8.0,3.0,6.0,5.0,1.0,22.0,10.0,8.0,,0.72,25.0,,6.0,6.0,,0.48,25.0,97.0,STRONG_BULL,STRONG_BULL,STRONG_BULL,False,,1.0,0.15,1.15
2025-12-11,7.0,5.0,5.0,4.0,4.0,1.0,25.0,8.0,3.0,6.0,5.0,1.0,22.0,10.0,8.0,,0.72,25.0,,6.0,6.0,,0.48,25.0,97.0,STRONG_BULL,STRONG_BULL,STRONG_BULL,False,,1.0,0.15,1.15
2025-12-12,7.0,5.0,5.0,4.0,0.0,1.0,21.0,8.0,3.0,6.0,5.0,1.0,22.0,10.0,8.0,,0.72,25.0,,6.0,6.0,,0.48,25.0,93.0,STRONG_BULL,STRONG_BULL,STRONG_BULL,False,,1.0,0.15,1.15
2025-12-15,7.0,5.0,5.0,4.0,0.0,1.0,21.0,8.0,6.0,6.0,5.0,1.0,25.0,10.0,8.0,,0.72,25.0,,6.0,6.0,,0.48,25.0,96.0,STRONG_BULL,STRONG_BULL,STRONG_BULL,False,,1.0,0.15,1.15
2025-12-16,7.0,5.0,5.0,4.0,0.0,1.0,21.0,8.0,3.0,6.0,5.0,1.0,22.0,10.0,8.0,,0.72,25.0,,6.0,6.0,,0.48,25.0,93.0,STRONG_BULL,STRONG_BULL,STRONG_BULL,False,,1.0,0.15,1.15
2025-12-17,7.0,0.0,5.0,4.0,0.0,1.0,16.0,8.0,6.0,6.0,5.0,1.0,25.0,5.0,8.0,,0.72,18.055555555555554,,6.0,6.0,,0.48,25.0,84.05555555555556,STRONG_BULL,STRONG_BULL,STRONG_BULL,False,,1.0,0.15,1.15
2025-12-18,7.0,5.0,5.0,4.0,4.0,1.0,25.0,8.0,6.0,6.0,5.0,1.0,25.0,5.0,8.0,,0.72,18.055555555555554,,6.0,6.0,,0.48,25.0,93.05555555555556,STRONG_BULL,STRONG_BULL,STRONG_BULL,False,,1.0,0.15,1.15
2025-12-19,7.0,5.0,5.0,4.0,4.0,1.0,25.0,8.0,3.0,6.0,5.0,1.0,22.0,10.0,8.0,,0.72,25.0,,6.0,6.0,,0.48,25.0,97.0,STRONG_BULL,STRONG_BULL,STRONG_BULL,False,,1.0,0.15,1.15
2025-12-22,7.0,5.0,5.0,4.0,0.0,1.0,21.0,8.0,3.0,6.0,5.0,1.0,22.0,10.0,8.0,,0.72,25.0,,6.0,6.0,,0.48,25.0,93.0,STRONG_BULL,STRONG_BULL,STRONG_BULL,False,,1.0,0.15,1.15
2025-12-23,7.0,5.0,5.0,4.0,4.0,1.0,25.0,8.0,3.0,6.0,5.0,1.0,22.0,10.0,8.0,,0.72,25.0,,6.0,6.0,,0.48,25.0,97.0,STRONG_BULL,STRONG_BULL,STRONG_BULL,False,,1.0,0.15,1.15
2025-12-24,7.0,5.0,5.0,4.0,0.0,1.0,21.0,8.0,3.0,6.0,5.0,1.0,22.0,10.0,8.0,,0.72,25.0,,6.0,6.0,,0.48,25.0,93.0,STRONG_BULL,STRONG_BULL,STRONG_BULL,False,,1.0,0.15,1.15
2025-12-26,7.0,5.0,5.0,4.0,0.0,1.0,21.0,,3.0,,,0.24,12.5,10.0,8.0,,0.72,25.0,,,,,0.0,,58.5,NEUTRAL,STRONG_BULL,STRONG_BULL,False,,1.0,0.15,1.15
2025-12-29,7.0,5.0,5.0,4.0,0.0,1.0,21.0,8.0,3.0,,5.0,0.76,21.052631578947366,10.0,8.0,7.0,1.0,25.0,,6.0,6.0,,0.48,25.0,92.05263157894737,STRONG_BULL,STRONG_BULL,STRONG_BULL,False,,1.0,0.15,1.15
2025-12-30,7.0,5.0,5.0,4.0,0.0,1.0,21.0,8.0,3.0,,5.0,0.76,21.052631578947366,10.0,8.0,7.0,1.0,25.0,,6.0,6.0,,0.48,25.0,92.05263157894737,STRONG_BULL,STRONG_BULL,STRONG_BULL,False,,1.0,0.15,1.15
2025-12-31,7.0,5.0,5.0,4.0,0.0,1.0,21.0,8.0,3.0,,5.0,0.76,21.052631578947366,10.0,8.0,7.0,1.0,25.0,,6.0,6.0,,0.48,25.0,92.05263157894737,STRONG_BULL,STRONG_BULL,STRONG_BULL,False,,1.0,0.15,1.15
2026-01-02,7.0,5.0,5.0,4.0,0.0,1.0,21.0,8.0,3.0,,5.0,0.76,21.052631578947366,10.0,8.0,7.0,1.0,25.0,,6.0,6.0,,0.48,25.0,92.05263157894737,STRONG_BULL,STRONG_BULL,STRONG_BULL,False,,1.0,0.15,1.15
2026-01-05,7.0,5.0,5.0,4.0,0.0,1.0,21.0,8.0,6.0,6.0,5.0,1.0,25.0,10.0,8.0,7.0,1.0,25.0,,6.0,6.0,,0.48,25.0,96.0,STRONG_BULL,STRONG_BULL,STRONG_BULL,False,,1.0,0.15,1.15
2026-01-06,7.0,5.0,5.0,4.0,0.0,1.0,21.0,8.0,6.0,6.0,5.0,1.0,25.0,10.0,8.0,7.0,1.0,25.0,,6.0,6.0,,0.48,25.0,96.0,STRONG_BULL,STRONG_BULL,STRONG_BULL,False,,1.0,0.15,1.15
2026-01-07,7.0,5.0,5.0,4.0,0.0,1.0,21.0,8.0,6.0,6.0,5.0,1.0,25.0,10.0,8.0,7.0,1.0,25.0,,6.0,6.0,,0.48,25.0,96.0,STRONG_BULL,STRONG_BULL,STRONG_BULL,False,,1.0,0.15,1.15
2026-01-08,7.0,5.0,5.0,4.0,0.0,1.0,21.0,8.0,6.0,6.0,5.0,1.0,25.0,10.0,8.0,7.0,1.0,25.0,,6.0,6.0,,0.48,25.0,96.0,STRONG_BULL,STRONG_BULL,STRONG_BULL,False,,1.0,0.15,1.15
2026-01-09,7.0,5.0,5.0,4.0,0.0,1.0,21.0,8.0,6.0,6.0,5.0,1.0,25.0,10.0,8.0,7.0,1.0,25.0,,6.0,6.0,,0.48,25.0,96.0,STRONG_BULL,STRONG_BULL,STRONG_BULL,False,,1.0,0.15,1.15
2026-01-12,7.0,5.0,5.0,4.0,0.0,1.0,21.0,8.0,6.0,6.0,5.0,1.0,25.0,10.0,8.0,7.0,1.0,25.0,,6.0,6.0,,0.48,25.0,96.0,STRONG_BULL,STRONG_BULL,STRONG_BULL,False,,1.0,0.15,1.15
2026-01-13,7.0,5.0,5.0,4.0,4.0,1.0,25.0,8.0,6.0,6.0,5.0,1.0,25.0,10.0,8.0,7.0,1.0,25.0,,6.0,6.0,,0.48,25.0,100.0,STRONG_BULL,STRONG_BULL,STRONG_BULL,False,,1.0,0.15,1.15
2026-01-14,7.0,5.0,5.0,4.0,0.0,1.0,21.0,8.0,6.0,6.0,5.0,1.0,25.0,5.0,8.0,7.0,1.0,20.0,,6.0,6.0,,0.48,25.0,91.0,STRONG_BULL,STRONG_BULL,STRONG_BULL,False,,1.0,0.15,1.15
2026-01-15,7.0,5.0,5.0,4.0,0.0,1.0,21.0,8.0,6.0,6.0,5.0,1.0,25.0,10.0,8.0,7.0,1.0,25.0,,6.0,6.0,,0.48,25.0,96.0,STRONG_BULL,STRONG_BULL,STRONG_BULL,False,,1.0,0.15,1.15
2026-01-16,7.0,5.0,5.0,4.0,4.0,1.0,25.0,8.0,6.0,6.0,5.0,1.0,25.0,10.0,8.0,7.0,1.0,25.0,,6.0,6.0,,0.48,25.0,100.0,STRONG_BULL,STRONG_BULL,STRONG_BULL,False,,1.0,0.15,1.15
2026-01-19,0.0,0.0,5.0,4.0,0.0,1.0,9.0,,,,,0.0,,5.0,,,0.4,12.5,,,,,0.0,,21.5,RISK_OFF,STRONG_BULL,STRONG_BULL,False,,1.0,0.15,1.15
2026-01-20,7.0,0.0,5.0,4.0,0.0,1.0,16.0,8.0,6.0,,5.0,0.76,25.0,2.0,8.0,,0.72,13.88888888888889,,6.0,6.0,,0.48,25.0,79.88888888888889,BULL,STRONG_BULL,STRONG_BULL,False,,1.0,0.15,1.15
2026-01-21,7.0,5.0,5.0,4.0,0.0,1.0,21.0,8.0,6.0,,5.0,0.76,25.0,5.0,8.0,,0.72,18.055555555555554,,6.0,6.0,,0.48,25.0,89.05555555555556,STRONG_BULL,STRONG_BULL,STRONG_BULL,False,,1.0,0.15,1.15
2026-01-22,7.0,5.0,5.0,4.0,0.0,1.0,21.0,8.0,6.0,,5.0,0.76,25.0,10.0,8.0,,0.72,25.0,,6.0,6.0,,0.48,25.0,96.0,STRONG_BULL,STRONG_BULL,STRONG_BULL,False,,1.0,0.15,1.15
2026-01-23,7.0,5.0,5.0,4.0,0.0,1.0,21.0,8.0,6.0,,5.0,0.76,25.0,10.0,8.0,,0.72,25.0,,6.0,6.0,,0.48,25.0,96.0,STRONG_BULL,STRONG_BULL,STRONG_BULL,False,,1.0,0.15,1.15
2026-01-26,7.0,5.0,5.0,4.0,0.0,1.0,21.0,8.0,6.0,6.0,5.0,1.0,25.0,10.0,8.0,,0.72,25.0,,6.0,6.0,,0.48,25.0,96.0,STRONG_BULL,STRONG_BULL,STRONG_BULL,False,,1.0,0.15,1.15
2026-01-27,7.0,5.0,5.0,4.0,4.0,1.0,25.0,8.0,6.0,6.0,5.0,1.0,25.0,10.0,8.0,,0.72,25.0,,6.0,6.0,,0.48,25.0,100.0,STRONG_BULL,STRONG_BULL,STRONG_BULL,False,,1.0,0.15,1.15
2026-01-28,7.0,5.0,5.0,4.0,4.0,1.0,25.0,8.0,6.0,6.0,5.0,1.0,25.0,10.0,8.0,,0.72,25.0,,6.0,6.0,,0.48,25.0,100.0,STRONG_BULL,STRONG_BULL,STRONG_BULL,False,,1.0,0.15,1.15
2026-01-29,7.0,5.0,5.0,4.0,4.0,1.0,25.0,8.0,6.0,6.0,5.0,1.0,25.0,5.0,8.0,,0.72,18.055555555555554,,6.0,6.0,,0.48,25.0,93.05555555555556,STRONG_BULL,STRONG_BULL,STRONG_BULL,False,,1.0,0.15,1.15
2026-01-30,7.0,5.0,5.0,4.0,4.0,1.0,25.0,8.0,6.0,6.0,5.0,1.0,25.0,5.0,8.0,,0.72,18.055555555555554,,6.0,6.0,,0.48,25.0,93.05555555555556,STRONG_BULL,STRONG_BULL,STRONG_BULL,False,,1.0,0.15,1.15
2026-02-02,7.0,5.0,5.0,4.0,4.0,1.0,25.0,8.0,6.0,6.0,5.0,1.0,25.0,10.0,8.0,,0.72,25.0,,6.0,6.0,,0.48,25.0,100.0,STRONG_BULL,STRONG_BULL,STRONG_BULL,False,,1.0,0.15,1.15
2026-02-03,7.0,5.0,5.0,4.0,0.0,1.0,21.0,8.0,6.0,6.0,5.0,1.0,25.0,5.0,8.0,,0.72,18.055555555555554,,6.0,6.0,,0.48,25.0,89.05555555555556,STRONG_BULL,STRONG_BULL,STRONG_BULL,False,,1.0,0.15,1.15
2026-02-04,7.0,5.0,5.0,4.0,0.0,1.0,21.0,8.0,6.0,6.0,5.0,1.0,25.0,5.0,8.0,,0.72,18.055555555555554,,6.0,6.0,,0.48,25.0,89.05555555555556,STRONG_BULL,STRONG_BULL,STRONG_BULL,False,,1.0,0.15,1.15
2026-02-05,7.0,0.0,5.0,4.0,0.0,1.0,16.0,8.0,6.0,6.0,5.0,1.0,25.0,2.0,4.0,,0.72,8.333333333333332,,6.0,6.0,,0.48,25.0,74.33333333333333,BULL,STRONG_BULL,STRONG_BULL,False,,1.0,0.15,1.15
2026-02-06,7.0,5.0,5.0,4.0,0.0,1.0,21.0,8.0,6.0,6.0,5.0,1.0,25.0,5.0,8.0,,0.72,18.055555555555554,,6.0,6.0,,0.48,25.0,89.05555555555556,STRONG_BULL,STRONG_BULL,STRONG_BULL,False,,1.0,0.15,1.15
2026-02-09,7.0,5.0,5.0,4.0,0.0,1.0,21.0,8.0,6.0,6.0,5.0,1.0,25.0,5.0,8.0,,0.72,18.055555555555554,,6.0,6.0,,0.48,25.0,89.05555555555556,STRONG_BULL,STRONG_BULL,STRONG_BULL,False,,1.0,0.15,1.15
2026-02-10,7.0,5.0,5.0,4.0,0.0,1.0,21.0,8.0,6.0,6.0,5.0,1.0,25.0,5.0,8.0,,0.72,18.055555555555554,,6.0,6.0,,0.48,25.0,89.05555555555556,STRONG_BULL,STRONG_BULL,STRONG_BULL,False,,1.0,0.15,1.15
2026-02-11,7.0,5.0,5.0,4.0,0.0,1.0,21.0,8.0,6.0,6.0,5.0,1.0,25.0,5.0,8.0,,0.72,18.055555555555554,,6.0,6.0,,0.48,25.0,89.05555555555556,STRONG_BULL,STRONG_BULL,STRONG_BULL,False,,1.0,0.15,1.15
2026-02-12,7.0,0.0,5.0,4.0,0.0,1.0,16.0,8.0,6.0,6.0,5.0,1.0,25.0,2.0,8.0,,0.72,13.88888888888889,,6.0,6.0,,0.48,25.0,79.88888888888889,BULL,STRONG_BULL,STRONG_BULL,False,,1.0,0.15,1.15
2026-02-13,7.0,0.0,5.0,4.0,0.0,1.0,16.0,8.0,6.0,6.0,5.0,1.0,25.0,2.0,8.0,,0.72,13.88888888888889,,6.0,6.0,,0.48,25.0,79.88888888888889,BULL,BULL,BULL,False,,0.8,0.12,1.0
2026-02-16,0.0,0.0,5.0,4.0,0.0,1.0,9.0,,,,,0.0,,2.0,,,0.4,5.0,,,,,0.0,,14.0,CRISIS,BULL,BULL,False,,0.8,0.12,1.0
2026-02-17,7.0,0.0,5.0,4.0,0.0,1.0,16.0,8.0,6.0,,5.0,0.76,25.0,2.0,8.0,,0.72,13.88888888888889,,6.0,6.0,,0.48,25.0,79.88888888888889,BULL,BULL,BULL,False,,0.8,0.12,1.0
2026-02-18,7.0,5.0,5.0,4.0,0.0,1.0,21.0,8.0,6.0,,5.0,0.76,25.0,5.0,8.0,,0.72,18.055555555555554,,0.0,6.0,,0.48,12.5,76.55555555555556,BULL,BULL,BULL,False,,0.8,0.12,1.0
2026-02-19,7.0,0.0,5.0,4.0,0.0,1.0,16.0,8.0,6.0,,5.0,0.76,25.0,2.0,8.0,,0.72,13.88888888888889,,0.0,6.0,,0.48,12.5,67.38888888888889,BULL,BULL,BULL,False,,0.8,0.12,1.0
2026-02-20,7.0,5.0,5.0,4.0,0.0,1.0,21.0,8.0,6.0,,5.0,0.76,25.0,5.0,8.0,,0.72,18.055555555555554,,6.0,6.0,,0.48,25.0,89.05555555555556,STRONG_BULL,BULL,BULL,False,,0.8,0.12,1.0
2026-02-23,7.0,0.0,5.0,4.0,0.0,1.0,16.0,8.0,,6.0,5.0,0.76,25.0,2.0,4.0,,0.72,8.333333333333332,,6.0,6.0,,0.48,25.0,74.33333333333333,BULL,BULL,BULL,False,,0.8,0.12,1.0
2026-02-24,7.0,5.0,5.0,4.0,0.0,1.0,21.0,8.0,6.0,6.0,5.0,1.0,25.0,2.0,8.0,,0.72,13.88888888888889,,6.0,6.0,,0.48,25.0,84.88888888888889,STRONG_BULL,BULL,BULL,False,,0.8,0.12,1.0
2026-02-25,7.0,5.0,5.0,4.0,0.0,1.0,21.0,8.0,6.0,6.0,5.0,1.0,25.0,5.0,8.0,,0.72,18.055555555555554,,6.0,6.0,,0.48,25.0,89.05555555555556,STRONG_BULL,STRONG_BULL,STRONG_BULL,False,,1.0,0.15,1.15
2026-02-26,7.0,5.0,5.0,4.0,0.0,1.0,21.0,8.0,6.0,6.0,5.0,1.0,25.0,5.0,8.0,,0.72,18.055555555555554,,6.0,6.0,,0.48,25.0,89.05555555555556,STRONG_BULL,STRONG_BULL,STRONG_BULL,False,,1.0,0.15,1.15
2026-02-27,7.0,5.0,5.0,4.0,0.0,1.0,21.0,8.0,6.0,6.0,5.0,1.0,25.0,2.0,8.0,,0.72,13.88888888888889,,6.0,6.0,,0.48,25.0,84.88888888888889,STRONG_BULL,STRONG_BULL,STRONG_BULL,False,,1.0,0.15,1.15
2026-03-02,7.0,5.0,5.0,4.0,0.0,1.0,21.0,8.0,6.0,6.0,5.0,1.0,25.0,2.0,8.0,,0.72,13.88888888888889,,6.0,6.0,,0.48,25.0,84.88888888888889,STRONG_BULL,STRONG_BULL,STRONG_BULL,False,,1.0,0.15,1.15
2026-03-03,7.0,0.0,5.0,4.0,0.0,1.0,16.0,8.0,6.0,6.0,5.0,1.0,25.0,2.0,0.0,,0.72,2.7777777777777777,,6.0,6.0,,0.48,25.0,68.77777777777777,BULL,STRONG_BULL,STRONG_BULL,False,,1.0,0.15,1.15
2026-03-04,7.0,0.0,5.0,4.0,4.0,1.0,20.0,8.0,6.0,6.0,5.0,1.0,25.0,2.0,8.0,,0.72,13.88888888888889,,6.0,6.0,,0.48,25.0,83.88888888888889,STRONG_BULL,STRONG_BULL,STRONG_BULL,False,,1.0,0.15,1.15
2026-03-05,7.0,0.0,5.0,4.0,4.0,1.0,20.0,8.0,6.0,6.0,5.0,1.0,25.0,0.0,4.0,,0.72,5.555555555555555,,6.0,6.0,,0.48,25.0,75.55555555555556,BULL,STRONG_BULL,STRONG_BULL,False,,1.0,0.15,1.15
2026-03-06,7.0,0.0,5.0,4.0,4.0,1.0,20.0,8.0,6.0,6.0,5.0,1.0,25.0,0.0,0.0,,0.72,0.0,,0.0,6.0,,0.48,12.5,57.5,NEUTRAL,STRONG_BULL,CRISIS,True,TERM_BACKWARDATION,0.0,0.0,0.0
2026-03-09,7.0,0.0,5.0,0.0,4.0,1.0,16.0,8.0,6.0,6.0,5.0,1.0,25.0,0.0,0.0,,0.72,0.0,,0.0,6.0,,0.48,12.5,53.5,NEUTRAL,NEUTRAL,NEUTRAL,False,,0.5,0.08,0.7
2026-03-10,7.0,0.0,5.0,0.0,4.0,1.0,16.0,4.0,6.0,6.0,0.0,1.0,16.0,0.0,0.0,,0.72,0.0,,0.0,6.0,,0.48,12.5,44.5,CAUTION,NEUTRAL,NEUTRAL,False,,0.5,0.08,0.7
2026-03-11,7.0,0.0,5.0,0.0,4.0,1.0,16.0,4.0,6.0,0.0,0.0,1.0,10.0,2.0,4.0,,0.72,8.333333333333332,,0.0,6.0,,0.48,12.5,46.83333333333333,NEUTRAL,NEUTRAL,NEUTRAL,False,,0.5,0.08,0.7
2026-03-12,7.0,0.0,5.0,0.0,4.0,1.0,16.0,4.0,6.0,0.0,0.0,1.0,10.0,0.0,0.0,,0.72,0.0,,0.0,6.0,,0.48,12.5,38.5,CAUTION,NEUTRAL,NEUTRAL,False,,0.5,0.08,0.7
2026-03-13,7.0,0.0,5.0,0.0,4.0,1.0,16.0,4.0,6.0,0.0,0.0,1.0,10.0,0.0,0.0,,0.72,0.0,,0.0,6.0,,0.48,12.5,38.5,CAUTION,CAUTION,CAUTION,False,,0.25,0.05,0.4
2026-03-16,7.0,0.0,5.0,0.0,0.0,1.0,12.0,,6.0,,,0.24,25.0,2.0,4.0,,0.72,8.333333333333332,,,,,0.0,,45.33333333333333,NEUTRAL,CAUTION,CAUTION,False,,0.25,0.05,0.4
2026-03-17,7.0,0.0,5.0,0.0,4.0,1.0,16.0,4.0,6.0,,0.0,0.76,13.157894736842104,2.0,8.0,7.0,1.0,17.0,,0.0,6.0,,0.48,12.5,58.6578947368421,NEUTRAL,NEUTRAL,NEUTRAL,False,,0.5,0.08,0.7
2026-03-18,7.0,0.0,5.0,0.0,4.0,1.0,16.0,4.0,6.0,,0.0,0.76,13.157894736842104,0.0,4.0,7.0,1.0,11.0,,0.0,6.0,,0.48,12.5,52.6578947368421,NEUTRAL,NEUTRAL,NEUTRAL,False,,0.5,0.08,0.7
2026-03-19,7.0,0.0,5.0,0.0,4.0,1.0,16.0,4.0,6.0,,0.0,0.76,13.157894736842104,2.0,8.0,7.0,1.0,17.0,,0.0,6.0,,0.48,12.5,58.6578947368421,NEUTRAL,NEUTRAL,NEUTRAL,False,,0.5,0.08,0.7
2026-03-20,0.0,0.0,5.0,0.0,4.0,1.0,9.0,4.0,6.0,,0.0,0.76,13.157894736842104,0.0,4.0,7.0,1.0,11.0,,0.0,0.0,,0.48,0.0,33.1578947368421,CAUTION,NEUTRAL,NEUTRAL,False,,0.5,0.08,0.7
2026-03-23,7.0,0.0,5.0,0.0,4.0,1.0,16.0,4.0,6.0,0.0,0.0,1.0,10.0,0.0,0.0,7.0,1.0,7.000000000000001,,0.0,0.0,,0.48,0.0,33.0,CAUTION,CAUTION,CAUTION,False,,0.25,0.05,0.4
2026-03-24,0.0,0.0,5.0,0.0,4.0,1.0,9.0,4.0,6.0,0.0,0.0,1.0,10.0,0.0,0.0,7.0,1.0,7.000000000000001,,6.0,0.0,,0.48,12.5,38.5,CAUTION,CAUTION,CAUTION,False,,0.25,0.05,0.4
2026-03-25,7.0,0.0,5.0,0.0,4.0,1.0,16.0,8.0,6.0,0.0,5.0,1.0,19.0,0.0,4.0,7.0,1.0,11.0,,6.0,6.0,,0.48,25.0,71.0,BULL,CAUTION,CAUTION,False,,0.25,0.05,0.4
2026-03-26,0.0,0.0,5.0,0.0,4.0,1.0,9.0,4.0,6.0,0.0,0.0,1.0,10.0,0.0,4.0,7.0,1.0,11.0,,6.0,0.0,,0.48,12.5,42.5,CAUTION,CAUTION,CAUTION,False,,0.25,0.05,0.4
2026-03-27,0.0,0.0,5.0,0.0,4.0,1.0,9.0,4.0,6.0,0.0,0.0,1.0,10.0,0.0,0.0,7.0,1.0,7.000000000000001,,6.0,0.0,,0.48,12.5,38.5,CAUTION,CAUTION,CRISIS,True,VIX_PCTL_EXTREME,0.0,0.0,0.0
2026-03-30,0.0,0.0,5.0,0.0,0.0,1.0,5.0,4.0,6.0,0.0,0.0,1.0,10.0,0.0,0.0,7.0,1.0,7.000000000000001,,0.0,6.0,,0.48,12.5,34.5,CAUTION,CAUTION,CRISIS,True,VIX_PCTL_EXTREME,0.0,0.0,0.0
2026-03-31,0.0,0.0,5.0,0.0,4.0,1.0,9.0,4.0,6.0,0.0,0.0,1.0,10.0,0.0,8.0,3.0,1.0,11.0,,6.0,6.0,,0.48,25.0,55.0,NEUTRAL,CAUTION,CAUTION,False,,0.25,0.05,0.4
2026-04-01,7.0,0.0,5.0,0.0,0.0,1.0,12.0,4.0,6.0,0.0,0.0,1.0,10.0,2.0,8.0,3.0,1.0,13.0,,6.0,6.0,,0.48,25.0,60.0,NEUTRAL,NEUTRAL,NEUTRAL,False,,0.5,0.08,0.7
2026-04-02,7.0,0.0,5.0,0.0,0.0,1.0,12.0,8.0,6.0,0.0,5.0,1.0,19.0,2.0,8.0,3.0,1.0,13.0,,6.0,6.0,,0.48,25.0,69.0,BULL,NEUTRAL,NEUTRAL,False,,0.5,0.08,0.7
2026-04-06,7.0,0.0,5.0,0.0,0.0,1.0,12.0,8.0,6.0,0.0,5.0,1.0,19.0,2.0,4.0,3.0,1.0,9.0,,6.0,6.0,,0.48,25.0,65.0,BULL,BULL,BULL,False,,0.8,0.12,1.0
2026-04-07,7.0,0.0,5.0,0.0,0.0,1.0,12.0,8.0,6.0,0.0,5.0,1.0,19.0,0.0,0.0,7.0,1.0,7.000000000000001,,6.0,6.0,,0.48,25.0,63.0,NEUTRAL,BULL,BULL,False,,0.8,0.12,1.0
2026-04-08,7.0,5.0,5.0,0.0,0.0,1.0,17.0,8.0,6.0,6.0,5.0,1.0,25.0,2.0,8.0,3.0,1.0,13.0,,6.0,6.0,,0.48,25.0,80.0,STRONG_BULL,BULL,BULL,False,,0.8,0.12,1.0
2026-04-09,7.0,5.0,5.0,0.0,0.0,1.0,17.0,8.0,6.0,6.0,5.0,1.0,25.0,5.0,8.0,3.0,1.0,16.0,,6.0,6.0,,0.48,25.0,83.0,STRONG_BULL,STRONG_BULL,STRONG_BULL,False,,1.0,0.15,1.15
2026-04-10,7.0,5.0,5.0,0.0,4.0,1.0,21.0,4.0,6.0,6.0,0.0,1.0,16.0,5.0,8.0,3.0,1.0,16.0,,6.0,6.0,,0.48,25.0,78.0,BULL,STRONG_BULL,STRONG_BULL,False,,1.0,0.15,1.15
2026-04-13,7.0,5.0,5.0,0.0,4.0,1.0,21.0,4.0,6.0,6.0,0.0,1.0,16.0,5.0,8.0,3.0,1.0,16.0,,6.0,6.0,,0.48,25.0,78.0,BULL,BULL,BULL,False,,0.8,0.12,1.0
2026-04-14,7.0,5.0,5.0,0.0,4.0,1.0,21.0,4.0,,0.0,0.0,0.76,5.263157894736842,5.0,8.0,3.0,1.0,16.0,,6.0,6.0,,0.48,25.0,67.26315789473685,BULL,BULL,BULL,False,,0.8,0.12,1.0
2026-04-15,7.0,5.0,5.0,0.0,4.0,1.0,21.0,4.0,3.0,0.0,0.0,1.0,7.000000000000001,5.0,8.0,3.0,1.0,16.0,,6.0,6.0,,0.48,25.0,69.0,BULL,BULL,BULL,False,,0.8,0.12,1.0
2026-04-16,7.0,5.0,5.0,0.0,4.0,1.0,21.0,4.0,3.0,0.0,0.0,1.0,7.000000000000001,5.0,8.0,3.0,1.0,16.0,,6.0,6.0,,0.48,25.0,69.0,BULL,BULL,BULL,False,,0.8,0.12,1.0
2026-04-17,7.0,5.0,5.0,0.0,4.0,1.0,21.0,4.0,3.0,0.0,0.0,1.0,7.000000000000001,5.0,8.0,3.0,1.0,16.0,,6.0,6.0,,0.48,25.0,69.0,BULL,BULL,BULL,False,,0.8,0.12,1.0
2026-04-20,7.0,5.0,5.0,0.0,4.0,1.0,21.0,4.0,3.0,0.0,0.0,1.0,7.000000000000001,5.0,8.0,7.0,1.0,20.0,,6.0,6.0,,0.48,25.0,73.0,BULL,BULL,BULL,False,,0.8,0.12,1.0
2026-04-21,7.0,5.0,5.0,4.0,4.0,1.0,25.0,4.0,6.0,0.0,0.0,1.0,10.0,2.0,8.0,3.0,1.0,13.0,,6.0,6.0,,0.48,25.0,73.0,BULL,BULL,BULL,False,,0.8,0.12,1.0
2026-04-22,7.0,5.0,5.0,4.0,4.0,1.0,25.0,4.0,3.0,0.0,0.0,1.0,7.000000000000001,5.0,8.0,3.0,1.0,16.0,,6.0,6.0,,0.48,25.0,73.0,BULL,BULL,BULL,False,,0.8,0.12,1.0
2026-04-23,7.0,5.0,5.0,4.0,4.0,1.0,25.0,4.0,6.0,0.0,0.0,1.0,10.0,2.0,8.0,3.0,1.0,13.0,,6.0,6.0,,0.48,25.0,73.0,BULL,BULL,BULL,False,,0.8,0.12,1.0
2026-04-24,7.0,5.0,5.0,4.0,4.0,1.0,25.0,4.0,3.0,0.0,0.0,1.0,7.000000000000001,5.0,8.0,7.0,1.0,20.0,,6.0,6.0,,0.48,25.0,77.0,BULL,BULL,BULL,False,,0.8,0.12,1.0
2026-04-27,7.0,5.0,5.0,4.0,4.0,1.0,25.0,0.0,3.0,0.0,0.0,1.0,3.0,5.0,8.0,7.0,1.0,20.0,,6.0,6.0,,0.48,25.0,73.0,BULL,BULL,BULL,False,,0.8,0.12,1.0
2026-04-28,7.0,5.0,5.0,4.0,4.0,1.0,25.0,0.0,3.0,0.0,0.0,1.0,3.0,5.0,8.0,7.0,1.0,20.0,9.0,6.0,6.0,4.0,1.0,25.0,73.0,BULL,BULL,BULL,False,,0.8,0.12,1.0
2026-04-29,7.0,5.0,5.0,4.0,4.0,1.0,25.0,4.0,3.0,0.0,0.0,1.0,7.000000000000001,5.0,8.0,7.0,1.0,20.0,9.0,6.0,6.0,0.0,1.0,21.0,73.0,BULL,BULL,BULL,False,,0.8,0.12,1.0
2026-04-30,7.0,5.0,5.0,4.0,4.0,1.0,25.0,4.0,3.0,0.0,0.0,1.0,7.000000000000001,5.0,8.0,7.0,1.0,20.0,9.0,6.0,6.0,4.0,1.0,25.0,77.0,BULL,BULL,BULL,False,,0.8,0.12,1.0
2026-05-01,7.0,5.0,5.0,4.0,4.0,1.0,25.0,4.0,3.0,0.0,0.0,1.0,7.000000000000001,5.0,8.0,7.0,1.0,20.0,9.0,6.0,6.0,4.0,1.0,25.0,77.0,BULL,BULL,BULL,False,,0.8,0.12,1.0
2026-05-04,7.0,5.0,5.0,4.0,4.0,1.0,25.0,4.0,3.0,0.0,0.0,1.0,7.000000000000001,5.0,8.0,7.0,1.0,20.0,9.0,6.0,6.0,4.0,1.0,25.0,77.0,BULL,BULL,BULL,False,,0.8,0.12,1.0
2026-05-05,7.0,5.0,5.0,4.0,4.0,1.0,25.0,4.0,3.0,0.0,0.0,1.0,7.000000000000001,5.0,8.0,7.0,1.0,20.0,9.0,6.0,6.0,4.0,1.0,25.0,77.0,BULL,BULL,BULL,False,,0.8,0.12,1.0
2026-05-06,7.0,5.0,5.0,4.0,4.0,1.0,25.0,4.0,3.0,0.0,0.0,1.0,7.000000000000001,5.0,8.0,7.0,1.0,20.0,9.0,6.0,6.0,4.0,1.0,25.0,77.0,BULL,BULL,BULL,False,,0.8,0.12,1.0
2026-05-07,7.0,5.0,5.0,4.0,4.0,1.0,25.0,4.0,3.0,0.0,0.0,1.0,7.000000000000001,5.0,8.0,7.0,1.0,20.0,9.0,6.0,6.0,4.0,1.0,25.0,77.0,BULL,BULL,BULL,False,,0.8,0.12,1.0
2026-05-08,7.0,5.0,5.0,4.0,4.0,1.0,25.0,4.0,3.0,0.0,0.0,1.0,7.000000000000001,5.0,8.0,7.0,1.0,20.0,9.0,6.0,6.0,4.0,1.0,25.0,77.0,BULL,BULL,BULL,False,,0.8,0.12,1.0
2026-05-11,7.0,5.0,5.0,4.0,4.0,1.0,25.0,4.0,3.0,0.0,0.0,1.0,7.000000000000001,5.0,8.0,7.0,1.0,20.0,9.0,6.0,6.0,4.0,1.0,25.0,77.0,BULL,BULL,BULL,False,,0.8,0.12,1.0
2026-05-12,7.0,5.0,5.0,4.0,4.0,1.0,25.0,4.0,,0.0,0.0,0.76,5.263157894736842,5.0,8.0,7.0,1.0,20.0,9.0,0.0,6.0,4.0,1.0,19.0,69.26315789473685,BULL,BULL,BULL,False,,0.8,0.12,1.0
2026-05-13,7.0,5.0,5.0,4.0,4.0,1.0,25.0,4.0,3.0,0.0,0.0,1.0,7.000000000000001,5.0,8.0,7.0,1.0,20.0,9.0,0.0,6.0,4.0,1.0,19.0,71.0,BULL,BULL,BULL,False,,0.8,0.12,1.0
2026-05-14,7.0,5.0,5.0,4.0,4.0,1.0,25.0,4.0,0.0,0.0,0.0,1.0,4.0,5.0,8.0,7.0,1.0,20.0,9.0,0.0,6.0,4.0,1.0,19.0,68.0,BULL,BULL,BULL,False,,0.8,0.12,1.0
2026-05-15,7.0,5.0,5.0,4.0,4.0,1.0,25.0,4.0,3.0,0.0,0.0,1.0,7.000000000000001,5.0,8.0,7.0,1.0,20.0,9.0,0.0,0.0,0.0,1.0,9.0,61.0,NEUTRAL,BULL,BULL,False,,0.8,0.12,1.0
2026-05-18,7.0,5.0,5.0,4.0,4.0,1.0,25.0,4.0,3.0,0.0,0.0,1.0,7.000000000000001,5.0,8.0,7.0,1.0,20.0,9.0,0.0,0.0,0.0,1.0,9.0,61.0,NEUTRAL,NEUTRAL,NEUTRAL,False,,0.5,0.08,0.7
2026-05-19,7.0,5.0,5.0,4.0,4.0,1.0,25.0,4.0,3.0,0.0,0.0,1.0,7.000000000000001,5.0,8.0,7.0,1.0,20.0,9.0,0.0,0.0,0.0,1.0,9.0,61.0,NEUTRAL,NEUTRAL,NEUTRAL,False,,0.5,0.08,0.7
2026-05-20,7.0,5.0,5.0,4.0,4.0,1.0,25.0,4.0,3.0,0.0,0.0,1.0,7.000000000000001,5.0,8.0,7.0,1.0,20.0,9.0,0.0,6.0,0.0,1.0,15.0,67.0,BULL,NEUTRAL,NEUTRAL,False,,0.5,0.08,0.7
2026-05-21,7.0,5.0,5.0,4.0,4.0,1.0,25.0,4.0,3.0,0.0,0.0,1.0,7.000000000000001,5.0,8.0,7.0,1.0,20.0,9.0,0.0,6.0,0.0,1.0,15.0,67.0,BULL,BULL,BULL,False,,0.8,0.12,1.0
2026-05-22,7.0,5.0,5.0,4.0,4.0,1.0,25.0,4.0,3.0,0.0,0.0,1.0,7.000000000000001,10.0,8.0,7.0,1.0,25.0,9.0,0.0,6.0,0.0,1.0,15.0,72.0,BULL,BULL,BULL,False,,0.8,0.12,1.0
2026-05-25,0.0,0.0,5.0,4.0,0.0,1.0,9.0,,,,,0.0,,10.0,,,0.4,25.0,,,,,0.0,,34.0,CAUTION,BULL,BULL,False,,0.8,0.12,1.0
2026-05-26,7.0,5.0,5.0,4.0,4.0,1.0,25.0,4.0,3.0,,0.0,0.76,9.210526315789473,5.0,8.0,,0.72,18.055555555555554,,6.0,6.0,,0.48,25.0,77.26608187134502,BULL,BULL,BULL,False,,0.8,0.12,1.0
2026-05-27,7.0,5.0,5.0,4.0,4.0,1.0,25.0,4.0,3.0,,0.0,0.76,9.210526315789473,10.0,8.0,,0.72,25.0,,6.0,6.0,,0.48,25.0,84.21052631578948,BULL,BULL,BULL,False,,0.8,0.12,1.0
2026-05-28,7.0,5.0,5.0,4.0,4.0,1.0,25.0,4.0,3.0,,0.0,0.76,9.210526315789473,10.0,8.0,,0.72,25.0,,6.0,6.0,,0.48,25.0,84.21052631578948,BULL,BULL,BULL,False,,0.8,0.12,1.0
2026-05-29,7.0,5.0,5.0,4.0,4.0,1.0,25.0,4.0,3.0,,0.0,0.76,9.210526315789473,10.0,8.0,,0.72,25.0,,6.0,6.0,,0.48,25.0,84.21052631578948,BULL,BULL,BULL,False,,0.8,0.12,1.0
2026-06-01,7.0,5.0,5.0,4.0,4.0,1.0,25.0,4.0,3.0,0.0,0.0,1.0,7.000000000000001,10.0,8.0,,0.72,25.0,,0.0,6.0,,0.48,12.5,69.5,BULL,BULL,BULL,False,,0.8,0.12,1.0
2026-06-02,7.0,5.0,5.0,4.0,4.0,1.0,25.0,4.0,3.0,0.0,0.0,1.0,7.000000000000001,10.0,8.0,,0.72,25.0,,0.0,6.0,,0.48,12.5,69.5,BULL,BULL,BULL,False,,0.8,0.12,1.0
2026-06-03,7.0,5.0,5.0,4.0,4.0,1.0,25.0,4.0,3.0,0.0,0.0,1.0,7.000000000000001,10.0,8.0,,0.72,25.0,,0.0,6.0,,0.48,12.5,69.5,BULL,BULL,BULL,False,,0.8,0.12,1.0
2026-06-04,7.0,5.0,5.0,4.0,4.0,1.0,25.0,8.0,3.0,0.0,5.0,1.0,16.0,10.0,8.0,,0.72,25.0,,6.0,6.0,,0.48,25.0,91.0,BULL,BULL,BULL,False,,0.8,0.12,1.0
2026-06-05,7.0,5.0,5.0,4.0,0.0,1.0,21.0,8.0,3.0,0.0,5.0,1.0,16.0,2.0,0.0,,0.72,2.7777777777777777,,6.0,6.0,,0.48,25.0,64.77777777777777,NEUTRAL,BULL,BULL,False,,0.8,0.12,1.0
2026-06-08,7.0,5.0,5.0,4.0,4.0,1.0,25.0,8.0,3.0,6.0,5.0,1.0,22.0,2.0,8.0,,0.72,13.88888888888889,,6.0,6.0,,0.48,25.0,85.88888888888889,STRONG_BULL,BULL,BULL,False,,0.8,0.12,1.0
2026-06-09,7.0,5.0,5.0,4.0,4.0,1.0,25.0,8.0,3.0,6.0,5.0,1.0,22.0,2.0,0.0,,0.72,2.7777777777777777,,6.0,6.0,,0.48,25.0,74.77777777777777,BULL,BULL,BULL,False,,0.8,0.12,1.0
2026-06-10,7.0,5.0,5.0,4.0,0.0,1.0,21.0,8.0,3.0,6.0,5.0,1.0,22.0,2.0,0.0,,0.72,2.7777777777777777,,6.0,6.0,,0.48,25.0,70.77777777777777,BULL,BULL,CRISIS,True,TERM_BACKWARDATION,0.0,0.0,0.0
2026-06-11,7.0,5.0,5.0,4.0,4.0,1.0,25.0,8.0,3.0,6.0,5.0,1.0,22.0,2.0,4.0,,0.72,8.333333333333332,,6.0,6.0,,0.48,25.0,80.33333333333333,STRONG_BULL,BULL,BULL,False,,0.8,0.12,1.0
2026-06-12,7.0,5.0,5.0,4.0,4.0,1.0,25.0,8.0,3.0,6.0,5.0,1.0,22.0,5.0,8.0,,0.72,18.055555555555554,,6.0,6.0,,0.48,25.0,90.05555555555556,STRONG_BULL,STRONG_BULL,STRONG_BULL,False,,1.0,0.15,1.15
2026-06-15,7.0,5.0,5.0,4.0,4.0,1.0,25.0,8.0,3.0,6.0,5.0,1.0,22.0,10.0,8.0,,0.72,25.0,,6.0,6.0,,0.48,25.0,97.0,STRONG_BULL,STRONG_BULL,STRONG_BULL,False,,1.0,0.15,1.15
2026-06-16,7.0,5.0,5.0,4.0,4.0,1.0,25.0,8.0,3.0,6.0,5.0,1.0,22.0,10.0,8.0,,0.72,25.0,,6.0,6.0,,0.48,25.0,97.0,STRONG_BULL,STRONG_BULL,STRONG_BULL,False,,1.0,0.15,1.15
2026-06-17,7.0,5.0,5.0,4.0,4.0,1.0,25.0,8.0,3.0,6.0,5.0,1.0,22.0,5.0,8.0,,0.72,18.055555555555554,,6.0,6.0,,0.48,25.0,90.05555555555556,STRONG_BULL,STRONG_BULL,STRONG_BULL,False,,1.0,0.15,1.15
2026-06-18,7.0,5.0,5.0,4.0,4.0,1.0,25.0,8.0,3.0,6.0,5.0,1.0,22.0,10.0,8.0,,0.72,25.0,,6.0,6.0,,0.48,25.0,97.0,STRONG_BULL,STRONG_BULL,STRONG_BULL,False,,1.0,0.15,1.15
2026-06-19,0.0,0.0,5.0,4.0,0.0,1.0,9.0,,,,,0.0,,5.0,,,0.4,12.5,,,,,0.0,,21.5,RISK_OFF,STRONG_BULL,STRONG_BULL,False,,1.0,0.15,1.15
2026-06-22,7.0,5.0,5.0,4.0,0.0,1.0,21.0,,3.0,,,0.24,12.5,5.0,8.0,,0.72,18.055555555555554,,,,,0.0,,51.55555555555556,NEUTRAL,STRONG_BULL,STRONG_BULL,False,,1.0,0.15,1.15
2026-06-23,7.0,5.0,5.0,4.0,0.0,1.0,21.0,8.0,3.0,,5.0,0.76,21.052631578947366,2.0,8.0,,0.72,13.88888888888889,,6.0,6.0,,0.48,25.0,80.94152046783626,STRONG_BULL,STRONG_BULL,STRONG_BULL,False,,1.0,0.15,1.15
2026-06-24,7.0,5.0,5.0,4.0,0.0,1.0,21.0,8.0,3.0,,5.0,0.76,21.052631578947366,2.0,8.0,,0.72,13.88888888888889,,6.0,6.0,,0.48,25.0,80.94152046783626,STRONG_BULL,STRONG_BULL,STRONG_BULL,False,,1.0,0.15,1.15
2026-06-25,7.0,5.0,5.0,4.0,0.0,1.0,21.0,8.0,3.0,,5.0,0.76,21.052631578947366,2.0,8.0,,0.72,13.88888888888889,,6.0,6.0,,0.48,25.0,80.94152046783626,STRONG_BULL,STRONG_BULL,STRONG_BULL,False,,1.0,0.15,1.15
2026-06-26,7.0,5.0,5.0,4.0,0.0,1.0,21.0,8.0,3.0,,5.0,0.76,21.052631578947366,5.0,8.0,,0.72,18.055555555555554,,6.0,6.0,,0.48,25.0,85.10818713450293,STRONG_BULL,STRONG_BULL,STRONG_BULL,False,,1.0,0.15,1.15
2026-06-29,7.0,5.0,5.0,4.0,0.0,1.0,21.0,8.0,3.0,6.0,5.0,1.0,22.0,5.0,8.0,,0.72,18.055555555555554,,6.0,6.0,,0.48,25.0,86.05555555555556,STRONG_BULL,STRONG_BULL,STRONG_BULL,False,,1.0,0.15,1.15
2026-06-30,7.0,5.0,5.0,4.0,4.0,1.0,25.0,8.0,3.0,6.0,5.0,1.0,22.0,10.0,8.0,,0.72,25.0,,6.0,6.0,,0.48,25.0,97.0,STRONG_BULL,STRONG_BULL,STRONG_BULL,False,,1.0,0.15,1.15
2026-07-01,7.0,5.0,5.0,4.0,0.0,1.0,21.0,8.0,3.0,6.0,5.0,1.0,22.0,10.0,8.0,,0.72,25.0,,6.0,6.0,,0.48,25.0,93.0,STRONG_BULL,STRONG_BULL,STRONG_BULL,False,,1.0,0.15,1.15
2026-07-02,7.0,5.0,5.0,4.0,0.0,1.0,21.0,8.0,3.0,6.0,5.0,1.0,22.0,10.0,8.0,,0.72,25.0,,6.0,6.0,,0.48,25.0,93.0,STRONG_BULL,STRONG_BULL,STRONG_BULL,False,,1.0,0.15,1.15
2026-07-03,0.0,0.0,5.0,4.0,0.0,1.0,9.0,,,,,0.0,,10.0,,,0.4,25.0,,,,,0.0,,34.0,CAUTION,STRONG_BULL,STRONG_BULL,False,,1.0,0.15,1.15
2026-07-06,7.0,5.0,5.0,4.0,0.0,1.0,21.0,8.0,3.0,,5.0,0.76,21.052631578947366,10.0,8.0,,0.72,25.0,,6.0,6.0,,0.48,25.0,92.05263157894737,STRONG_BULL,STRONG_BULL,STRONG_BULL,False,,1.0,0.15,1.15
2026-07-07,7.0,5.0,5.0,4.0,0.0,1.0,21.0,8.0,6.0,,5.0,0.76,25.0,10.0,8.0,,0.72,25.0,,6.0,6.0,,0.48,25.0,96.0,STRONG_BULL,STRONG_BULL,STRONG_BULL,False,,1.0,0.15,1.15
2026-07-08,7.0,5.0,5.0,4.0,0.0,1.0,21.0,8.0,3.0,,5.0,0.76,21.052631578947366,5.0,8.0,,0.72,18.055555555555554,,6.0,6.0,,0.48,25.0,85.10818713450293,STRONG_BULL,STRONG_BULL,STRONG_BULL,False,,1.0,0.15,1.15
2026-07-09,7.0,5.0,5.0,4.0,0.0,1.0,21.0,8.0,3.0,,5.0,0.76,21.052631578947366,10.0,8.0,,0.72,25.0,,6.0,6.0,,0.48,25.0,92.05263157894737,STRONG_BULL,STRONG_BULL,STRONG_BULL,False,,1.0,0.15,1.15
2026-07-10,7.0,5.0,5.0,4.0,0.0,1.0,21.0,4.0,3.0,6.0,0.0,1.0,13.0,10.0,8.0,,0.72,25.0,,6.0,6.0,,0.48,25.0,84.0,BULL,STRONG_BULL,STRONG_BULL,False,,1.0,0.15,1.15
2026-07-13,7.0,5.0,5.0,4.0,0.0,1.0,21.0,8.0,3.0,6.0,5.0,1.0,22.0,5.0,8.0,,0.72,18.055555555555554,,6.0,6.0,,0.48,25.0,86.05555555555556,STRONG_BULL,STRONG_BULL,STRONG_BULL,False,,1.0,0.15,1.15
2026-07-14,7.0,5.0,5.0,4.0,0.0,1.0,21.0,8.0,3.0,6.0,5.0,1.0,22.0,10.0,8.0,,0.72,25.0,,6.0,6.0,,0.48,25.0,93.0,STRONG_BULL,STRONG_BULL,STRONG_BULL,False,,1.0,0.15,1.15
2026-07-15,7.0,5.0,5.0,4.0,0.0,1.0,21.0,8.0,3.0,6.0,5.0,1.0,22.0,10.0,8.0,,0.72,25.0,,6.0,6.0,,0.48,25.0,93.0,STRONG_BULL,STRONG_BULL,STRONG_BULL,False,,1.0,0.15,1.15
2026-07-16,7.0,5.0,5.0,4.0,0.0,1.0,21.0,8.0,6.0,6.0,5.0,1.0,25.0,5.0,8.0,,0.72,18.055555555555554,,6.0,6.0,,0.48,25.0,89.05555555555556,STRONG_BULL,STRONG_BULL,STRONG_BULL,False,,1.0,0.15,1.15
2026-07-17,7.0,5.0,5.0,4.0,0.0,1.0,21.0,,6.0,,,0.24,25.0,2.0,8.0,,0.72,13.88888888888889,,,,,0.0,,59.888888888888886,NEUTRAL,STRONG_BULL,STRONG_BULL,False,,1.0,0.15,1.15
2026-07-20,7.0,5.0,5.0,4.0,0.0,1.0,21.0,8.0,6.0,,5.0,0.76,25.0,2.0,8.0,,0.72,13.88888888888889,,0.0,6.0,,0.48,12.5,72.38888888888889,BULL,STRONG_BULL,STRONG_BULL,False,,1.0,0.15,1.15
2026-07-21,7.0,5.0,5.0,4.0,0.0,1.0,21.0,4.0,6.0,,0.0,0.76,13.157894736842104,5.0,8.0,,0.72,18.055555555555554,,0.0,6.0,,0.48,12.5,64.71345029239765,NEUTRAL,STRONG_BULL,STRONG_BULL,False,,1.0,0.15,1.15
2026-07-22,7.0,5.0,5.0,4.0,0.0,1.0,21.0,4.0,6.0,,0.0,0.76,13.157894736842104,10.0,8.0,,0.72,25.0,,0.0,6.0,,0.48,12.5,71.65789473684211,BULL,STRONG_BULL,STRONG_BULL,False,,1.0,0.15,1.15
2026-07-23,7.0,5.0,5.0,4.0,0.0,1.0,21.0,4.0,6.0,,0.0,0.76,13.157894736842104,2.0,8.0,,0.72,13.88888888888889,,0.0,0.0,,0.48,0.0,48.046783625730995,NEUTRAL,STRONG_BULL,STRONG_BULL,False,,1.0,0.15,1.15
2026-07-24,7.0,5.0,5.0,4.0,0.0,1.0,21.0,8.0,6.0,6.0,5.0,1.0,25.0,5.0,8.0,,0.72,18.055555555555554,,0.0,0.0,,0.48,0.0,64.05555555555556,NEUTRAL,NEUTRAL,NEUTRAL,False,,0.5,0.08,0.7
2026-07-27,7.0,5.0,5.0,4.0,0.0,1.0,21.0,8.0,6.0,6.0,5.0,1.0,25.0,2.0,8.0,,0.72,13.88888888888889,,0.0,6.0,,0.48,12.5,72.38888888888889,BULL,NEUTRAL,NEUTRAL,False,,0.5,0.08,0.7
2026-07-28,7.0,5.0,5.0,4.0,0.0,1.0,21.0,8.0,6.0,6.0,5.0,1.0,25.0,5.0,8.0,,0.72,18.055555555555554,,0.0,6.0,,0.48,12.5,76.55555555555556,BULL,BULL,BULL,False,,0.8,0.12,1.0
2026-07-29,7.0,0.0,5.0,4.0,0.0,1.0,16.0,8.0,6.0,6.0,5.0,1.0,25.0,2.0,8.0,,0.72,13.88888888888889,,0.0,6.0,,0.48,12.5,67.38888888888889,BULL,BULL,BULL,False,,0.8,0.12,1.0
2026-07-30,7.0,5.0,5.0,4.0,0.0,1.0,21.0,8.0,6.0,6.0,5.0,1.0,25.0,5.0,8.0,,0.72,18.055555555555554,,0.0,6.0,,0.48,12.5,76.55555555555556,BULL,BULL,BULL,False,,0.8,0.12,1.0
2026-07-31,7.0,5.0,5.0,4.0,0.0,1.0,21.0,,6.0,,,0.24,25.0,10.0,8.0,,0.72,25.0,,,,,0.0,,71.0,BULL,BULL,BULL,False,,0.8,0.12,1.0
2026-08-03,7.0,5.0,5.0,4.0,0.0,1.0,21.0,8.0,6.0,,5.0,0.76,25.0,10.0,8.0,7.0,1.0,25.0,,0.0,6.0,,0.48,12.5,83.5,STRONG_BULL,BULL,BULL,False,,0.8,0.12,1.0
2026-08-04,7.0,5.0,5.0,4.0,0.0,1.0,21.0,4.0,6.0,,0.0,0.76,13.157894736842104,10.0,8.0,7.0,1.0,25.0,,0.0,6.0,,0.48,12.5,71.65789473684211,BULL,BULL,BULL,False,,0.8,0.12,1.0
2026-08-05,7.0,5.0,5.0,4.0,0.0,1.0,21.0,8.0,6.0,,5.0,0.76,25.0,10.0,8.0,7.0,1.0,25.0,,0.0,6.0,,0.48,12.5,83.5,STRONG_BULL,BULL,BULL,False,,0.8,0.12,1.0
2026-08-06,7.0,5.0,5.0,4.0,0.0,1.0,21.0,8.0,6.0,,5.0,0.76,25.0,10.0,8.0,7.0,1.0,25.0,,0.0,6.0,,0.48,12.5,83.5,STRONG_BULL,STRONG_BULL,STRONG_BULL,False,,1.0,0.15,1.15
2026-08-07,7.0,5.0,5.0,4.0,0.0,1.0,21.0,8.0,6.0,6.0,5.0,1.0,25.0,10.0,8.0,7.0,1.0,25.0,,6.0,6.0,,0.48,25.0,96.0,STRONG_BULL,STRONG_BULL,STRONG_BULL,False,,1.0,0.15,1.15
2026-08-10,7.0,5.0,5.0,4.0,0.0,1.0,21.0,4.0,6.0,0.0,0.0,1.0,10.0,10.0,8.0,7.0,1.0,25.0,,6.0,6.0,,0.48,25.0,81.0,BULL,STRONG_BULL,STRONG_BULL,False,,1.0,0.15,1.15
2026-08-11,7.0,5.0,5.0,4.0,0.0,1.0,21.0,8.0,6.0,6.0,5.0,1.0,25.0,10.0,8.0,7.0,1.0,25.0,,6.0,6.0,,0.48,25.0,96.0,STRONG_BULL,STRONG_BULL,STRONG_BULL,False,,1.0,0.15,1.15
2026-08-12,7.0,5.0,5.0,4.0,0.0,1.0,21.0,8.0,6.0,6.0,5.0,1.0,25.0,10.0,8.0,7.0,1.0,25.0,,6.0,6.0,,0.48,25.0,96.0,STRONG_BULL,STRONG_BULL,STRONG_BULL,False,,1.0,0.15,1.15
2026-08-13,7.0,5.0,5.0,4.0,4.0,1.0,25.0,4.0,6.0,6.0,0.0,1.0,16.0,10.0,8.0,7.0,1.0,25.0,,6.0,6.0,,0.48,25.0,91.0,BULL,STRONG_BULL,STRONG_BULL,False,,1.0,0.15,1.15
2026-08-14,7.0,5.0,5.0,4.0,4.0,1.0,25.0,4.0,6.0,6.0,0.0,1.0,16.0,10.0,8.0,7.0,1.0,25.0,,6.0,6.0,,0.48,25.0,91.0,BULL,BULL,BULL,False,,0.8,0.12,1.0
2026-08-17,7.0,5.0,5.0,4.0,4.0,1.0,25.0,4.0,,6.0,0.0,0.76,13.157894736842104,10.0,8.0,7.0,1.0,25.0,,6.0,6.0,,0.48,25.0,88.15789473684211,BULL,BULL,BULL,False,,0.8,0.12,1.0
2026-08-18,7.0,5.0,5.0,4.0,0.0,1.0,21.0,8.0,6.0,6.0,5.0,1.0,25.0,10.0,8.0,7.0,1.0,25.0,,0.0,6.0,,0.48,12.5,83.5,STRONG_BULL,BULL,BULL,False,,0.8,0.12,1.0
2026-08-19,7.0,5.0,5.0,4.0,0.0,1.0,21.0,8.0,6.0,6.0,5.0,1.0,25.0,10.0,8.0,7.0,1.0,25.0,,6.0,6.0,,0.48,25.0,96.0,STRONG_BULL,STRONG_BULL,STRONG_BULL,False,,1.0,0.15,1.15
2026-08-20,7.0,5.0,5.0,4.0,0.0,1.0,21.0,8.0,6.0,6.0,5.0,1.0,25.0,10.0,8.0,7.0,1.0,25.0,,0.0,6.0,,0.48,12.5,83.5,STRONG_BULL,STRONG_BULL,STRONG_BULL,False,,1.0,0.15,1.15
2026-08-21,7.0,5.0,5.0,4.0,4.0,1.0,25.0,8.0,6.0,6.0,5.0,1.0,25.0,10.0,8.0,7.0,1.0,25.0,,6.0,6.0,,0.48,25.0,100.0,STRONG_BULL,STRONG_BULL,STRONG_BULL,False,,1.0,0.15,1.15
2026-08-24,7.0,5.0,5.0,4.0,4.0,1.0,25.0,4.0,6.0,6.0,0.0,1.0,16.0,10.0,8.0,7.0,1.0,25.0,,0.0,6.0,,0.48,12.5,78.5,BULL,STRONG_BULL,STRONG_BULL,False,,1.0,0.15,1.15
2026-08-25,7.0,5.0,5.0,4.0,4.0,1.0,25.0,4.0,6.0,6.0,0.0,1.0,16.0,10.0,8.0,7.0,1.0,25.0,,0.0,6.0,,0.48,12.5,78.5,BULL,BULL,BULL,False,,0.8,0.12,1.0
2026-08-26,0.0,0.0,5.0,4.0,0.0,1.0,9.0,,,,,0.0,,10.0,,,0.4,25.0,,,,,0.0,,34.0,CAUTION,BULL,BULL,False,,0.8,0.12,1.0
